order,mod,packageId,defName,label,kind,techLevel,marketValue,parent,categories,research,file
2,Core,ludeon.rimworld,TextBook,textbook,item,(none),160,BookBase,Books,,Defs\Books\BookDefs.xml
2,Core,ludeon.rimworld,Schematic,schematic,item,(none),150,BookBase,Books,,Defs\Books\BookDefs.xml
2,Core,ludeon.rimworld,Novel,novel,item,(none),160,BookBase,Books,,Defs\Books\BookDefs.xml
2,Core,ludeon.rimworld,Beer,beer,food/drug,Neolithic,12,DrugBase,Drugs,,Defs\Drugs\Alcohol_Beer.xml
2,Core,ludeon.rimworld,Wort,wort,item,(none),2.5,ResourceBase,Manufactured,,Defs\Drugs\Alcohol_Beer.xml
2,Core,ludeon.rimworld,Ambrosia,ambrosia,food/drug,Neolithic,15,DrugBase,Drugs,,Defs\Drugs\Ambrosia.xml
2,Core,ludeon.rimworld,GoJuice,go-juice,food/drug,Industrial,53,MakeableDrugBase,Drugs,GoJuiceProduction,Defs\Drugs\GoJuice.xml
2,Core,ludeon.rimworld,Luciferium,luciferium,food/drug,Ultra,70,DrugPillBase,Drugs,,Defs\Drugs\Luciferium.xml
2,Core,ludeon.rimworld,Penoxycyline,penoxycyline,food/drug,Industrial,18,MakeableDrugPillBase,Drugs,PenoxycylineProduction,Defs\Drugs\Penoxycyline.xml
2,Core,ludeon.rimworld,Flake,flake,food/drug,Industrial,14,MakeableDrugBase,Drugs,PsychiteRefining,Defs\Drugs\Psychite_Flake.xml
2,Core,ludeon.rimworld,PsychiteTea,psychite tea,food/drug,Neolithic,10,MakeableDrugBase,Drugs,PsychoidBrewing,Defs\Drugs\Psychite_Tea.xml
2,Core,ludeon.rimworld,Yayo,yayo,food/drug,Industrial,21,MakeableDrugBase,Drugs,PsychiteRefining,Defs\Drugs\Psychite_Yayo.xml
2,Core,ludeon.rimworld,SmokeleafJoint,smokeleaf joint,food/drug,Neolithic,11,MakeableDrugBase,Drugs,,Defs\Drugs\Smokeleaf.xml
2,Core,ludeon.rimworld,WakeUp,wake-up,food/drug,Industrial,35,MakeableDrugPillBase,Drugs,WakeUpProduction,Defs\Drugs\WakeUp.xml
2,Core,ludeon.rimworld,Mote_SparkThrown,Mote,mote,(none),,MoteBase,,,Defs\Effects\Effecter_Construction.xml
2,Core,ludeon.rimworld,Mote_SparkThrownFast,Mote,mote,(none),,MoteBase,,,Defs\Effects\Effecter_Damage.xml
2,Core,ludeon.rimworld,Mote_SparkThrownFastBlue,Mote,mote,(none),,MoteBase,,,Defs\Effects\Effecter_Damage.xml
2,Core,ludeon.rimworld,Mote_LongSparkThrown,Mote,mote,(none),,MoteBase,,,Defs\Effects\Effecter_Damage.xml
2,Core,ludeon.rimworld,Mote_Splash,Mote,mote,(none),,MoteBase,,,Defs\Effects\Effecter_Damage.xml
2,Core,ludeon.rimworld,Mote_ToxicDamage,Mote,mote,(none),,MoteBase,,,Defs\Effects\Effecter_Damage.xml
2,Core,ludeon.rimworld,Mote_SmokeJoint,Mote,mote,(none),,MoteBase,,,Defs\Effects\Effecter_Ingest.xml
2,Core,ludeon.rimworld,Mote_SmokeFlake,Mote,mote,(none),,MoteBase,,,Defs\Effects\Effecter_Ingest.xml
2,Core,ludeon.rimworld,Mote_ExtinguisherPuff,Mote,mote,(none),,MoteBase,,,Defs\Effects\Effecter_Misc.xml
2,Core,ludeon.rimworld,Mote_Clean,Mote,mote,(none),,MoteBase,,,Defs\Effects\Mote_Meta.xml
2,Core,ludeon.rimworld,Mote_Paint,Mote,mote,(none),,MoteBase,,,Defs\Effects\Mote_Meta.xml
2,Core,ludeon.rimworld,Mote_Sow,Mote,mote,(none),,MoteBase,,,Defs\Effects\Mote_Meta.xml
2,Core,ludeon.rimworld,Mote_Harvest,Mote,mote,(none),,MoteBase,,,Defs\Effects\Mote_Meta.xml
2,Core,ludeon.rimworld,Mote_ClearSnow,Mote,mote,(none),,MoteBase,,,Defs\Effects\Mote_Meta.xml
2,Core,ludeon.rimworld,Mote_Cards,Mote,mote,(none),,MoteBase,,,Defs\Effects\Mote_Meta.xml
2,Core,ludeon.rimworld,Mote_Stun,Mote,mote,(none),,MoteBase,,,Defs\Effects\Mote_MetaStatus.xml
2,Core,ludeon.rimworld,Mote_ColonistFleeing,Mote,mote,(none),,MoteBase,,,Defs\Effects\Mote_MetaStatus.xml
2,Core,ludeon.rimworld,Mote_ColonistAttacking,Mote,mote,(none),,MoteBase,,,Defs\Effects\Mote_MetaStatus.xml
2,Core,ludeon.rimworld,Mote_DrunkBubble,Mote,mote,(none),,MoteBase,,,Defs\Effects\Mote_MetaStatus.xml
2,Core,ludeon.rimworld,Mote_BerserkBit,Mote,mote,(none),,MoteBase,,,Defs\Effects\Mote_MetaStatus.xml
2,Core,ludeon.rimworld,Mote_Speech,Mote,mote,(none),,InteractionMoteBase,,,Defs\Effects\Mote_Special.xml
2,Core,ludeon.rimworld,Mote_Thought,Mote,mote,(none),,InteractionMoteBase,,,Defs\Effects\Mote_Special.xml
2,Core,ludeon.rimworld,Mote_ThoughtGood,Mote,mote,(none),,MoodMoteBase,,,Defs\Effects\Mote_Special.xml
2,Core,ludeon.rimworld,Mote_ThoughtBad,Mote,mote,(none),,MoodMoteBase,,,Defs\Effects\Mote_Special.xml
2,Core,ludeon.rimworld,Mote_Text,Mote,mote,(none),,MoteBase,,,Defs\Effects\Mote_Special.xml
2,Core,ludeon.rimworld,Mote_ProgressBar,Mote,mote,(none),,MoteBase,,,Defs\Effects\Mote_Special.xml
2,Core,ludeon.rimworld,Mote_ProgressBarAlwaysVisible,Mote,mote,(none),,Mote_ProgressBar,,,Defs\Effects\Mote_Special.xml
2,Core,ludeon.rimworld,Mote_TempRoof,Mote,mote,(none),,MoteBase,,,Defs\Effects\Mote_Special.xml
2,Core,ludeon.rimworld,Mote_Danger,Mote,mote,(none),,MoteBase,,,Defs\Effects\Mote_Special.xml
2,Core,ludeon.rimworld,Mote_ActivatorCountdownGlow,Mote,mote,(none),,MoteBase,,,Defs\Effects\Mote_Visual.xml
2,Core,ludeon.rimworld,Mote_ActivatorProximityGlow,Mote,mote,(none),,MoteBase,,,Defs\Effects\Mote_Visual.xml
2,Core,ludeon.rimworld,Mote_Leaf,Mote,mote,(none),,MoteBase,,,Defs\Effects\Mote_Visual.xml
2,Core,ludeon.rimworld,Mote_FoodBitVegetarian,Mote,parent:FoodBitBase,(none),,FoodBitBase,,,Defs\Effects\Mote_Visual.xml
2,Core,ludeon.rimworld,Mote_FoodBitMeat,Mote,parent:FoodBitBase,(none),,FoodBitBase,,,Defs\Effects\Mote_Visual.xml
2,Core,ludeon.rimworld,Mote_StoneBit,Mote,parent:FoodBitBase,(none),,FoodBitBase,,,Defs\Effects\Mote_Visual.xml
2,Core,ludeon.rimworld,Mote_CookBit,Mote,parent:FoodBitBase,(none),,FoodBitBase,,,Defs\Effects\Mote_Visual.xml
2,Core,ludeon.rimworld,Mote_VomitBit,Mote,parent:FoodBitBase,(none),,FoodBitBase,,,Defs\Effects\Mote_Visual.xml
2,Core,ludeon.rimworld,Mote_Bombardment,Mote,mote,(none),,MoteBase,,,Defs\Effects\Mote_Visual.xml
2,Core,ludeon.rimworld,Mote_PowerBeam,Mote,mote,(none),,MoteBase,,,Defs\Effects\Mote_Visual.xml
2,Core,ludeon.rimworld,Mote_GiantExplosion,Mote,mote,(none),,MoteBase,,,Defs\Effects\Mote_Visual.xml
2,Core,ludeon.rimworld,Mote_GiantExplosionInner,Mote,mote,(none),,MoteBase,,,Defs\Effects\Mote_Visual.xml
2,Core,ludeon.rimworld,Mote_PsychicConditionCauserEffect,Mote,mote,(none),,MoteBase,,,Defs\Effects\Mote_Visual.xml
2,Core,ludeon.rimworld,Mote_PsychicEmanatorEffect,Mote,mote,(none),,Mote_PsychicConditionCauserEffect,,,Defs\Effects\Mote_Visual.xml
2,Core,ludeon.rimworld,Mote_ForceJob,Mote,mote,(none),,MoteBase,,,Defs\Effects\Mote_Visual.xml
2,Core,ludeon.rimworld,Mote_ForceJobMaintained,Mote,parent:ForceJob,(none),,ForceJob,,,Defs\Effects\Mote_Visual.xml
2,Core,ludeon.rimworld,FlashShieldBreak,Mote,mote,(none),,MoteBase,,,Defs\Effects\Mote_Visual.xml
2,Core,ludeon.rimworld,CracksShieldBreak,Mote,mote,(none),,MoteBase,,,Defs\Effects\Mote_Visual.xml
2,Core,ludeon.rimworld,Mote_SparkThrownFastBright,Mote,mote,(none),,MoteBase,,,Defs\Effects\Mote_Visual.xml
2,Core,ludeon.rimworld,Mote_ResurrectAbility,Mote,mote,(none),,MoteBase,,,Defs\Effects\Mote_Visual.xml
2,Core,ludeon.rimworld,Mote_ResurrectFlash,Mote,mote,(none),,MoteBase,,,Defs\Effects\Mote_Visual.xml
2,Core,ludeon.rimworld,Mote_PowerCellBurning,Mote,mote,(none),,MoteBase,,,Defs\Effects\Mote_Visual.xml
2,Core,ludeon.rimworld,Mote_ForcedVisible,Mote,mote,(none),,MoteBase,,,Defs\Effects\Mote_Visual.xml
2,Core,ludeon.rimworld,GroundCrackHuge,Mote,mote,(none),,MoteBase,,,Defs\Effects\Mote_Visual.xml
2,Core,ludeon.rimworld,Mote_Hacking,Mote,mote,(none),,MoteBase,,,Defs\Effects\Mote_Visual.xml
2,Core,ludeon.rimworld,Mote_CocoonBreaking,Mote,mote,(none),,MoteCocoonBreakingBase,,,Defs\Effects\Mote_Visual.xml
2,Core,ludeon.rimworld,Mote_CocoonDestroyedMist,Mote,mote,(none),,MoteCocoonBreakingBase,,,Defs\Effects\Mote_Visual.xml
2,Core,ludeon.rimworld,Mote_CocoonDestroyedFlyingSlime,Mote,mote,(none),,MoteBase,,,Defs\Effects\Mote_Visual.xml
2,Core,ludeon.rimworld,Mote_CocoonDestroyedFlyingPiece,Mote,mote,(none),,MoteBase,,,Defs\Effects\Mote_Visual.xml
2,Core,ludeon.rimworld,Mote_AnimalWarcallDistortion,Mote,mote,(none),,MoteBase,,,Defs\Effects\Mote_Visual.xml
2,Core,ludeon.rimworld,Mote_AnimalWarcallFlash,Mote,mote,(none),,MoteBase,,,Defs\Effects\Mote_Visual.xml
2,Core,ludeon.rimworld,Mote_TerrorHalo,Mote,mote,(none),,MoteBase,,,Defs\Effects\Mote_Visual.xml
2,Core,ludeon.rimworld,ArchotechEye,archotech eye,bodypart,Archotech,2800,BodyPartArchotechBase,BodyPartsArchotech,,Defs\HediffDefs\BodyParts\Hediffs_BodyParts_Archotech.xml
2,Core,ludeon.rimworld,ArchotechArm,archotech arm,bodypart,Archotech,2800,BodyPartArchotechBase,BodyPartsArchotech,,Defs\HediffDefs\BodyParts\Hediffs_BodyParts_Archotech.xml
2,Core,ludeon.rimworld,ArchotechLeg,archotech leg,bodypart,Archotech,2800,BodyPartArchotechBase,BodyPartsArchotech,,Defs\HediffDefs\BodyParts\Hediffs_BodyParts_Archotech.xml
2,Core,ludeon.rimworld,BionicEye,bionic eye,bodypart,Spacer,,BodyPartBionicBase,BodyPartsBionic,Bionics,Defs\HediffDefs\BodyParts\Hediffs_BodyParts_Bionic.xml
2,Core,ludeon.rimworld,BionicArm,bionic arm,bodypart,Spacer,,BodyPartBionicBase,BodyPartsBionic,Bionics,Defs\HediffDefs\BodyParts\Hediffs_BodyParts_Bionic.xml
2,Core,ludeon.rimworld,BionicLeg,bionic leg,bodypart,Spacer,,BodyPartBionicBase,BodyPartsBionic,Bionics,Defs\HediffDefs\BodyParts\Hediffs_BodyParts_Bionic.xml
2,Core,ludeon.rimworld,BionicSpine,bionic spine,bodypart,Spacer,,BodyPartBionicBase,BodyPartsBionic,Bionics,Defs\HediffDefs\BodyParts\Hediffs_BodyParts_Bionic.xml
2,Core,ludeon.rimworld,BionicHeart,bionic heart,bodypart,Spacer,,BodyPartBionicBase,BodyPartsBionic,Bionics,Defs\HediffDefs\BodyParts\Hediffs_BodyParts_Bionic.xml
2,Core,ludeon.rimworld,BionicStomach,bionic stomach,bodypart,Spacer,,BodyPartBionicBase,BodyPartsBionic,Bionics,Defs\HediffDefs\BodyParts\Hediffs_BodyParts_Bionic.xml
2,Core,ludeon.rimworld,DeathAcidifier,death acidifier,bodypart,Spacer,400,BodyPartBase,BodyPartsBionic,,Defs\HediffDefs\BodyParts\Hediffs_BodyParts_Bionic.xml
2,Core,ludeon.rimworld,BionicEar,bionic ear,bodypart,Spacer,,BodyPartBionicBase,BodyPartsBionic,Bionics,Defs\HediffDefs\BodyParts\Hediffs_BodyParts_Bionic.xml
2,Core,ludeon.rimworld,BionicTongue,bionic tongue,bodypart,Spacer,,BodyPartBionicBase,BodyPartsBionic,Bionics,Defs\HediffDefs\BodyParts\Hediffs_BodyParts_Bionic.xml
2,Core,ludeon.rimworld,BionicJaw,bionic jaw,bodypart,Spacer,,BodyPartBionicBase,BodyPartsBionic,Bionics,Defs\HediffDefs\BodyParts\Hediffs_BodyParts_Bionic.xml
2,Core,ludeon.rimworld,Heart,heart,bodypart,(none),1200,BodyPartNaturalBase,BodyPartsNatural,,Defs\HediffDefs\BodyParts\Hediffs_BodyParts_Natural.xml
2,Core,ludeon.rimworld,Lung,lung,bodypart,(none),1000,BodyPartNaturalBase,BodyPartsNatural,,Defs\HediffDefs\BodyParts\Hediffs_BodyParts_Natural.xml
2,Core,ludeon.rimworld,Kidney,kidney,bodypart,(none),900,BodyPartNaturalBase,BodyPartsNatural,,Defs\HediffDefs\BodyParts\Hediffs_BodyParts_Natural.xml
2,Core,ludeon.rimworld,Liver,liver,bodypart,(none),1200,BodyPartNaturalBase,BodyPartsNatural,,Defs\HediffDefs\BodyParts\Hediffs_BodyParts_Natural.xml
2,Core,ludeon.rimworld,SimpleProstheticLeg,prosthetic leg,bodypart,Industrial,,BodyPartProstheticMakeableBase,BodyPartsProsthetic,Prosthetics,Defs\HediffDefs\BodyParts\Hediffs_BodyParts_Prosthetic.xml
2,Core,ludeon.rimworld,SimpleProstheticArm,prosthetic arm,bodypart,Industrial,,BodyPartProstheticMakeableBase,BodyPartsProsthetic,Prosthetics,Defs\HediffDefs\BodyParts\Hediffs_BodyParts_Prosthetic.xml
2,Core,ludeon.rimworld,SimpleProstheticHeart,prosthetic heart,bodypart,Industrial,,BodyPartProstheticMakeableBase,BodyPartsProsthetic,Prosthetics,Defs\HediffDefs\BodyParts\Hediffs_BodyParts_Prosthetic.xml
2,Core,ludeon.rimworld,CochlearImplant,cochlear implant,bodypart,Industrial,,BodyPartProstheticMakeableBase,BodyPartsProsthetic,Prosthetics,Defs\HediffDefs\BodyParts\Hediffs_BodyParts_Prosthetic.xml
2,Core,ludeon.rimworld,PowerClaw,power claw,bodypart,Industrial,,BodyPartProstheticBase,BodyPartsProsthetic,,Defs\HediffDefs\BodyParts\Hediffs_BodyParts_Prosthetic.xml
2,Core,ludeon.rimworld,Joywire,joywire,bodypart,Industrial,,BodyPartProstheticBase,BodyPartsProsthetic,,Defs\HediffDefs\BodyParts\Hediffs_BodyParts_Prosthetic.xml
2,Core,ludeon.rimworld,Painstopper,painstopper,bodypart,Industrial,,BodyPartProstheticBase,BodyPartsProsthetic,,Defs\HediffDefs\BodyParts\Hediffs_BodyParts_Prosthetic.xml
2,Core,ludeon.rimworld,PsychicAmplifier,psylink neuroformer,bodypart,Archotech,2600,,BodyPartsArchotech,,Defs\HediffDefs\Hediffs_Psycasts.xml
2,Core,ludeon.rimworld,AncientConcreteBarrier,ancient concrete barrier,building,(none),,BuildingBase,,,Defs\ThingDefs_Buildings\Buildings_Ancient.xml
2,Core,ludeon.rimworld,AncientLamppost,ancient lamppost,building,(none),,BuildingBase,,,Defs\ThingDefs_Buildings\Buildings_Ancient.xml
2,Core,ludeon.rimworld,Urn,urn,building,(none),,BuildingBase,BuildingsFurniture,,Defs\ThingDefs_Buildings\Buildings_Ancient.xml
2,Core,ludeon.rimworld,AncientCryptosleepPod,ancient cryptosleep pod,building,(none),,AncientCryptosleepCasket,,,Defs\ThingDefs_Buildings\Buildings_Ancient_Active.xml
2,Core,ludeon.rimworld,AncientHermeticCrate,hermetic crate,building,(none),,CrateBase,,,Defs\ThingDefs_Buildings\Buildings_Ancient_Active.xml
2,Core,ludeon.rimworld,AncientFuelNode,ancient unstable fuel node,parent:BuildingBase,(none),,BuildingBase,,,Defs\ThingDefs_Buildings\Buildings_Ancient_Active.xml
2,Core,ludeon.rimworld,AncientLamp,ancient lamp,building,(none),,BuildingBase,,,Defs\ThingDefs_Buildings\Buildings_Ancient_Indoors.xml
2,Core,ludeon.rimworld,AncientSystemRack,ancient system rack,building,(none),,BuildingBase,,,Defs\ThingDefs_Buildings\Buildings_Ancient_Indoors.xml
2,Core,ludeon.rimworld,AncientBarrel,ancient barrel,building,(none),,BuildingBase,,,Defs\ThingDefs_Buildings\Buildings_Ancient_Indoors.xml
2,Core,ludeon.rimworld,AncientBed,ancient bed,building,Medieval,,BuildingBase,,,Defs\ThingDefs_Buildings\Buildings_Ancient_Indoors.xml
2,Core,ludeon.rimworld,AncientMicrowave,ancient microwave,building,(none),,AncientSmallWalkableBuildingBase,,,Defs\ThingDefs_Buildings\Buildings_Ancient_Indoors.xml
2,Core,ludeon.rimworld,AncientKitchenSink,ancient kitchen sink,building,(none),,AncientSmallWalkableBuildingBase,,,Defs\ThingDefs_Buildings\Buildings_Ancient_Indoors.xml
2,Core,ludeon.rimworld,AncientRefrigerator,ancient refrigerator,building,(none),,AncientSmallWalkableBuildingBase,,,Defs\ThingDefs_Buildings\Buildings_Ancient_Indoors.xml
2,Core,ludeon.rimworld,AncientOven,ancient oven,building,(none),,AncientSmallWalkableBuildingBase,,,Defs\ThingDefs_Buildings\Buildings_Ancient_Indoors.xml
2,Core,ludeon.rimworld,AncientStove,ancient stove,building,(none),,AncientSmallWalkableBuildingBase,,,Defs\ThingDefs_Buildings\Buildings_Ancient_Indoors.xml
2,Core,ludeon.rimworld,AncientOperatingTable,ancient operating table,building,(none),,BuildingBase,,,Defs\ThingDefs_Buildings\Buildings_Ancient_Indoors.xml
2,Core,ludeon.rimworld,AncientMachine,ancient machine,building,(none),,NonDeconstructibleAncientBuildingBase,,,Defs\ThingDefs_Buildings\Buildings_Ancient_Indoors.xml
2,Core,ludeon.rimworld,AncientGenerator,ancient generator,building,(none),,BuildingBase,,,Defs\ThingDefs_Buildings\Buildings_Ancient_Indoors.xml
2,Core,ludeon.rimworld,AncientBasicRecharger,ancient basic recharger,building,(none),,AncientMechBuildingBase,,,Defs\ThingDefs_Buildings\Buildings_Ancient_Indoors.xml
2,Core,ludeon.rimworld,AncientStandardRecharger,ancient standard recharger,building,(none),,AncientMechBuildingBase,,,Defs\ThingDefs_Buildings\Buildings_Ancient_Indoors.xml
2,Core,ludeon.rimworld,AncientMechDropBeacon,ancient mech drop beacon,building,(none),,BuildingBase,,,Defs\ThingDefs_Buildings\Buildings_Ancient_Indoors.xml
2,Core,ludeon.rimworld,AncientSecurityTurret,ancient security turret,building,(none),,AncientBuildingBase,,,Defs\ThingDefs_Buildings\Buildings_Ancient_Indoors.xml
2,Core,ludeon.rimworld,AncientMechGestator,ancient mech gestator,building,(none),,AncientMechBuildingBase,,,Defs\ThingDefs_Buildings\Buildings_Ancient_Indoors.xml
2,Core,ludeon.rimworld,AncientMechGestatorTank,ancient mech vat,building,(none),,AncientMechBuildingBase,,,Defs\ThingDefs_Buildings\Buildings_Ancient_Indoors.xml
2,Core,ludeon.rimworld,AncientLargeMechGestator,ancient large mech gestator,building,(none),,AncientMechBuildingBase,,,Defs\ThingDefs_Buildings\Buildings_Ancient_Indoors.xml
2,Core,ludeon.rimworld,AncientLockerBank,ancient locker bank,building,(none),,BuildingBase,,,Defs\ThingDefs_Buildings\Buildings_Ancient_Indoors.xml
2,Core,ludeon.rimworld,AncientDisplayBank,ancient display bank,building,(none),,BuildingBase,,,Defs\ThingDefs_Buildings\Buildings_Ancient_Indoors.xml
2,Core,ludeon.rimworld,AncientCrate,ancient crate,building,(none),,BuildingBase,,,Defs\ThingDefs_Buildings\Buildings_Ancient_Indoors.xml
2,Core,ludeon.rimworld,AncientEquipmentBlocks,ancient equipment blocks,building,(none),,NonDeconstructibleAncientBuildingBase,,,Defs\ThingDefs_Buildings\Buildings_Ancient_Indoors.xml
2,Core,ludeon.rimworld,AncientStorageCylinder,ancient storage cylinder,building,(none),,BuildingBase,,,Defs\ThingDefs_Buildings\Buildings_Ancient_Indoors.xml
2,Core,ludeon.rimworld,AncientSpacerCrate,ancient spacer crate,building,(none),,BuildingBase,,,Defs\ThingDefs_Buildings\Buildings_Ancient_Indoors.xml
2,Core,ludeon.rimworld,AncientMilitaryCrate,ancient military crate,building,(none),,BuildingBase,,,Defs\ThingDefs_Buildings\Buildings_Ancient_Indoors.xml
2,Core,ludeon.rimworld,ChunkMechanoidSlag,mechanoid slag chunk,item,(none),,ChunkSlagSteel,Chunks,,Defs\ThingDefs_Buildings\Buildings_Ancient_Outdoors.xml
2,Core,ludeon.rimworld,AncientLargeContainer,ancient container,building,(none),,NonDeconstructibleAncientBuildingBase,,,Defs\ThingDefs_Buildings\Buildings_Ancient_Outdoors.xml
2,Core,ludeon.rimworld,AncientShipBeacon,ancient nav beacon,building,(none),,BuildingBase,,,Defs\ThingDefs_Buildings\Buildings_Ancient_Outdoors.xml
2,Core,ludeon.rimworld,AncientLargeCrate,ancient large crate,building,(none),,AncientSmallWalkableBuildingBase,,,Defs\ThingDefs_Buildings\Buildings_Ancient_Outdoors.xml
2,Core,ludeon.rimworld,AncientVendingMachine,ancient vending machine,building,(none),,AncientSmallWalkableBuildingBase,,,Defs\ThingDefs_Buildings\Buildings_Ancient_Outdoors.xml
2,Core,ludeon.rimworld,AncientToilet,ancient toilet,building,(none),,AncientSmallWalkableBuildingBase,,,Defs\ThingDefs_Buildings\Buildings_Ancient_Outdoors.xml
2,Core,ludeon.rimworld,AncientLongCrate,ancient long crate,building,(none),,AncientSmallWalkableBuildingBase,,,Defs\ThingDefs_Buildings\Buildings_Ancient_Outdoors.xml
2,Core,ludeon.rimworld,AncientSmallCrate,ancient small crate,building,(none),,AncientSmallWalkableBuildingBase,,,Defs\ThingDefs_Buildings\Buildings_Ancient_Outdoors.xml
2,Core,ludeon.rimworld,AncientMegaCannonTripod,ancient mega-cannon platform,building,(none),,NonDeconstructibleAncientBuildingBase,,,Defs\ThingDefs_Buildings\Buildings_Ancient_Outdoors.xml
2,Core,ludeon.rimworld,AncientMegaCannonBarrel,ancient mega-cannon barrel,building,(none),,AncientBuildingBase,,,Defs\ThingDefs_Buildings\Buildings_Ancient_Outdoors.xml
2,Core,ludeon.rimworld,AncientLargeRustedEngineBlock,ancient macro-engine block,building,(none),,AncientSmallWalkableBuildingBase,,,Defs\ThingDefs_Buildings\Buildings_Ancient_Outdoors.xml
2,Core,ludeon.rimworld,AncientFence,ancient fence,building,(none),,BuildingBase,,,Defs\ThingDefs_Buildings\Buildings_Ancient_Outdoors.xml
2,Core,ludeon.rimworld,AncientTank,ancient ruined tank,building,(none),,NonDeconstructibleAncientBuildingBase,,,Defs\ThingDefs_Buildings\Buildings_Ancient_Outdoors.xml
2,Core,ludeon.rimworld,AncientTankTrap,ancient tank trap,building,(none),,NonDeconstructibleAncientBuildingBase,,,Defs\ThingDefs_Buildings\Buildings_Ancient_Outdoors.xml
2,Core,ludeon.rimworld,AncientRustedEngineBlock,ancient engine block,building,(none),,AncientSmallWalkableBuildingBase,,,Defs\ThingDefs_Buildings\Buildings_Ancient_Outdoors.xml
2,Core,ludeon.rimworld,AncientShoppingCart,ancient shopping cart,building,(none),,AncientSmallWalkableBuildingBase,,,Defs\ThingDefs_Buildings\Buildings_Ancient_Outdoors.xml
2,Core,ludeon.rimworld,AncientPostbox,ancient postbox,building,(none),,AncientSmallWalkableBuildingBase,,,Defs\ThingDefs_Buildings\Buildings_Ancient_Outdoors.xml
2,Core,ludeon.rimworld,AncientAirConditioner,ancient air conditioner,building,(none),,AncientSmallWalkableBuildingBase,,,Defs\ThingDefs_Buildings\Buildings_Ancient_Outdoors.xml
2,Core,ludeon.rimworld,AncientATM,ancient ATM,building,(none),,AncientSmallWalkableBuildingBase,,,Defs\ThingDefs_Buildings\Buildings_Ancient_Outdoors.xml
2,Core,ludeon.rimworld,AncientWashingMachine,ancient washing machine,building,(none),,AncientSmallWalkableBuildingBase,,,Defs\ThingDefs_Buildings\Buildings_Ancient_Outdoors.xml
2,Core,ludeon.rimworld,AncientHydrant,ancient hydrant,building,(none),,AncientSmallWalkableBuildingBase,,,Defs\ThingDefs_Buildings\Buildings_Ancient_Outdoors.xml
2,Core,ludeon.rimworld,AncientWheel,ancient wheel,building,(none),,AncientSmallWalkableBuildingBase,,,Defs\ThingDefs_Buildings\Buildings_Ancient_Outdoors.xml
2,Core,ludeon.rimworld,AncientGiantWheel,ancient giant wheel,building,(none),,AncientSmallWalkableBuildingBase,,,Defs\ThingDefs_Buildings\Buildings_Ancient_Outdoors.xml
2,Core,ludeon.rimworld,AncientRustedCar,ancient car,building,(none),,NonDeconstructibleAncientBuildingBase,,,Defs\ThingDefs_Buildings\Buildings_Ancient_Outdoors.xml
2,Core,ludeon.rimworld,AncientRustedTruck,ancient truck,building,(none),,NonDeconstructibleAncientBuildingBase,,,Defs\ThingDefs_Buildings\Buildings_Ancient_Outdoors.xml
2,Core,ludeon.rimworld,AncientRustedJeep,ancient troop carrier,building,(none),,NonDeconstructibleAncientBuildingBase,,,Defs\ThingDefs_Buildings\Buildings_Ancient_Outdoors.xml
2,Core,ludeon.rimworld,AncientRustedCarFrame,ancient car frame,building,(none),,NonDeconstructibleAncientBuildingBase,,,Defs\ThingDefs_Buildings\Buildings_Ancient_Outdoors.xml
2,Core,ludeon.rimworld,AncientWarwalkerTorso,ancient warwalker torso,building,(none),,NonDeconstructibleAncientBuildingBase,,,Defs\ThingDefs_Buildings\Buildings_Ancient_Outdoors.xml
2,Core,ludeon.rimworld,AncientRustedDropship,ancient dropship,building,(none),,NonDeconstructibleAncientBuildingBase,,,Defs\ThingDefs_Buildings\Buildings_Ancient_Outdoors.xml
2,Core,ludeon.rimworld,AncientWarwalkerClaw,ancient warwalker claw,building,(none),,NonDeconstructibleAncientBuildingBase,,,Defs\ThingDefs_Buildings\Buildings_Ancient_Outdoors.xml
2,Core,ludeon.rimworld,AncientWarwalkerLeg,ancient warwalker leg,building,(none),,NonDeconstructibleAncientBuildingBase,,,Defs\ThingDefs_Buildings\Buildings_Ancient_Outdoors.xml
2,Core,ludeon.rimworld,AncientMiniWarwalkerRemains,ancient warsprinter remains,building,(none),,NonDeconstructibleAncientBuildingBase,,,Defs\ThingDefs_Buildings\Buildings_Ancient_Outdoors.xml
2,Core,ludeon.rimworld,AncientWarspiderRemains,ancient warspider remains,building,(none),,NonDeconstructibleAncientBuildingBase,,,Defs\ThingDefs_Buildings\Buildings_Ancient_Outdoors.xml
2,Core,ludeon.rimworld,AncientPipelineSection,ancient pipeline section,building,(none),,AncientSmallWalkableBuildingBase,,,Defs\ThingDefs_Buildings\Buildings_Ancient_Outdoors.xml
2,Core,ludeon.rimworld,AncientWarwalkerFoot,ancient warwalker foot,building,(none),,NonDeconstructibleAncientBuildingBase,,,Defs\ThingDefs_Buildings\Buildings_Ancient_Outdoors.xml
2,Core,ludeon.rimworld,AncientAPC,ancient ruined APC,building,(none),,NonDeconstructibleAncientBuildingBase,,,Defs\ThingDefs_Buildings\Buildings_Ancient_Outdoors.xml
2,Core,ludeon.rimworld,AncientWarwalkerShell,ancient warwalker shell,building,(none),,NonDeconstructibleAncientBuildingBase,,,Defs\ThingDefs_Buildings\Buildings_Ancient_Outdoors.xml
2,Core,ludeon.rimworld,AncientJetEngine,ancient jet engine,building,(none),,NonDeconstructibleAncientBuildingBase,,,Defs\ThingDefs_Buildings\Buildings_Ancient_Outdoors.xml
2,Core,ludeon.rimworld,AncientDropshipEngine,ancient dropship engine,building,(none),,NonDeconstructibleAncientBuildingBase,,,Defs\ThingDefs_Buildings\Buildings_Ancient_Outdoors.xml
2,Core,ludeon.rimworld,AncientPodCar,ancient pod car,building,(none),,NonDeconstructibleAncientBuildingBase,,,Defs\ThingDefs_Buildings\Buildings_Ancient_Outdoors.xml
2,Core,ludeon.rimworld,AncientRazorWire,ancient razor wire,building,(none),,AncientBuildingBase,,,Defs\ThingDefs_Buildings\Buildings_Ancient_Outdoors.xml
2,Core,ludeon.rimworld,AncientPipes,ancient pipes,building,(none),,BuildingBase,,,Defs\ThingDefs_Buildings\Buildings_Ancient_Outdoors.xml
2,Core,ludeon.rimworld,SculptureSmall,small sculpture,building,(none),,SculptureBase,BuildingsArt,,Defs\ThingDefs_Buildings\Buildings_Art.xml
2,Core,ludeon.rimworld,SculptureLarge,large sculpture,building,(none),,SculptureBase,BuildingsArt,,Defs\ThingDefs_Buildings\Buildings_Art.xml
2,Core,ludeon.rimworld,SculptureGrand,grand sculpture,building,(none),,SculptureBase,BuildingsArt,,Defs\ThingDefs_Buildings\Buildings_Art.xml
2,Core,ludeon.rimworld,Snowman,snowman,building,(none),0,BuildingBase,,,Defs\ThingDefs_Buildings\Buildings_Art.xml
2,Core,ludeon.rimworld,PsychicDronerShipPart,ship part (psychic droner),building,(none),,CrashedShipPartBase,,,Defs\ThingDefs_Buildings\Buildings_Exotic.xml
2,Core,ludeon.rimworld,DefoliatorShipPart,ship part (defoliator),building,(none),,CrashedShipPartBase,,,Defs\ThingDefs_Buildings\Buildings_Exotic.xml
2,Core,ludeon.rimworld,ShipChunk,ship chunk,building,(none),,BuildingBase,,,Defs\ThingDefs_Buildings\Buildings_Exotic.xml
2,Core,ludeon.rimworld,Shuttle,imperial shuttle,building,(none),,BuildingBase,,,Defs\ThingDefs_Buildings\Buildings_Exotic.xml
2,Core,ludeon.rimworld,ShuttleCrashed,crashed shuttle,building,(none),,ShuttleBase,,,Defs\ThingDefs_Buildings\Buildings_Exotic.xml
2,Core,ludeon.rimworld,SleepingSpot,sleeping spot,building,(none),,SleepingSpotBase,,,Defs\ThingDefs_Buildings\Buildings_Furniture.xml
2,Core,ludeon.rimworld,DoubleSleepingSpot,double sleeping spot,building,(none),,SleepingSpotBase,,,Defs\ThingDefs_Buildings\Buildings_Furniture.xml
2,Core,ludeon.rimworld,Bed,bed,building,Medieval,,BasicBedBase,BuildingsFurniture,ComplexFurniture,Defs\ThingDefs_Buildings\Buildings_Furniture.xml
2,Core,ludeon.rimworld,DoubleBed,double bed,building,Medieval,,BasicBedBase,BuildingsFurniture,ComplexFurniture,Defs\ThingDefs_Buildings\Buildings_Furniture.xml
2,Core,ludeon.rimworld,RoyalBed,royal bed,building,Medieval,,BasicBedBase,BuildingsFurniture,ComplexFurniture,Defs\ThingDefs_Buildings\Buildings_Furniture.xml
2,Core,ludeon.rimworld,HospitalBed,hospital bed,building,Industrial,,BedWithQualityBase,BuildingsFurniture,HospitalBed,Defs\ThingDefs_Buildings\Buildings_Furniture.xml
2,Core,ludeon.rimworld,Bedroll,bedroll,building,(none),,BedWithQualityBase,BuildingsFurniture,,Defs\ThingDefs_Buildings\Buildings_Furniture.xml
2,Core,ludeon.rimworld,BedrollDouble,double bedroll,building,(none),,BedWithQualityBase,BuildingsFurniture,,Defs\ThingDefs_Buildings\Buildings_Furniture.xml
2,Core,ludeon.rimworld,AnimalSleepingSpot,animal sleeping spot,building,(none),,BuildingBase,,,Defs\ThingDefs_Buildings\Buildings_Furniture.xml
2,Core,ludeon.rimworld,AnimalSleepingBox,animal sleeping box,building,(none),,AnimalBedFurnitureBase,BuildingsFurniture,,Defs\ThingDefs_Buildings\Buildings_Furniture.xml
2,Core,ludeon.rimworld,AnimalBed,animal bed,building,(none),,AnimalBedFurnitureBase,BuildingsFurniture,,Defs\ThingDefs_Buildings\Buildings_Furniture.xml
2,Core,ludeon.rimworld,Stool,stool,building,(none),,FurnitureWithQualityBase,BuildingsFurniture,,Defs\ThingDefs_Buildings\Buildings_Furniture.xml
2,Core,ludeon.rimworld,DiningChair,dining chair,building,(none),,ArtableFurnitureBase,BuildingsFurniture,ComplexFurniture,Defs\ThingDefs_Buildings\Buildings_Furniture.xml
2,Core,ludeon.rimworld,Armchair,armchair,building,(none),,FurnitureWithQualityBase,BuildingsFurniture,ComplexFurniture,Defs\ThingDefs_Buildings\Buildings_Furniture.xml
2,Core,ludeon.rimworld,Couch,couch,building,(none),,FurnitureWithQualityBase,BuildingsFurniture,ComplexFurniture,Defs\ThingDefs_Buildings\Buildings_Furniture.xml
2,Core,ludeon.rimworld,EndTable,end table,building,(none),,TableBase,BuildingsFurniture,ComplexFurniture,Defs\ThingDefs_Buildings\Buildings_Furniture.xml
2,Core,ludeon.rimworld,Table1x2c,table (1x2),building,(none),,TableGatherSpotBase,BuildingsFurniture,,Defs\ThingDefs_Buildings\Buildings_Furniture.xml
2,Core,ludeon.rimworld,Table2x2c,table (2x2),building,(none),,TableGatherSpotBase,BuildingsFurniture,,Defs\ThingDefs_Buildings\Buildings_Furniture.xml
2,Core,ludeon.rimworld,Table2x4c,table (2x4),building,(none),,TableGatherSpotBase,BuildingsFurniture,,Defs\ThingDefs_Buildings\Buildings_Furniture.xml
2,Core,ludeon.rimworld,Table3x3c,table (3x3),building,(none),,TableGatherSpotBase,BuildingsFurniture,,Defs\ThingDefs_Buildings\Buildings_Furniture.xml
2,Core,ludeon.rimworld,PlantPot,plant pot,building,(none),,FurnitureWithQualityBase,BuildingsFurniture,,Defs\ThingDefs_Buildings\Buildings_Furniture.xml
2,Core,ludeon.rimworld,TorchLamp,torch lamp,building,(none),,TorchBase,,,Defs\ThingDefs_Buildings\Buildings_Furniture.xml
2,Core,ludeon.rimworld,TorchWallLamp,wall torch lamp,building,(none),,TorchLamp,,,Defs\ThingDefs_Buildings\Buildings_Furniture.xml
2,Core,ludeon.rimworld,StandingLamp,standing lamp,item,(none),,LampBase,BuildingsFurniture,Electricity,Defs\ThingDefs_Buildings\Buildings_Furniture.xml
2,Core,ludeon.rimworld,SunLamp,sun lamp,item,(none),,LampBase,BuildingsFurniture,Electricity,Defs\ThingDefs_Buildings\Buildings_Furniture.xml
2,Core,ludeon.rimworld,WallLamp,wall lamp,building,(none),,LampBase,BuildingsFurniture,Electricity,Defs\ThingDefs_Buildings\Buildings_Furniture.xml
2,Core,ludeon.rimworld,FloodLight,flood light,item,(none),,LampBase,BuildingsFurniture,ColoredLights,Defs\ThingDefs_Buildings\Buildings_Furniture.xml
2,Core,ludeon.rimworld,Shelf,shelf,building,(none),,StorageShelfBase,BuildingsFurniture,ComplexFurniture,Defs\ThingDefs_Buildings\Buildings_Furniture.xml
2,Core,ludeon.rimworld,ShelfSmall,small shelf,building,(none),,StorageShelfBase,BuildingsFurniture,ComplexFurniture,Defs\ThingDefs_Buildings\Buildings_Furniture.xml
2,Core,ludeon.rimworld,Bookcase,bookcase,building,(none),,BookcaseBase,BuildingsFurniture,ComplexFurniture,Defs\ThingDefs_Buildings\Buildings_Furniture.xml
2,Core,ludeon.rimworld,BookcaseSmall,small bookcase,building,(none),,BookcaseBase,BuildingsFurniture,ComplexFurniture,Defs\ThingDefs_Buildings\Buildings_Furniture.xml
2,Core,ludeon.rimworld,Dresser,dresser,building,(none),,ArtableFurnitureBase,BuildingsFurniture,ComplexFurniture,Defs\ThingDefs_Buildings\Buildings_Furniture.xml
2,Core,ludeon.rimworld,HorseshoesPin,horseshoes pin,building,(none),,BuildingBase,BuildingsJoy,,Defs\ThingDefs_Buildings\Buildings_Joy.xml
2,Core,ludeon.rimworld,HoopstoneRing,hoopstone ring,building,(none),,BuildingBase,BuildingsJoy,,Defs\ThingDefs_Buildings\Buildings_Joy.xml
2,Core,ludeon.rimworld,GameOfUrBoard,Game-of-Ur board,building,(none),,FurnitureWithQualityBase,BuildingsFurniture,,Defs\ThingDefs_Buildings\Buildings_Joy.xml
2,Core,ludeon.rimworld,ChessTable,chess table,building,(none),,FurnitureWithQualityBase,BuildingsFurniture,ComplexFurniture,Defs\ThingDefs_Buildings\Buildings_Joy.xml
2,Core,ludeon.rimworld,PokerTable,poker table,building,(none),,FurnitureWithQualityBase,BuildingsFurniture,ComplexFurniture,Defs\ThingDefs_Buildings\Buildings_Joy.xml
2,Core,ludeon.rimworld,BilliardsTable,billiards table,building,(none),,FurnitureWithQualityBase,BuildingsFurniture,ComplexFurniture,Defs\ThingDefs_Buildings\Buildings_Joy.xml
2,Core,ludeon.rimworld,TubeTelevision,tube television,building,(none),,BuildingBase,BuildingsJoy,TubeTelevision,Defs\ThingDefs_Buildings\Buildings_Joy.xml
2,Core,ludeon.rimworld,FlatscreenTelevision,flatscreen television,building,(none),,BuildingBase,BuildingsJoy,FlatscreenTelevision,Defs\ThingDefs_Buildings\Buildings_Joy.xml
2,Core,ludeon.rimworld,MegascreenTelevision,megascreen television,building,(none),,BuildingBase,BuildingsJoy,,Defs\ThingDefs_Buildings\Buildings_Joy.xml
2,Core,ludeon.rimworld,Telescope,telescope,building,(none),350,BuildingBase,BuildingsJoy,,Defs\ThingDefs_Buildings\Buildings_Joy.xml
2,Core,ludeon.rimworld,BurningPowerCell,burning power cell,building,(none),0,MechBuildingBase,,,Defs\ThingDefs_Buildings\Buildings_Mech.xml
2,Core,ludeon.rimworld,Turret_AutoMiniTurret,mini-slugger turret,building,(none),,BuildingBase,,,Defs\ThingDefs_Buildings\Buildings_Mech.xml
2,Core,ludeon.rimworld,Gun_MiniTurretMech,mini-slugger,weapon,(none),,BaseWeaponTurret,,,Defs\ThingDefs_Buildings\Buildings_Mech.xml
2,Core,ludeon.rimworld,Bullet_MiniSlug,mini-slug,projectile,(none),,BaseBullet,,,Defs\ThingDefs_Buildings\Buildings_Mech.xml
2,Core,ludeon.rimworld,Gloomlight,mech node,building,(none),200,MechBuildingBase,BuildingsSpecial,,Defs\ThingDefs_Buildings\Buildings_Mech.xml
2,Core,ludeon.rimworld,Turret_AutoChargeBlaster,auto charge turret,building,(none),,BuildingBase,,,Defs\ThingDefs_Buildings\Buildings_Mech_Turrets.xml
2,Core,ludeon.rimworld,Gun_ChargeBlasterHeavyTurret,light charge blaster,weapon,Spacer,1400,Gun_ChargeBlasterHeavyBase,WeaponsRanged,,Defs\ThingDefs_Buildings\Buildings_Mech_Turrets.xml
2,Core,ludeon.rimworld,Turret_AutoInferno,auto inferno turret,building,(none),,BuildingBase,,,Defs\ThingDefs_Buildings\Buildings_Mech_Turrets.xml
2,Core,ludeon.rimworld,Gun_InfernoCannonTurret,inferno cannon,weapon,Spacer,1400,Gun_InfernoCannonBase,WeaponsRanged,,Defs\ThingDefs_Buildings\Buildings_Mech_Turrets.xml
2,Core,ludeon.rimworld,Turret_AutoMortar,auto mortar,building,(none),,BuildingBase,,,Defs\ThingDefs_Buildings\Buildings_Mech_Turrets.xml
2,Core,ludeon.rimworld,Artillery_AutoMortar,auto-mortar,weapon,(none),,BaseArtilleryWeapon,,,Defs\ThingDefs_Buildings\Buildings_Mech_Turrets.xml
2,Core,ludeon.rimworld,EggBox,egg box,building,(none),,BuildingBase,BuildingsMisc,,Defs\ThingDefs_Buildings\Buildings_Misc.xml
2,Core,ludeon.rimworld,OrbitalTradeBeacon,orbital trade beacon,building,(none),,BuildingBase,BuildingsMisc,MicroelectronicsBasics,Defs\ThingDefs_Buildings\Buildings_Misc.xml
2,Core,ludeon.rimworld,CommsConsole,comms console,building,(none),,BuildingBase,,MicroelectronicsBasics,Defs\ThingDefs_Buildings\Buildings_Misc.xml
2,Core,ludeon.rimworld,FirefoamPopper,firefoam popper,item,(none),,BuildingBase,BuildingsMisc,Firefoam,Defs\ThingDefs_Buildings\Buildings_Misc.xml
2,Core,ludeon.rimworld,MoisturePump,moisture pump,building,(none),,BuildingBase,,MoisturePump,Defs\ThingDefs_Buildings\Buildings_Misc.xml
2,Core,ludeon.rimworld,GroundPenetratingScanner,ground-penetrating scanner,building,(none),,BuildingBase,,GroundPenetratingScanner,Defs\ThingDefs_Buildings\Buildings_Misc.xml
2,Core,ludeon.rimworld,LongRangeMineralScanner,long-range mineral scanner,building,(none),,BuildingBase,,LongRangeMineralScanner,Defs\ThingDefs_Buildings\Buildings_Misc.xml
2,Core,ludeon.rimworld,PodLauncher,pod launcher,building,(none),,BuildingBase,,TransportPod,Defs\ThingDefs_Buildings\Buildings_Misc.xml
2,Core,ludeon.rimworld,TransportPod,transport pod,parent:BuildingBase,(none),,BuildingBase,,TransportPod,Defs\ThingDefs_Buildings\Buildings_Misc.xml
2,Core,ludeon.rimworld,MultiAnalyzer,multi-analyzer,building,(none),,BuildingBase,BuildingsMisc,MultiAnalyzer,Defs\ThingDefs_Buildings\Buildings_Misc.xml
2,Core,ludeon.rimworld,VitalsMonitor,vitals monitor,building,(none),,BuildingBase,BuildingsMisc,VitalsMonitor,Defs\ThingDefs_Buildings\Buildings_Misc.xml
2,Core,ludeon.rimworld,ToolCabinet,tool cabinet,building,(none),,BuildingBase,BuildingsMisc,ComplexFurniture,Defs\ThingDefs_Buildings\Buildings_Misc.xml
2,Core,ludeon.rimworld,Grave,grave,building,(none),,BuildingBase,,,Defs\ThingDefs_Buildings\Buildings_Misc.xml
2,Core,ludeon.rimworld,Sarcophagus,sarcophagus,building,(none),,BuildingBase,,ComplexFurniture,Defs\ThingDefs_Buildings\Buildings_Misc.xml
2,Core,ludeon.rimworld,CryptosleepCasket,cryptosleep casket,building,(none),,BuildingBase,,Cryptosleep,Defs\ThingDefs_Buildings\Buildings_Misc.xml
2,Core,ludeon.rimworld,AncientCryptosleepCasket,ancient cryptosleep casket,building,(none),,BuildingBase,,,Defs\ThingDefs_Buildings\Buildings_Misc.xml
2,Core,ludeon.rimworld,MarriageSpot,marriage spot,building,(none),,BuildingBase,,,Defs\ThingDefs_Buildings\Buildings_Misc.xml
2,Core,ludeon.rimworld,PartySpot,party spot,building,(none),,BuildingBase,,,Defs\ThingDefs_Buildings\Buildings_Misc.xml
2,Core,ludeon.rimworld,CaravanPackingSpot,caravan hitching spot,building,(none),,BuildingBase,,,Defs\ThingDefs_Buildings\Buildings_Misc.xml
2,Core,ludeon.rimworld,SteleLarge,large stele,building,(none),,SteleBase,,ComplexFurniture,Defs\ThingDefs_Buildings\Buildings_Misc.xml
2,Core,ludeon.rimworld,SteleGrand,grand stele,building,(none),,SteleBase,,ComplexFurniture,Defs\ThingDefs_Buildings\Buildings_Misc.xml
2,Core,ludeon.rimworld,PenMarker,pen marker,building,(none),,BuildingBase,BuildingsMisc,,Defs\ThingDefs_Buildings\Buildings_Misc.xml
2,Core,ludeon.rimworld,DelayedEffecterSpawner,delayed effecter spawner,other,(none),,,,,Defs\ThingDefs_Buildings\Buildings_Misc.xml
2,Core,ludeon.rimworld,CraterSmall,crater,building,(none),,CraterBase,,,Defs\ThingDefs_Buildings\Buildings_Misc.xml
2,Core,ludeon.rimworld,CraterMedium,crater,building,(none),,CraterBase,,,Defs\ThingDefs_Buildings\Buildings_Misc.xml
2,Core,ludeon.rimworld,CraterLarge,crater,building,(none),,CraterBase,,,Defs\ThingDefs_Buildings\Buildings_Misc.xml
2,Core,ludeon.rimworld,CaveExit,cave exit,building,(none),,PocketMapExit,,,Defs\ThingDefs_Buildings\Buildings_Misc.xml
2,Core,ludeon.rimworld,UnfinishedMusicalInstrument,unfinished musical instrument,item,(none),,UnfinishedBase,Unfinished,,Defs\ThingDefs_Buildings\Buildings_MusicalInstruments.xml
2,Core,ludeon.rimworld,CollapsedRocks,collapsed rocks,building,(none),,RockBase,,,Defs\ThingDefs_Buildings\Buildings_Natural.xml
2,Core,ludeon.rimworld,MineableSteel,compacted steel,building,(none),,RockBase,,,Defs\ThingDefs_Buildings\Buildings_Natural.xml
2,Core,ludeon.rimworld,MineableSilver,silver ore,building,(none),,RockBase,,,Defs\ThingDefs_Buildings\Buildings_Natural.xml
2,Core,ludeon.rimworld,MineableGold,gold ore,building,(none),,RockBase,,,Defs\ThingDefs_Buildings\Buildings_Natural.xml
2,Core,ludeon.rimworld,MineableUranium,uranium ore,building,(none),,RockBase,,,Defs\ThingDefs_Buildings\Buildings_Natural.xml
2,Core,ludeon.rimworld,MineablePlasteel,compacted plasteel,building,(none),,RockBase,,,Defs\ThingDefs_Buildings\Buildings_Natural.xml
2,Core,ludeon.rimworld,MineableJade,jade,building,(none),,RockBase,,,Defs\ThingDefs_Buildings\Buildings_Natural.xml
2,Core,ludeon.rimworld,MineableComponentsIndustrial,compacted machinery,building,(none),,RockBase,,,Defs\ThingDefs_Buildings\Buildings_Natural.xml
2,Core,ludeon.rimworld,SteamGeyser,steam geyser,building,(none),,BuildingNaturalBase,,,Defs\ThingDefs_Buildings\Buildings_Natural.xml
2,Core,ludeon.rimworld,Hive,hive,building,(none),,BuildingNaturalBase,,,Defs\ThingDefs_Buildings\Buildings_Natural.xml
2,Core,ludeon.rimworld,GlowPod,glow pod,building,(none),50,BuildingNaturalBase,BuildingsSpecial,,Defs\ThingDefs_Buildings\Buildings_Natural.xml
2,Core,ludeon.rimworld,RaisedRocks,raised rocks,building,(none),,RockBase,,,Defs\ThingDefs_Buildings\Buildings_Natural.xml
2,Core,ludeon.rimworld,CocoonMegaspider,megaspider cocoon,building,(none),,CocoonBase,,,Defs\ThingDefs_Buildings\Buildings_Natural.xml
2,Core,ludeon.rimworld,CocoonMegascarab,megascarab cocoon,building,(none),,CocoonBase,,,Defs\ThingDefs_Buildings\Buildings_Natural.xml
2,Core,ludeon.rimworld,CocoonSpelopede,spelopede cocoon,building,(none),,CocoonBase,,,Defs\ThingDefs_Buildings\Buildings_Natural.xml
2,Core,ludeon.rimworld,PowerConduit,power conduit,building,(none),,BuildingBase,,Electricity,Defs\ThingDefs_Buildings\Buildings_Power.xml
2,Core,ludeon.rimworld,HiddenConduit,hidden conduit,building,(none),,PowerConduit,,Electricity,Defs\ThingDefs_Buildings\Buildings_Power.xml
2,Core,ludeon.rimworld,WaterproofConduit,waterproof conduit,building,(none),,PowerConduit,,Electricity,Defs\ThingDefs_Buildings\Buildings_Power.xml
2,Core,ludeon.rimworld,PowerSwitch,power switch,building,(none),,BuildingBase,,Electricity,Defs\ThingDefs_Buildings\Buildings_Power.xml
2,Core,ludeon.rimworld,WoodFiredGenerator,wood-fired generator,building,(none),,BuildingBase,,Electricity,Defs\ThingDefs_Buildings\Buildings_Power.xml
2,Core,ludeon.rimworld,ChemfuelPoweredGenerator,chemfuel powered generator,building,(none),,BuildingBase,,Electricity,Defs\ThingDefs_Buildings\Buildings_Power.xml
2,Core,ludeon.rimworld,WindTurbine,wind turbine,building,(none),,BuildingBase,,Electricity,Defs\ThingDefs_Buildings\Buildings_Power.xml
2,Core,ludeon.rimworld,Battery,battery,building,(none),,BuildingBase,BuildingsPower,Batteries,Defs\ThingDefs_Buildings\Buildings_Power.xml
2,Core,ludeon.rimworld,SolarGenerator,solar generator,building,(none),,BuildingBase,,SolarPanels,Defs\ThingDefs_Buildings\Buildings_Power.xml
2,Core,ludeon.rimworld,GeothermalGenerator,geothermal generator,building,(none),,BuildingBase,,GeothermalPower,Defs\ThingDefs_Buildings\Buildings_Power.xml
2,Core,ludeon.rimworld,WatermillGenerator,watermill generator,building,(none),,BuildingBase,,WatermillGenerator,Defs\ThingDefs_Buildings\Buildings_Power.xml
2,Core,ludeon.rimworld,CraftingSpot,crafting spot,building,(none),,BuildingBase,,,Defs\ThingDefs_Buildings\Buildings_Production.xml
2,Core,ludeon.rimworld,ButcherSpot,butcher spot,building,(none),,BuildingBase,,,Defs\ThingDefs_Buildings\Buildings_Production.xml
2,Core,ludeon.rimworld,TableSculpting,art bench,building,(none),,BenchBase,BuildingsProduction,,Defs\ThingDefs_Buildings\Buildings_Production.xml
2,Core,ludeon.rimworld,TableButcher,butcher table,building,(none),,BenchBase,BuildingsProduction,,Defs\ThingDefs_Buildings\Buildings_Production.xml
2,Core,ludeon.rimworld,HandTailoringBench,hand tailor bench,building,(none),,BenchBase,BuildingsProduction,ComplexClothing,Defs\ThingDefs_Buildings\Buildings_Production.xml
2,Core,ludeon.rimworld,ElectricTailoringBench,electric tailor bench,building,(none),,BenchBase,BuildingsProduction,ComplexClothing;Electricity,Defs\ThingDefs_Buildings\Buildings_Production.xml
2,Core,ludeon.rimworld,FueledSmithy,fueled smithy,building,(none),,BenchBase,BuildingsProduction,Smithing,Defs\ThingDefs_Buildings\Buildings_Production.xml
2,Core,ludeon.rimworld,ElectricSmithy,electric smithy,building,(none),,BenchBase,BuildingsProduction,Smithing;Electricity,Defs\ThingDefs_Buildings\Buildings_Production.xml
2,Core,ludeon.rimworld,TableMachining,machining table,building,(none),,BenchBase,BuildingsProduction,Machining,Defs\ThingDefs_Buildings\Buildings_Production.xml
2,Core,ludeon.rimworld,ElectricStove,electric stove,building,(none),,BenchBase,BuildingsProduction,Electricity,Defs\ThingDefs_Buildings\Buildings_Production.xml
2,Core,ludeon.rimworld,FueledStove,fueled stove,building,(none),,BenchBase,BuildingsProduction,,Defs\ThingDefs_Buildings\Buildings_Production.xml
2,Core,ludeon.rimworld,TableStonecutter,stonecutter's table,building,(none),,BenchBase,BuildingsProduction,Stonecutting,Defs\ThingDefs_Buildings\Buildings_Production.xml
2,Core,ludeon.rimworld,Brewery,brewery,building,(none),,BenchBase,BuildingsProduction,Brewing,Defs\ThingDefs_Buildings\Buildings_Production.xml
2,Core,ludeon.rimworld,DrugLab,drug lab,building,(none),,BenchBase,BuildingsProduction,DrugProduction,Defs\ThingDefs_Buildings\Buildings_Production.xml
2,Core,ludeon.rimworld,ElectricSmelter,electric smelter,building,(none),,BenchBase,BuildingsProduction,Electricity,Defs\ThingDefs_Buildings\Buildings_Production.xml
2,Core,ludeon.rimworld,BiofuelRefinery,biofuel refinery,building,(none),,BenchBase,BuildingsProduction,BiofuelRefining,Defs\ThingDefs_Buildings\Buildings_Production.xml
2,Core,ludeon.rimworld,FabricationBench,fabrication bench,building,(none),,BenchBase,BuildingsProduction,Fabrication,Defs\ThingDefs_Buildings\Buildings_Production.xml
2,Core,ludeon.rimworld,SimpleResearchBench,simple research bench,building,(none),,BenchBase,BuildingsProduction,,Defs\ThingDefs_Buildings\Buildings_Production.xml
2,Core,ludeon.rimworld,HiTechResearchBench,hi-tech research bench,building,(none),,BenchBase,BuildingsProduction,MicroelectronicsBasics,Defs\ThingDefs_Buildings\Buildings_Production.xml
2,Core,ludeon.rimworld,ElectricCrematorium,electric crematorium,building,(none),,BuildingBase,,Electricity,Defs\ThingDefs_Buildings\Buildings_Production.xml
2,Core,ludeon.rimworld,HydroponicsBasin,hydroponics basin,building,(none),,BuildingBase,,Hydroponics,Defs\ThingDefs_Buildings\Buildings_Production.xml
2,Core,ludeon.rimworld,FermentingBarrel,fermenting barrel,building,(none),,BuildingBase,BuildingsProduction,Brewing,Defs\ThingDefs_Buildings\Buildings_Production.xml
2,Core,ludeon.rimworld,DeepDrill,deep drill,building,(none),,BuildingBase,BuildingsProduction,DeepDrilling,Defs\ThingDefs_Buildings\Buildings_Production.xml
2,Core,ludeon.rimworld,NutrientPasteDispenser,nutrient paste dispenser,building,(none),,BuildingBase,,NutrientPaste,Defs\ThingDefs_Buildings\Buildings_Production.xml
2,Core,ludeon.rimworld,Hopper,hopper,building,(none),,BuildingBase,,NutrientPaste,Defs\ThingDefs_Buildings\Buildings_Production.xml
2,Core,ludeon.rimworld,Sandbags,sandbags,building,(none),,BuildingBase,,,Defs\ThingDefs_Buildings\Buildings_Security.xml
2,Core,ludeon.rimworld,Barricade,barricade,building,(none),,BuildingBase,,,Defs\ThingDefs_Buildings\Buildings_Security.xml
2,Core,ludeon.rimworld,TrapSpike,spike trap,building,(none),,BuildingBase,BuildingsSecurity,,Defs\ThingDefs_Buildings\Buildings_Security.xml
2,Core,ludeon.rimworld,TrapIED_HighExplosive,IED trap,building,(none),,TrapIEDBase,BuildingsSecurity,IEDs,Defs\ThingDefs_Buildings\Buildings_Security.xml
2,Core,ludeon.rimworld,TrapIED_Incendiary,IED incendiary trap,building,(none),,TrapIEDBase,BuildingsSecurity,IEDs,Defs\ThingDefs_Buildings\Buildings_Security.xml
2,Core,ludeon.rimworld,TrapIED_EMP,IED EMP trap,building,(none),,TrapIEDBase,BuildingsSecurity,IEDs,Defs\ThingDefs_Buildings\Buildings_Security.xml
2,Core,ludeon.rimworld,TrapIED_Smoke,IED smoke trap,building,(none),,TrapIEDBase,BuildingsSecurity,IEDs,Defs\ThingDefs_Buildings\Buildings_Security.xml
2,Core,ludeon.rimworld,TrapIED_Firefoam,IED firefoam trap,building,(none),,TrapIEDBase,BuildingsSecurity,IEDs,Defs\ThingDefs_Buildings\Buildings_Security.xml
2,Core,ludeon.rimworld,TrapIED_AntigrainWarhead,IED antigrain warhead trap,building,(none),,TrapIEDBase,BuildingsSecurity,IEDs,Defs\ThingDefs_Buildings\Buildings_Security.xml
2,Core,ludeon.rimworld,Turret_MiniTurret,mini-turret,building,(none),,BuildingBase,BuildingsSecurity,GunTurrets,Defs\ThingDefs_Buildings\Buildings_Security_Turrets.xml
2,Core,ludeon.rimworld,Bullet_MiniTurret,mini-turret bullet,projectile,(none),,BaseBullet,,,Defs\ThingDefs_Buildings\Buildings_Security_Turrets.xml
2,Core,ludeon.rimworld,Gun_MiniTurret,mini-turret gun,weapon,(none),,BaseWeaponTurret,,,Defs\ThingDefs_Buildings\Buildings_Security_Turrets.xml
2,Core,ludeon.rimworld,Turret_Autocannon,autocannon turret,building,(none),,AutocannonTurret,,HeavyTurrets,Defs\ThingDefs_Buildings\Buildings_Security_Turrets.xml
2,Core,ludeon.rimworld,Bullet_AutocannonTurret,autocannon shell,projectile,(none),,BaseBullet,,,Defs\ThingDefs_Buildings\Buildings_Security_Turrets.xml
2,Core,ludeon.rimworld,Gun_AutocannonTurret,autocannon,weapon,(none),,BaseWeaponTurret,,,Defs\ThingDefs_Buildings\Buildings_Security_Turrets.xml
2,Core,ludeon.rimworld,Turret_Sniper,uranium slug turret,building,(none),,AutocannonTurret,,SniperTurret,Defs\ThingDefs_Buildings\Buildings_Security_Turrets.xml
2,Core,ludeon.rimworld,Bullet_TurretSniper,uranium slug,projectile,(none),,BaseBullet,,,Defs\ThingDefs_Buildings\Buildings_Security_Turrets.xml
2,Core,ludeon.rimworld,Gun_TurretSniper,uranium slug cannon,weapon,(none),,BaseWeaponTurret,,,Defs\ThingDefs_Buildings\Buildings_Security_Turrets.xml
2,Core,ludeon.rimworld,Turret_Mortar,mortar,building,(none),,BaseArtilleryBuilding,BuildingsSecurity,Mortars,Defs\ThingDefs_Buildings\Buildings_Security_Turrets.xml
2,Core,ludeon.rimworld,Artillery_Mortar,mortar,weapon,(none),,BaseArtilleryWeapon,,,Defs\ThingDefs_Buildings\Buildings_Security_Turrets.xml
2,Core,ludeon.rimworld,Turret_FoamTurret,foam turret,building,(none),,BuildingBase,BuildingsSecurity,FoamTurret,Defs\ThingDefs_Buildings\Buildings_Security_Turrets.xml
2,Core,ludeon.rimworld,Proj_Foam,foam,projectile,(none),,,,,Defs\ThingDefs_Buildings\Buildings_Security_Turrets.xml
2,Core,ludeon.rimworld,Gun_TurretFoam,foam sprayer,weapon,(none),,BaseWeaponTurret,,,Defs\ThingDefs_Buildings\Buildings_Security_Turrets.xml
2,Core,ludeon.rimworld,Turret_RocketswarmLauncher,rocketswarm launcher,building,(none),,BuildingBase,,RocketswarmLauncher,Defs\ThingDefs_Buildings\Buildings_Security_Turrets.xml
2,Core,ludeon.rimworld,Proj_Rocket,rocket,projectile,(none),,,,,Defs\ThingDefs_Buildings\Buildings_Security_Turrets.xml
2,Core,ludeon.rimworld,Gun_RocketswarmLauncher,rocketswarm tube,weapon,(none),,BaseWeaponTurret,,,Defs\ThingDefs_Buildings\Buildings_Security_Turrets.xml
2,Core,ludeon.rimworld,Ship_Beam,ship structural beam,building,(none),,BuildingBase,,ShipBasics,Defs\ThingDefs_Buildings\Buildings_Ship.xml
2,Core,ludeon.rimworld,Ship_CryptosleepCasket,ship cryptosleep casket,building,(none),,BuildingBase,,ShipCryptosleep,Defs\ThingDefs_Buildings\Buildings_Ship.xml
2,Core,ludeon.rimworld,Ship_ComputerCore,ship computer core,building,(none),,BuildingBase,,ShipComputerCore,Defs\ThingDefs_Buildings\Buildings_Ship.xml
2,Core,ludeon.rimworld,Ship_Reactor,ship reactor,building,(none),,BuildingBase,,ShipReactor,Defs\ThingDefs_Buildings\Buildings_Ship.xml
2,Core,ludeon.rimworld,Ship_Engine,ship engine,building,(none),,BuildingBase,,ShipEngine,Defs\ThingDefs_Buildings\Buildings_Ship.xml
2,Core,ludeon.rimworld,Ship_SensorCluster,sensor cluster,building,(none),,BuildingBase,,ShipSensorCluster,Defs\ThingDefs_Buildings\Buildings_Ship.xml
2,Core,ludeon.rimworld,PsychicEmanator,psychic emanator,building,(none),1300,BuildingBase,BuildingsSpecial,,Defs\ThingDefs_Buildings\Buildings_Special.xml
2,Core,ludeon.rimworld,VanometricPowerCell,vanometric power cell,item,(none),1200,BuildingBase,BuildingsSpecial,,Defs\ThingDefs_Buildings\Buildings_Special.xml
2,Core,ludeon.rimworld,InfiniteChemreactor,infinite chemreactor,building,(none),1500,BuildingBase,BuildingsSpecial,,Defs\ThingDefs_Buildings\Buildings_Special.xml
2,Core,ludeon.rimworld,Door,door,building,(none),,DoorBase,,,Defs\ThingDefs_Buildings\Buildings_Structure.xml
2,Core,ludeon.rimworld,Autodoor,autodoor,building,(none),,DoorBase,,Autodoors,Defs\ThingDefs_Buildings\Buildings_Structure.xml
2,Core,ludeon.rimworld,AnimalFlap,animal flap,building,(none),,DoorBase,,,Defs\ThingDefs_Buildings\Buildings_Structure.xml
2,Core,ludeon.rimworld,OrnateDoor,ornate door,building,(none),,DoorBase,,ComplexFurniture,Defs\ThingDefs_Buildings\Buildings_Structure.xml
2,Core,ludeon.rimworld,Wall,wall,building,(none),,BuildingBase,,,Defs\ThingDefs_Buildings\Buildings_Structure.xml
2,Core,ludeon.rimworld,Fence,fence,building,(none),,BuildingBase,,,Defs\ThingDefs_Buildings\Buildings_Structure.xml
2,Core,ludeon.rimworld,FenceGate,fence gate,building,(none),,DoorBase,,,Defs\ThingDefs_Buildings\Buildings_Structure.xml
2,Core,ludeon.rimworld,Column,column,building,(none),,BuildingBase,,,Defs\ThingDefs_Buildings\Buildings_Structure.xml
2,Core,ludeon.rimworld,Campfire,campfire,building,(none),,BuildingBase,,,Defs\ThingDefs_Buildings\Buildings_Temperature.xml
2,Core,ludeon.rimworld,PassiveCooler,passive cooler,building,(none),,BuildingBase,,PassiveCooler,Defs\ThingDefs_Buildings\Buildings_Temperature.xml
2,Core,ludeon.rimworld,Heater,heater,building,(none),,BuildingBase,BuildingsTemperature,Electricity,Defs\ThingDefs_Buildings\Buildings_Temperature.xml
2,Core,ludeon.rimworld,Cooler,cooler,building,(none),,BuildingBase,,AirConditioning,Defs\ThingDefs_Buildings\Buildings_Temperature.xml
2,Core,ludeon.rimworld,Vent,vent,building,(none),,BuildingBase,,ComplexFurniture,Defs\ThingDefs_Buildings\Buildings_Temperature.xml
2,Core,ludeon.rimworld,PsychicAnimalPulser,psychic animal pulser,item,Archotech,700,ArtifactBase,Artifacts,,Defs\ThingDefs_Items\Items_Artifacts.xml
2,Core,ludeon.rimworld,PsychicSoothePulser,psychic soothe pulser,item,Archotech,600,ArtifactBase,Artifacts,,Defs\ThingDefs_Items\Items_Artifacts.xml
2,Core,ludeon.rimworld,AIPersonaCore,persona core,item,Ultra,4000,ResourceBase,ItemsMisc,,Defs\ThingDefs_Items\Items_Exotic.xml
2,Core,ludeon.rimworld,MechSerumHealer,healer mech serum,item,Ultra,1300,MechSerumBase,Drugs,,Defs\ThingDefs_Items\Items_Exotic.xml
2,Core,ludeon.rimworld,MechSerumResurrector,resurrector mech serum,item,Ultra,1700,MechSerumBase,Drugs,,Defs\ThingDefs_Items\Items_Exotic.xml
2,Core,ludeon.rimworld,TechprofSubpersonaCore,techprof subpersona core,item,Ultra,1000,ResourceBase,ItemsMisc,,Defs\ThingDefs_Items\Items_Exotic.xml
2,Core,ludeon.rimworld,ThrumboHorn,thrumbo horn,item,Neolithic,800,ResourceVerbBase,ItemsMisc,,Defs\ThingDefs_Items\Items_Exotic.xml
2,Core,ludeon.rimworld,ElephantTusk,elephant tusk,item,Neolithic,80,ResourceVerbBase,ItemsMisc,,Defs\ThingDefs_Items\Items_Exotic.xml
2,Core,ludeon.rimworld,MealSurvivalPack,packaged survival meal,food/drug,(none),24,MealBase,FoodMeals,,Defs\ThingDefs_Items\Items_Food.xml
2,Core,ludeon.rimworld,MealNutrientPaste,nutrient paste meal,food/drug,(none),10,MealBase,FoodMeals,,Defs\ThingDefs_Items\Items_Food.xml
2,Core,ludeon.rimworld,MealSimple,simple meal,food/drug,(none),15,MealCooked,FoodMeals,,Defs\ThingDefs_Items\Items_Food.xml
2,Core,ludeon.rimworld,MealFine,fine meal,food/drug,(none),20,MealFineBase,FoodMeals,,Defs\ThingDefs_Items\Items_Food.xml
2,Core,ludeon.rimworld,MealFine_Veg,vegetarian fine meal,food/drug,(none),20,MealFineBase,FoodMeals,,Defs\ThingDefs_Items\Items_Food.xml
2,Core,ludeon.rimworld,MealFine_Meat,carnivore fine meal,food/drug,(none),20,MealFineBase,FoodMeals,,Defs\ThingDefs_Items\Items_Food.xml
2,Core,ludeon.rimworld,MealLavish,lavish meal,food/drug,(none),40,MealLavishBase,FoodMeals,,Defs\ThingDefs_Items\Items_Food.xml
2,Core,ludeon.rimworld,MealLavish_Veg,vegetarian lavish meal,food/drug,(none),40,MealLavishBase,FoodMeals,,Defs\ThingDefs_Items\Items_Food.xml
2,Core,ludeon.rimworld,MealLavish_Meat,carnivore lavish meal,food/drug,(none),40,MealLavishBase,FoodMeals,,Defs\ThingDefs_Items\Items_Food.xml
2,Core,ludeon.rimworld,Kibble,kibble,food/drug,(none),1.1,OrganicProductBase,Foods,,Defs\ThingDefs_Items\Items_Food.xml
2,Core,ludeon.rimworld,Pemmican,pemmican,food/drug,(none),1.4,OrganicProductBase,Foods,,Defs\ThingDefs_Items\Items_Food.xml
2,Core,ludeon.rimworld,Chocolate,chocolate,food/drug,(none),3,ResourceBase,Foods,,Defs\ThingDefs_Items\Items_Luxury.xml
2,Core,ludeon.rimworld,Milk,milk,food/drug,(none),1.9,OrganicProductBase,AnimalProductRaw,,Defs\ThingDefs_Items\Items_Resource_AnimalProduct.xml
2,Core,ludeon.rimworld,InsectJelly,insect jelly,food/drug,(none),8.0,OrganicProductBase,AnimalProductRaw,,Defs\ThingDefs_Items\Items_Resource_AnimalProduct.xml
2,Core,ludeon.rimworld,Skull,skull,item,(none),5,ResourceBase,ItemsMisc,,Defs\ThingDefs_Items\Items_Resource_AnimalProduct.xml
2,Core,ludeon.rimworld,EggChickenUnfertilized,chicken egg (unfert.),food/drug,(none),7.0,EggUnfertBase,EggsUnfertilized,,Defs\ThingDefs_Items\Items_Resource_AnimalProduct.xml
2,Core,ludeon.rimworld,EggChickenFertilized,chicken egg (fert.),food/drug,(none),7.0,EggFertBase,EggsFertilized,,Defs\ThingDefs_Items\Items_Resource_AnimalProduct.xml
2,Core,ludeon.rimworld,EggCobraFertilized,cobra egg (fert.),food/drug,(none),20.0,EggFertBase,EggsFertilized,,Defs\ThingDefs_Items\Items_Resource_AnimalProduct.xml
2,Core,ludeon.rimworld,EggCobraUnfertilized,cobra egg (unfert.),food/drug,(none),14.0,EggUnfertBase,EggsUnfertilized,,Defs\ThingDefs_Items\Items_Resource_AnimalProduct.xml
2,Core,ludeon.rimworld,EggIguanaFertilized,iguana egg (fert.),food/drug,(none),25.0,EggFertBase,EggsFertilized,,Defs\ThingDefs_Items\Items_Resource_AnimalProduct.xml
2,Core,ludeon.rimworld,EggIguanaUnfertilized,iguana egg (unfert.),food/drug,(none),17.0,EggUnfertBase,EggsUnfertilized,,Defs\ThingDefs_Items\Items_Resource_AnimalProduct.xml
2,Core,ludeon.rimworld,EggTortoiseFertilized,tortoise egg (fert.),food/drug,(none),23.0,EggFertBase,EggsFertilized,,Defs\ThingDefs_Items\Items_Resource_AnimalProduct.xml
2,Core,ludeon.rimworld,EggTortoiseUnfertilized,tortoise egg (unfert.),food/drug,(none),17.0,EggUnfertBase,EggsUnfertilized,,Defs\ThingDefs_Items\Items_Resource_AnimalProduct.xml
2,Core,ludeon.rimworld,EggCassowaryFertilized,cassowary egg (fert.),food/drug,(none),19.0,EggFertBase,EggsFertilized,,Defs\ThingDefs_Items\Items_Resource_AnimalProduct.xml
2,Core,ludeon.rimworld,EggCassowaryUnfertilized,cassowary egg (unfert.),food/drug,(none),14.0,EggUnfertBase,EggsUnfertilized,,Defs\ThingDefs_Items\Items_Resource_AnimalProduct.xml
2,Core,ludeon.rimworld,EggEmuFertilized,emu egg (fert.),food/drug,(none),18.0,EggFertBase,EggsFertilized,,Defs\ThingDefs_Items\Items_Resource_AnimalProduct.xml
2,Core,ludeon.rimworld,EggEmuUnfertilized,emu egg (unfert.),food/drug,(none),12.0,EggUnfertBase,EggsUnfertilized,,Defs\ThingDefs_Items\Items_Resource_AnimalProduct.xml
2,Core,ludeon.rimworld,EggOstrichFertilized,ostrich egg (fert.),food/drug,(none),23.0,EggFertBase,EggsFertilized,,Defs\ThingDefs_Items\Items_Resource_AnimalProduct.xml
2,Core,ludeon.rimworld,EggOstrichUnfertilized,ostrich egg (unfert.),food/drug,(none),15.0,EggUnfertBase,EggsUnfertilized,,Defs\ThingDefs_Items\Items_Resource_AnimalProduct.xml
2,Core,ludeon.rimworld,EggTurkeyFertilized,turkey egg (fert.),food/drug,(none),11.0,EggFertBase,EggsFertilized,,Defs\ThingDefs_Items\Items_Resource_AnimalProduct.xml
2,Core,ludeon.rimworld,EggTurkeyUnfertilized,turkey egg (unfert.),food/drug,(none),7.0,EggUnfertBase,EggsUnfertilized,,Defs\ThingDefs_Items\Items_Resource_AnimalProduct.xml
2,Core,ludeon.rimworld,EggDuckUnfertilized,duck egg (unfert.),food/drug,(none),7.0,EggUnfertBase,EggsUnfertilized,,Defs\ThingDefs_Items\Items_Resource_AnimalProduct.xml
2,Core,ludeon.rimworld,EggDuckFertilized,duck egg (fert.),food/drug,(none),7.0,EggFertBase,EggsFertilized,,Defs\ThingDefs_Items\Items_Resource_AnimalProduct.xml
2,Core,ludeon.rimworld,EggGooseUnfertilized,goose egg (unfert.),food/drug,(none),9.0,EggUnfertBase,EggsUnfertilized,,Defs\ThingDefs_Items\Items_Resource_AnimalProduct.xml
2,Core,ludeon.rimworld,EggGooseFertilized,goose egg (fert.),food/drug,(none),11.0,EggFertBase,EggsFertilized,,Defs\ThingDefs_Items\Items_Resource_AnimalProduct.xml
2,Core,ludeon.rimworld,MedicineHerbal,herbal medicine,item,Neolithic,10,MedicineBase,Medicine,,Defs\ThingDefs_Items\Items_Resource_Manufactured.xml
2,Core,ludeon.rimworld,MedicineIndustrial,medicine,item,Industrial,18,MedicineBase,Medicine,MedicineProduction,Defs\ThingDefs_Items\Items_Resource_Manufactured.xml
2,Core,ludeon.rimworld,MedicineUltratech,glitterworld medicine,item,Ultra,50,MedicineBase,Medicine,,Defs\ThingDefs_Items\Items_Resource_Manufactured.xml
2,Core,ludeon.rimworld,ComponentIndustrial,component,item,(none),32,ResourceBase,Manufactured,,Defs\ThingDefs_Items\Items_Resource_Manufactured.xml
2,Core,ludeon.rimworld,ComponentSpacer,advanced component,item,(none),200,ResourceBase,Manufactured,,Defs\ThingDefs_Items\Items_Resource_Manufactured.xml
2,Core,ludeon.rimworld,Neutroamine,neutroamine,item,(none),6,ResourceBase,Manufactured,,Defs\ThingDefs_Items\Items_Resource_Manufactured.xml
2,Core,ludeon.rimworld,Chemfuel,chemfuel,item,(none),2.3,ResourceBase,Manufactured,,Defs\ThingDefs_Items\Items_Resource_Manufactured.xml
2,Core,ludeon.rimworld,ReinforcedBarrel,reinforced barrel,item,(none),600,ResourceBase,ItemsMisc,,Defs\ThingDefs_Items\Items_Resource_Manufactured.xml
2,Core,ludeon.rimworld,RawPotatoes,potatoes,food/drug,(none),1.1,PlantFoodRawBase,PlantFoodRaw,,Defs\ThingDefs_Items\Items_Resource_RawPlant.xml
2,Core,ludeon.rimworld,RawFungus,raw fungus,food/drug,(none),1.1,PlantFoodRawBase,PlantFoodRaw,,Defs\ThingDefs_Items\Items_Resource_RawPlant.xml
2,Core,ludeon.rimworld,RawRice,rice,food/drug,(none),1.1,PlantFoodRawBase,PlantFoodRaw,,Defs\ThingDefs_Items\Items_Resource_RawPlant.xml
2,Core,ludeon.rimworld,RawAgave,agave fruit,food/drug,(none),1.1,PlantFoodRawBase,PlantFoodRaw,,Defs\ThingDefs_Items\Items_Resource_RawPlant.xml
2,Core,ludeon.rimworld,RawCorn,corn,food/drug,(none),1.1,PlantFoodRawBase,PlantFoodRaw,,Defs\ThingDefs_Items\Items_Resource_RawPlant.xml
2,Core,ludeon.rimworld,RawBerries,berries,food/drug,(none),1.2,PlantFoodRawBase,PlantFoodRaw,,Defs\ThingDefs_Items\Items_Resource_RawPlant.xml
2,Core,ludeon.rimworld,Hay,hay,food/drug,(none),0.6,RoughPlantBase,Foods,,Defs\ThingDefs_Items\Items_Resource_RawPlant.xml
2,Core,ludeon.rimworld,RawHops,hops,food/drug,(none),1.3,RoughPlantBase,PlantMatter,,Defs\ThingDefs_Items\Items_Resource_RawPlant.xml
2,Core,ludeon.rimworld,PsychoidLeaves,psychoid leaves,food/drug,(none),1.9,RoughPlantBase,PlantMatter,,Defs\ThingDefs_Items\Items_Resource_RawPlant.xml
2,Core,ludeon.rimworld,SmokeleafLeaves,smokeleaf leaves,food/drug,(none),1.6,RoughPlantBase,PlantMatter,,Defs\ThingDefs_Items\Items_Resource_RawPlant.xml
2,Core,ludeon.rimworld,Shell_HighExplosive,high-explosive shell,item,Industrial,55,MakeableShellBase,MortarShells,Mortars,Defs\ThingDefs_Items\Items_Resource_Shell.xml
2,Core,ludeon.rimworld,Bullet_Shell_HighExplosive,high-explosive shell,projectile,(none),,BaseBullet,,,Defs\ThingDefs_Items\Items_Resource_Shell.xml
2,Core,ludeon.rimworld,Shell_Incendiary,incendiary shell,item,Industrial,55,MakeableShellBase,MortarShells,Mortars,Defs\ThingDefs_Items\Items_Resource_Shell.xml
2,Core,ludeon.rimworld,Bullet_Shell_Incendiary,incendiary shell,projectile,(none),,BaseBullet,,,Defs\ThingDefs_Items\Items_Resource_Shell.xml
2,Core,ludeon.rimworld,Shell_EMP,EMP shell,item,Industrial,55,MakeableShellBase,MortarShells,MicroelectronicsBasics,Defs\ThingDefs_Items\Items_Resource_Shell.xml
2,Core,ludeon.rimworld,Bullet_Shell_EMP,EMP shell,projectile,(none),,BaseBullet,,,Defs\ThingDefs_Items\Items_Resource_Shell.xml
2,Core,ludeon.rimworld,Shell_Smoke,smoke shell,item,Industrial,55,MakeableShellBase,MortarShells,Mortars,Defs\ThingDefs_Items\Items_Resource_Shell.xml
2,Core,ludeon.rimworld,Bullet_Shell_Smoke,smoke shell,projectile,(none),,BaseBullet,,,Defs\ThingDefs_Items\Items_Resource_Shell.xml
2,Core,ludeon.rimworld,Shell_Firefoam,firefoam shell,item,Industrial,55,MakeableShellBase,MortarShells,Firefoam,Defs\ThingDefs_Items\Items_Resource_Shell.xml
2,Core,ludeon.rimworld,Bullet_Shell_Firefoam,firefoam shell,projectile,(none),,BaseBullet,,,Defs\ThingDefs_Items\Items_Resource_Shell.xml
2,Core,ludeon.rimworld,Shell_AntigrainWarhead,antigrain warhead,item,Spacer,1200,ShellBase,MortarShells,,Defs\ThingDefs_Items\Items_Resource_Shell.xml
2,Core,ludeon.rimworld,Bullet_Shell_AntigrainWarhead,antigrain warhead,projectile,(none),,BaseBullet,,,Defs\ThingDefs_Items\Items_Resource_Shell.xml
2,Core,ludeon.rimworld,Silver,silver,item,(none),1,ResourceBase,ResourcesRaw,,Defs\ThingDefs_Items\Items_Resource_Stuff.xml
2,Core,ludeon.rimworld,Gold,gold,item,(none),10,ResourceBase,ResourcesRaw,,Defs\ThingDefs_Items\Items_Resource_Stuff.xml
2,Core,ludeon.rimworld,Steel,steel,item,(none),1.9,ResourceBase,ResourcesRaw,,Defs\ThingDefs_Items\Items_Resource_Stuff.xml
2,Core,ludeon.rimworld,Plasteel,plasteel,item,(none),9,ResourceBase,ResourcesRaw,,Defs\ThingDefs_Items\Items_Resource_Stuff.xml
2,Core,ludeon.rimworld,WoodLog,wood,item,Neolithic,1.2,ResourceVerbBase,ResourcesRaw,,Defs\ThingDefs_Items\Items_Resource_Stuff.xml
2,Core,ludeon.rimworld,Uranium,uranium,item,(none),6,ResourceBase,ResourcesRaw,,Defs\ThingDefs_Items\Items_Resource_Stuff.xml
2,Core,ludeon.rimworld,Jade,jade,item,(none),5,ResourceBase,ResourcesRaw,,Defs\ThingDefs_Items\Items_Resource_Stuff.xml
2,Core,ludeon.rimworld,Cloth,cloth,item,(none),1.5,ResourceBase,Textiles,,Defs\ThingDefs_Items\Items_Resource_Stuff.xml
2,Core,ludeon.rimworld,Synthread,synthread,item,(none),4,ResourceBase,Textiles,,Defs\ThingDefs_Items\Items_Resource_Stuff.xml
2,Core,ludeon.rimworld,DevilstrandCloth,devilstrand,item,(none),5.5,ResourceBase,Textiles,,Defs\ThingDefs_Items\Items_Resource_Stuff.xml
2,Core,ludeon.rimworld,Hyperweave,hyperweave,item,(none),9,ResourceBase,Textiles,,Defs\ThingDefs_Items\Items_Resource_Stuff.xml
2,Core,ludeon.rimworld,WoolSheep,sheep wool,item,(none),2.7,WoolBase,Wools,,Defs\ThingDefs_Items\Items_Resource_Stuff.xml
2,Core,ludeon.rimworld,WoolAlpaca,alpaca wool,item,(none),3.8,WoolBase,Wools,,Defs\ThingDefs_Items\Items_Resource_Stuff.xml
2,Core,ludeon.rimworld,WoolMegasloth,megasloth wool,item,(none),2.7,WoolBase,Wools,,Defs\ThingDefs_Items\Items_Resource_Stuff.xml
2,Core,ludeon.rimworld,WoolMuffalo,muffalo wool,item,(none),2.7,WoolBase,Wools,,Defs\ThingDefs_Items\Items_Resource_Stuff.xml
2,Core,ludeon.rimworld,WoolBison,bison wool,item,(none),2.7,WoolBase,Wools,,Defs\ThingDefs_Items\Items_Resource_Stuff.xml
2,Core,ludeon.rimworld,Leather_Plain,plainleather,item,(none),2.1,LeatherBase,Leathers,,Defs\ThingDefs_Items\Items_Resource_Stuff_Leather.xml
2,Core,ludeon.rimworld,Leather_Dog,dog leather,item,(none),2.0,LeatherBase,Leathers,,Defs\ThingDefs_Items\Items_Resource_Stuff_Leather.xml
2,Core,ludeon.rimworld,Leather_Wolf,wolfskin,item,(none),3.0,LeatherBase,Leathers,,Defs\ThingDefs_Items\Items_Resource_Stuff_Leather.xml
2,Core,ludeon.rimworld,Leather_Panthera,panthera fur,item,(none),3.0,LeatherBase,Leathers,,Defs\ThingDefs_Items\Items_Resource_Stuff_Leather.xml
2,Core,ludeon.rimworld,Leather_Camel,camelhide,item,(none),2.3,LeatherBase,Leathers,,Defs\ThingDefs_Items\Items_Resource_Stuff_Leather.xml
2,Core,ludeon.rimworld,Leather_Bluefur,bluefur,item,(none),2.3,LeatherBase,Leathers,,Defs\ThingDefs_Items\Items_Resource_Stuff_Leather.xml
2,Core,ludeon.rimworld,Leather_Bear,bearskin,item,(none),3.4,LeatherBase,Leathers,,Defs\ThingDefs_Items\Items_Resource_Stuff_Leather.xml
2,Core,ludeon.rimworld,Leather_GuineaPig,guinea pig fur,item,(none),5,LeatherBase,Leathers,,Defs\ThingDefs_Items\Items_Resource_Stuff_Leather.xml
2,Core,ludeon.rimworld,Leather_Human,human leather,item,(none),4.2,LeatherBase,Leathers,,Defs\ThingDefs_Items\Items_Resource_Stuff_Leather.xml
2,Core,ludeon.rimworld,Leather_Pig,pigskin,item,(none),1.9,LeatherBase,Leathers,,Defs\ThingDefs_Items\Items_Resource_Stuff_Leather.xml
2,Core,ludeon.rimworld,Leather_Light,lightleather,item,(none),1.9,LeatherBase,Leathers,,Defs\ThingDefs_Items\Items_Resource_Stuff_Leather.xml
2,Core,ludeon.rimworld,Leather_Bird,birdskin,item,(none),1.8,LeatherBase,Leathers,,Defs\ThingDefs_Items\Items_Resource_Stuff_Leather.xml
2,Core,ludeon.rimworld,Leather_Chinchilla,chinchilla fur,item,(none),6.5,LeatherBase,Leathers,,Defs\ThingDefs_Items\Items_Resource_Stuff_Leather.xml
2,Core,ludeon.rimworld,Leather_Fox,foxfur,item,(none),3.5,LeatherBase,Leathers,,Defs\ThingDefs_Items\Items_Resource_Stuff_Leather.xml
2,Core,ludeon.rimworld,Leather_Lizard,lizardskin,item,(none),2.1,LeatherBase,Leathers,,Defs\ThingDefs_Items\Items_Resource_Stuff_Leather.xml
2,Core,ludeon.rimworld,Leather_Elephant,elephant leather,item,(none),3.0,LeatherBase,Leathers,,Defs\ThingDefs_Items\Items_Resource_Stuff_Leather.xml
2,Core,ludeon.rimworld,Leather_Heavy,heavy fur,item,(none),3.3,LeatherBase,Leathers,,Defs\ThingDefs_Items\Items_Resource_Stuff_Leather.xml
2,Core,ludeon.rimworld,Leather_Rhinoceros,rhinoceros leather,item,(none),4.2,LeatherBase,Leathers,,Defs\ThingDefs_Items\Items_Resource_Stuff_Leather.xml
2,Core,ludeon.rimworld,Leather_Thrumbo,thrumbofur,item,(none),14.0,LeatherBase,Leathers,,Defs\ThingDefs_Items\Items_Resource_Stuff_Leather.xml
2,Core,ludeon.rimworld,Leather_Patch,patchleather,item,(none),1.5,LeatherBase,Leathers,,Defs\ThingDefs_Items\Items_Resource_Stuff_Leather.xml
2,Core,ludeon.rimworld,UnfinishedSculpture,unfinished sculpture,item,(none),,UnfinishedBase,Unfinished,,Defs\ThingDefs_Items\Items_Unfinished.xml
2,Core,ludeon.rimworld,UnfinishedGun,unfinished gun,item,(none),,UnfinishedBase,Unfinished,,Defs\ThingDefs_Items\Items_Unfinished.xml
2,Core,ludeon.rimworld,UnfinishedWeapon,unfinished weapon,item,(none),,UnfinishedBase,Unfinished,,Defs\ThingDefs_Items\Items_Unfinished.xml
2,Core,ludeon.rimworld,UnfinishedArmor,unfinished simple armor,item,(none),,UnfinishedBase,Unfinished,,Defs\ThingDefs_Items\Items_Unfinished.xml
2,Core,ludeon.rimworld,UnfinishedTechArmor,unfinished advanced armor,item,(none),,UnfinishedBase,Unfinished,,Defs\ThingDefs_Items\Items_Unfinished.xml
2,Core,ludeon.rimworld,UnfinishedMetallicTechArmor,unfinished metal armor,item,(none),,UnfinishedTechArmor,Unfinished,,Defs\ThingDefs_Items\Items_Unfinished.xml
2,Core,ludeon.rimworld,UnfinishedApparel,unfinished apparel,item,(none),,UnfinishedBase,Unfinished,,Defs\ThingDefs_Items\Items_Unfinished.xml
2,Core,ludeon.rimworld,UnfinishedBelt,unfinished belt,item,(none),,UnfinishedBase,Unfinished,,Defs\ThingDefs_Items\Items_Unfinished.xml
2,Core,ludeon.rimworld,UnfinishedPack,unfinished pack,item,(none),,UnfinishedBase,Unfinished,,Defs\ThingDefs_Items\Items_Unfinished.xml
2,Core,ludeon.rimworld,UnfinishedComponent,unfinished component,item,(none),,UnfinishedBase,Unfinished,,Defs\ThingDefs_Items\Items_Unfinished.xml
2,Core,ludeon.rimworld,UnfinishedHealthItemProsthetic,unfinished prosthetic,item,(none),,UnfinishedBase,Unfinished,,Defs\ThingDefs_Items\Items_Unfinished.xml
2,Core,ludeon.rimworld,UnfinishedHealthItemBionic,unfinished bionic,item,(none),,UnfinishedBase,Unfinished,,Defs\ThingDefs_Items\Items_Unfinished.xml
2,Core,ludeon.rimworld,UnfinishedMask,unfinished mask,item,(none),,UnfinishedBase,Unfinished,,Defs\ThingDefs_Items\Items_Unfinished.xml
2,Core,ludeon.rimworld,MinifiedThing,minified thing,other,(none),,,,,Defs\ThingDefs_Items\Items_Unfinished.xml
2,Core,ludeon.rimworld,MinifiedThingRealtimeDraw,minified thing,parent:MinifiedThing,(none),,MinifiedThing,,,Defs\ThingDefs_Items\Items_Unfinished.xml
2,Core,ludeon.rimworld,MinifiedTree,minified tree,parent:MinifiedThing,(none),,MinifiedThing,,,Defs\ThingDefs_Items\Items_Unfinished.xml
2,Core,ludeon.rimworld,Apparel_ShieldBelt,shield belt,apparel,Spacer,,ApparelBase,ApparelUtility,ShieldBelt,Defs\ThingDefs_Misc\Apparel_Belts.xml
2,Core,ludeon.rimworld,Apparel_CowboyHat,cowboy hat,apparel,Medieval,,HatMakeableBase,Headgear,ComplexClothing,Defs\ThingDefs_Misc\Apparel_Headgear.xml
2,Core,ludeon.rimworld,Apparel_BowlerHat,bowler hat,apparel,Medieval,,CowboyHat,Headgear,ComplexClothing,Defs\ThingDefs_Misc\Apparel_Headgear.xml
2,Core,ludeon.rimworld,Apparel_TribalHeaddress,tribal headdress,apparel,Neolithic,,HatMakeableBase,Headgear,,Defs\ThingDefs_Misc\Apparel_Headgear.xml
2,Core,ludeon.rimworld,Apparel_Tuque,tuque,apparel,Medieval,,HatMakeableBase,Headgear,ComplexClothing,Defs\ThingDefs_Misc\Apparel_Headgear.xml
2,Core,ludeon.rimworld,Apparel_WarMask,war mask,apparel,Neolithic,,HatMakeableBase,Headgear,,Defs\ThingDefs_Misc\Apparel_Headgear.xml
2,Core,ludeon.rimworld,Apparel_WarVeil,veil,apparel,Neolithic,,HatMakeableBase,Headgear,,Defs\ThingDefs_Misc\Apparel_Headgear.xml
2,Core,ludeon.rimworld,Apparel_SimpleHelmet,simple helmet,apparel,Industrial,,ArmorHelmetMakeableBase,ArmorHeadgear,Smithing,Defs\ThingDefs_Misc\Apparel_Headgear.xml
2,Core,ludeon.rimworld,Apparel_AdvancedHelmet,flak helmet,apparel,Industrial,,ArmorHelmetMakeableBase,ArmorHeadgear,FlakArmor,Defs\ThingDefs_Misc\Apparel_Headgear.xml
2,Core,ludeon.rimworld,Apparel_PowerArmorHelmet,marine helmet,apparel,Spacer,,ApparelArmorHelmetPowerBase,ArmorHeadgear,PoweredArmor,Defs\ThingDefs_Misc\Apparel_Headgear.xml
2,Core,ludeon.rimworld,Apparel_ArmorHelmetRecon,recon helmet,apparel,Spacer,,ApparelArmorHelmetReconBase,ArmorHeadgear,ReconArmor,Defs\ThingDefs_Misc\Apparel_Headgear.xml
2,Core,ludeon.rimworld,Apparel_PsychicFoilHelmet,psychic foil helmet,apparel,Medieval,250,HatBase,Headgear,,Defs\ThingDefs_Misc\Apparel_Headgear.xml
2,Core,ludeon.rimworld,Apparel_HatHood,hood,apparel,Medieval,,HatMakeableBase,Headgear,,Defs\ThingDefs_Misc\Apparel_Headgear.xml
2,Core,ludeon.rimworld,Apparel_ClothMask,face mask,apparel,Neolithic,,HatMakeableBase,Headgear,ComplexClothing,Defs\ThingDefs_Misc\Apparel_Headgear.xml
2,Core,ludeon.rimworld,Apparel_SmokepopBelt,smokepop pack,apparel,Industrial,,ApparelBase,ApparelUtility,SmokepopBelt,Defs\ThingDefs_Misc\Apparel_Packs.xml
2,Core,ludeon.rimworld,Apparel_FirefoampopPack,firefoam pop pack,apparel,Industrial,,ApparelNoQualityBase,ApparelUtility,Firefoam,Defs\ThingDefs_Misc\Apparel_Packs.xml
2,Core,ludeon.rimworld,Apparel_PsychicShockLance,psychic shock lance,apparel,Archotech,550,ApparelNoQualityBase,ApparelUtility,,Defs\ThingDefs_Misc\Apparel_Utility.xml
2,Core,ludeon.rimworld,Apparel_PsychicInsanityLance,psychic insanity lance,apparel,Archotech,650,ApparelNoQualityBase,ApparelUtility,,Defs\ThingDefs_Misc\Apparel_Utility.xml
2,Core,ludeon.rimworld,Apparel_TribalA,tribalwear,apparel,Neolithic,,ApparelMakeableBase,ApparelMisc,,Defs\ThingDefs_Misc\Apparel_Various.xml
2,Core,ludeon.rimworld,Apparel_Parka,parka,apparel,Neolithic,,ApparelMakeableBase,ApparelMisc,,Defs\ThingDefs_Misc\Apparel_Various.xml
2,Core,ludeon.rimworld,Apparel_Pants,pants,apparel,Medieval,,ApparelMakeableBase,ApparelMisc,ComplexClothing,Defs\ThingDefs_Misc\Apparel_Various.xml
2,Core,ludeon.rimworld,Apparel_BasicShirt,T-shirt,apparel,Medieval,,ApparelMakeableBase,ApparelMisc,ComplexClothing,Defs\ThingDefs_Misc\Apparel_Various.xml
2,Core,ludeon.rimworld,Apparel_CollarShirt,button-down shirt,apparel,Medieval,,ApparelMakeableBase,ApparelMisc,ComplexClothing,Defs\ThingDefs_Misc\Apparel_Various.xml
2,Core,ludeon.rimworld,Apparel_Duster,duster,apparel,Medieval,,ApparelMakeableBase,ApparelMisc,ComplexClothing,Defs\ThingDefs_Misc\Apparel_Various.xml
2,Core,ludeon.rimworld,Apparel_Jacket,jacket,apparel,Medieval,,ApparelMakeableBase,ApparelMisc,ComplexClothing,Defs\ThingDefs_Misc\Apparel_Various.xml
2,Core,ludeon.rimworld,Apparel_PlateArmor,plate armor,apparel,Medieval,,ArmorSmithableBase,ApparelArmor,PlateArmor,Defs\ThingDefs_Misc\Apparel_Various.xml
2,Core,ludeon.rimworld,Apparel_FlakVest,flak vest,apparel,Industrial,,ArmorMachineableBase,ApparelArmor,FlakArmor,Defs\ThingDefs_Misc\Apparel_Various.xml
2,Core,ludeon.rimworld,Apparel_FlakPants,flak pants,apparel,Industrial,,ArmorMachineableBase,ApparelArmor,FlakArmor,Defs\ThingDefs_Misc\Apparel_Various.xml
2,Core,ludeon.rimworld,Apparel_FlakJacket,flak jacket,apparel,Industrial,,ArmorMachineableBase,ApparelArmor,FlakArmor,Defs\ThingDefs_Misc\Apparel_Various.xml
2,Core,ludeon.rimworld,Apparel_PowerArmor,marine armor,apparel,Spacer,,ApparelArmorPowerBase,ApparelArmor,PoweredArmor,Defs\ThingDefs_Misc\Apparel_Various.xml
2,Core,ludeon.rimworld,Apparel_ArmorRecon,recon armor,apparel,Spacer,,ApparelArmorReconBase,ApparelArmor,ReconArmor,Defs\ThingDefs_Misc\Apparel_Various.xml
2,Core,ludeon.rimworld,Apparel_Cape,cape,apparel,Medieval,,ApparelMakeableBase,ApparelNoble,,Defs\ThingDefs_Misc\Apparel_Various.xml
2,Core,ludeon.rimworld,Apparel_Robe,robe,apparel,Medieval,,ApparelMakeableBase,ApparelMisc,,Defs\ThingDefs_Misc\Apparel_Various.xml
2,Core,ludeon.rimworld,Bombardment,bombardment,parent:OrbitalStrikeBase,(none),,OrbitalStrikeBase,,,Defs\ThingDefs_Misc\Ethereal_OrbitalStrikes.xml
2,Core,ludeon.rimworld,Mote_Bombardment_PreImpact,Mote,mote,(none),,MoteBase,,,Defs\ThingDefs_Misc\Ethereal_OrbitalStrikes.xml
2,Core,ludeon.rimworld,PowerBeam,power beam,parent:OrbitalStrikeBase,(none),,OrbitalStrikeBase,,,Defs\ThingDefs_Misc\Ethereal_OrbitalStrikes.xml
2,Core,ludeon.rimworld,SignalAction_Letter,,parent:SignalActionBase,(none),,SignalActionBase,,,Defs\ThingDefs_Misc\Ethereal_SignalActions.xml
2,Core,ludeon.rimworld,SignalAction_Ambush,,parent:SignalActionBase,(none),,SignalActionBase,,,Defs\ThingDefs_Misc\Ethereal_SignalActions.xml
2,Core,ludeon.rimworld,SignalAction_Message,,parent:SignalActionBase,(none),,SignalActionBase,,,Defs\ThingDefs_Misc\Ethereal_SignalActions.xml
2,Core,ludeon.rimworld,SignalAction_SoundOneShot,,parent:SignalActionBase,(none),,SignalActionBase,,,Defs\ThingDefs_Misc\Ethereal_SignalActions.xml
2,Core,ludeon.rimworld,SignalAction_OpenDoor,,parent:SignalActionBase,(none),,SignalActionBase,,,Defs\ThingDefs_Misc\Ethereal_SignalActions.xml
2,Core,ludeon.rimworld,SignalAction_Incident,,parent:SignalActionBase,(none),,SignalActionBase,,,Defs\ThingDefs_Misc\Ethereal_SignalActions.xml
2,Core,ludeon.rimworld,SignalAction_OpenCasket,,parent:SignalActionDelay,(none),,SignalActionDelay,,,Defs\ThingDefs_Misc\Ethereal_SignalActions.xml
2,Core,ludeon.rimworld,SignalAction_Infestation,,parent:SignalActionDelay,(none),,SignalActionDelay,,,Defs\ThingDefs_Misc\Ethereal_SignalActions.xml
2,Core,ludeon.rimworld,SignalAction_DormancyWakeUp,,parent:SignalActionDelay,(none),,SignalActionDelay,,,Defs\ThingDefs_Misc\Ethereal_SignalActions.xml
2,Core,ludeon.rimworld,SignalAction_StartWick,,parent:SignalActionDelay,(none),,SignalActionDelay,,,Defs\ThingDefs_Misc\Ethereal_SignalActions.xml
2,Core,ludeon.rimworld,SignalAction_Delay,,parent:SignalActionDelay,(none),,SignalActionDelay,,,Defs\ThingDefs_Misc\Ethereal_SignalActions.xml
2,Core,ludeon.rimworld,DropPodIncoming,drop pod (incoming),parent:SkyfallerBase,(none),,SkyfallerBase,,,Defs\ThingDefs_Misc\Ethereal_Skyfallers.xml
2,Core,ludeon.rimworld,DropPodIncomingMechanoidRapid,drop pod (incoming),parent:DropPodIncoming,(none),,DropPodIncoming,,,Defs\ThingDefs_Misc\Ethereal_Skyfallers.xml
2,Core,ludeon.rimworld,DropPodLeaving,drop pod (leaving),parent:SkyfallerBase,(none),,SkyfallerBase,,,Defs\ThingDefs_Misc\Ethereal_Skyfallers.xml
2,Core,ludeon.rimworld,ShipChunkIncoming,ship chunk (incoming),parent:SkyfallerBase,(none),,SkyfallerBase,,,Defs\ThingDefs_Misc\Ethereal_Skyfallers.xml
2,Core,ludeon.rimworld,ShipChunkIncoming_SmallExplosion,ship chunk (incoming),parent:ShipChunkIncomingBase,(none),,ShipChunkIncomingBase,,,Defs\ThingDefs_Misc\Ethereal_Skyfallers.xml
2,Core,ludeon.rimworld,CrashedShipPartIncoming,crashed ship part (incoming),parent:SkyfallerBase,(none),,SkyfallerBase,,,Defs\ThingDefs_Misc\Ethereal_Skyfallers.xml
2,Core,ludeon.rimworld,MeteoriteIncoming,meteorite (incoming),parent:SkyfallerBase,(none),,SkyfallerBase,,,Defs\ThingDefs_Misc\Ethereal_Skyfallers.xml
2,Core,ludeon.rimworld,MeteoriteCraterIncoming,meteorite (incoming),parent:MeteoriteIncoming,(none),,MeteoriteIncoming,,,Defs\ThingDefs_Misc\Ethereal_Skyfallers.xml
2,Core,ludeon.rimworld,ShuttleCrashing,shuttle (crashing),parent:ShuttleSkyfallerBase,(none),,ShuttleSkyfallerBase,,,Defs\ThingDefs_Misc\Ethereal_Skyfallers.xml
2,Core,ludeon.rimworld,FlyerArrival,flying creature,parent:SkyfallerBase,(none),,SkyfallerBase,,,Defs\ThingDefs_Misc\Ethereal_Skyfallers.xml
2,Core,ludeon.rimworld,FlyerLeaving,flying creature,parent:SkyfallerBase,(none),,SkyfallerBase,,,Defs\ThingDefs_Misc\Ethereal_Skyfallers.xml
2,Core,ludeon.rimworld,RectTrigger,rect trigger,parent:EtherealThingBase,(none),,EtherealThingBase,,,Defs\ThingDefs_Misc\Ethereal_Various.xml
2,Core,ludeon.rimworld,TriggerUnfogged,trigger unfogged,parent:EtherealThingBase,(none),,EtherealThingBase,,,Defs\ThingDefs_Misc\Ethereal_Various.xml
2,Core,ludeon.rimworld,TriggerContainerEmptied,trigger container emptied,parent:EtherealThingBase,(none),,EtherealThingBase,,,Defs\ThingDefs_Misc\Ethereal_Various.xml
2,Core,ludeon.rimworld,Explosion,explosion,parent:EtherealThingBase,(none),,EtherealThingBase,,,Defs\ThingDefs_Misc\Ethereal_Various.xml
2,Core,ludeon.rimworld,Blight,blight,parent:EtherealThingBase,(none),,EtherealThingBase,,,Defs\ThingDefs_Misc\Ethereal_Various.xml
2,Core,ludeon.rimworld,Tornado,tornado,parent:EtherealThingBase,(none),,EtherealThingBase,,,Defs\ThingDefs_Misc\Ethereal_Various.xml
2,Core,ludeon.rimworld,TunnelHiveSpawner,tunnel,building,(none),,EtherealThingBase,,,Defs\ThingDefs_Misc\Ethereal_Various.xml
2,Core,ludeon.rimworld,PawnFlyer,flying,parent:EtherealThingBase,(none),,EtherealThingBase,,,Defs\ThingDefs_Misc\Ethereal_Various.xml
2,Core,ludeon.rimworld,RadialTrigger,proximity trigger,parent:EtherealThingBase,(none),,EtherealThingBase,,,Defs\ThingDefs_Misc\Ethereal_Various.xml
2,Core,ludeon.rimworld,PawnGroundSpawner,disrupted soil,parent:EtherealThingBase,(none),,EtherealThingBase,,,Defs\ThingDefs_Misc\Ethereal_Various.xml
2,Core,ludeon.rimworld,PawnFlyer_Stun,flying,parent:PawnFlyerBase,(none),,PawnFlyerBase,,,Defs\ThingDefs_Misc\Ethereal_Various.xml
2,Core,ludeon.rimworld,Filth_Dirt,dirt,parent:BaseFilth,(none),,BaseFilth,,,Defs\ThingDefs_Misc\Filth_Various.xml
2,Core,ludeon.rimworld,Filth_AnimalFilth,animal filth,parent:BaseFilth,(none),,BaseFilth,,,Defs\ThingDefs_Misc\Filth_Various.xml
2,Core,ludeon.rimworld,Filth_Trash,trash,parent:BaseFilth,(none),,BaseFilth,,,Defs\ThingDefs_Misc\Filth_Various.xml
2,Core,ludeon.rimworld,Filth_Sand,sand,parent:BaseFilth,(none),,BaseFilth,,,Defs\ThingDefs_Misc\Filth_Various.xml
2,Core,ludeon.rimworld,Filth_RubbleRock,rock rubble,parent:BaseFilth,(none),,BaseFilth,,,Defs\ThingDefs_Misc\Filth_Various.xml
2,Core,ludeon.rimworld,Filth_RubbleBuilding,building rubble,parent:BaseFilth,(none),,BaseFilth,,,Defs\ThingDefs_Misc\Filth_Various.xml
2,Core,ludeon.rimworld,SlagRubble,scattered slag,parent:BaseFilth,(none),,BaseFilth,,,Defs\ThingDefs_Misc\Filth_Various.xml
2,Core,ludeon.rimworld,SandbagRubble,scattered sandbags,parent:BaseFilth,(none),,BaseFilth,,,Defs\ThingDefs_Misc\Filth_Various.xml
2,Core,ludeon.rimworld,Filth_BlastMark,blast mark,parent:BaseFilth,(none),,BaseFilth,,,Defs\ThingDefs_Misc\Filth_Various.xml
2,Core,ludeon.rimworld,Filth_Blood,blood,parent:BaseFilth,(none),,BaseFilth,,,Defs\ThingDefs_Misc\Filth_Various.xml
2,Core,ludeon.rimworld,Filth_BloodSmear,blood smear,parent:FilthBlood,(none),,FilthBlood,,,Defs\ThingDefs_Misc\Filth_Various.xml
2,Core,ludeon.rimworld,Filth_BloodInsect,bugblood,parent:BaseFilth,(none),,BaseFilth,,,Defs\ThingDefs_Misc\Filth_Various.xml
2,Core,ludeon.rimworld,Filth_MachineBits,machine bits,parent:BaseFilth,(none),,BaseFilth,,,Defs\ThingDefs_Misc\Filth_Various.xml
2,Core,ludeon.rimworld,Filth_AmnioticFluid,amniotic fluid,parent:BaseFilth,(none),,BaseFilth,,,Defs\ThingDefs_Misc\Filth_Various.xml
2,Core,ludeon.rimworld,Filth_GestationFluid,gestation fluid,parent:BaseFilth,(none),,BaseFilth,,,Defs\ThingDefs_Misc\Filth_Various.xml
2,Core,ludeon.rimworld,Filth_Slime,slime,parent:BaseFilth,(none),,BaseFilth,,,Defs\ThingDefs_Misc\Filth_Various.xml
2,Core,ludeon.rimworld,Filth_Vomit,vomit,parent:BaseFilth,(none),,BaseFilth,,,Defs\ThingDefs_Misc\Filth_Various.xml
2,Core,ludeon.rimworld,Filth_FireFoam,firefoam,parent:BaseFilth,(none),,BaseFilth,,,Defs\ThingDefs_Misc\Filth_Various.xml
2,Core,ludeon.rimworld,Filth_Fuel,chemfuel puddle,parent:BaseFilth,(none),,BaseFilth,,,Defs\ThingDefs_Misc\Filth_Various.xml
2,Core,ludeon.rimworld,Filth_CorpseBile,corpse bile,parent:BaseFilth,(none),,BaseFilth,,,Defs\ThingDefs_Misc\Filth_Various.xml
2,Core,ludeon.rimworld,Filth_Ash,ash,parent:BaseFilth,(none),,BaseFilth,,,Defs\ThingDefs_Misc\Filth_Various.xml
2,Core,ludeon.rimworld,Filth_Water,water puddle,parent:BaseFilth,(none),,BaseFilth,,,Defs\ThingDefs_Misc\Filth_Various.xml
2,Core,ludeon.rimworld,Filth_Hair,hair,parent:BaseFilth,(none),,BaseFilth,,,Defs\ThingDefs_Misc\Filth_Various.xml
2,Core,ludeon.rimworld,Filth_SpentAcid,spent acid,parent:BaseFilth,(none),,BaseFilth,,,Defs\ThingDefs_Misc\Filth_Various.xml
2,Core,ludeon.rimworld,Filth_LooseGround,loose ground,parent:BaseFilth,(none),,BaseFilth,,,Defs\ThingDefs_Misc\Filth_Various.xml
2,Core,ludeon.rimworld,Filth_OilSmear,oil smear,parent:BaseFilth,(none),,BaseFilth,,,Defs\ThingDefs_Misc\Filth_Various.xml
2,Core,ludeon.rimworld,Filth_ScatteredDocuments,scattered documents,parent:BaseFilth,(none),,BaseFilth,,,Defs\ThingDefs_Misc\Filth_Various.xml
2,Core,ludeon.rimworld,Filth_MoldyUniform,ragged uniform,parent:BaseFilth,(none),,BaseFilth,,,Defs\ThingDefs_Misc\Filth_Various.xml
2,Core,ludeon.rimworld,ActiveDropPod,drop pod,other,(none),,,,,Defs\ThingDefs_Misc\Things_Special.xml
2,Core,ludeon.rimworld,ActiveDropPodMechanoid,drop pod,parent:ActiveDropPod,(none),,ActiveDropPod,,,Defs\ThingDefs_Misc\Things_Special.xml
2,Core,ludeon.rimworld,Fire,fire,other,(none),,,,,Defs\ThingDefs_Misc\Things_Special.xml
2,Core,ludeon.rimworld,Spark,spark,projectile,(none),,,,,Defs\ThingDefs_Misc\Things_Special.xml
2,Core,ludeon.rimworld,ChunkSlagSteel,steel slag chunk,item,(none),,ChunkBase,Chunks,,Defs\ThingDefs_Misc\Various_Stone.xml
2,Core,ludeon.rimworld,Sandstone,sandstone,building,(none),,UglyRockBase,,,Defs\ThingDefs_Misc\Various_Stone.xml
2,Core,ludeon.rimworld,SmoothedSandstone,smoothed sandstone,building,(none),7,SandstoneBase,,,Defs\ThingDefs_Misc\Various_Stone.xml
2,Core,ludeon.rimworld,ChunkSandstone,sandstone chunk,item,(none),,ChunkRockBase,StoneChunks,,Defs\ThingDefs_Misc\Various_Stone.xml
2,Core,ludeon.rimworld,BlocksSandstone,sandstone blocks,item,(none),0.9,StoneBlocksBase,StoneBlocks,,Defs\ThingDefs_Misc\Various_Stone.xml
2,Core,ludeon.rimworld,Granite,granite,building,(none),,UglyRockBase,,,Defs\ThingDefs_Misc\Various_Stone.xml
2,Core,ludeon.rimworld,SmoothedGranite,smoothed granite,building,(none),7,GraniteBase,,,Defs\ThingDefs_Misc\Various_Stone.xml
2,Core,ludeon.rimworld,ChunkGranite,granite chunk,item,(none),,ChunkRockBase,StoneChunks,,Defs\ThingDefs_Misc\Various_Stone.xml
2,Core,ludeon.rimworld,BlocksGranite,granite blocks,item,(none),0.9,StoneBlocksBase,StoneBlocks,,Defs\ThingDefs_Misc\Various_Stone.xml
2,Core,ludeon.rimworld,Limestone,limestone,building,(none),,UglyRockBase,,,Defs\ThingDefs_Misc\Various_Stone.xml
2,Core,ludeon.rimworld,SmoothedLimestone,smoothed limestone,building,(none),7,LimestoneBase,,,Defs\ThingDefs_Misc\Various_Stone.xml
2,Core,ludeon.rimworld,ChunkLimestone,limestone chunk,item,(none),,ChunkRockBase,StoneChunks,,Defs\ThingDefs_Misc\Various_Stone.xml
2,Core,ludeon.rimworld,BlocksLimestone,limestone blocks,item,(none),0.9,StoneBlocksBase,StoneBlocks,,Defs\ThingDefs_Misc\Various_Stone.xml
2,Core,ludeon.rimworld,Slate,slate,building,(none),,UglyRockBase,,,Defs\ThingDefs_Misc\Various_Stone.xml
2,Core,ludeon.rimworld,SmoothedSlate,smoothed slate,building,(none),7,SlateBase,,,Defs\ThingDefs_Misc\Various_Stone.xml
2,Core,ludeon.rimworld,ChunkSlate,slate chunk,item,(none),,ChunkRockBase,StoneChunks,,Defs\ThingDefs_Misc\Various_Stone.xml
2,Core,ludeon.rimworld,BlocksSlate,slate blocks,item,(none),0.9,StoneBlocksBase,StoneBlocks,,Defs\ThingDefs_Misc\Various_Stone.xml
2,Core,ludeon.rimworld,Marble,marble,building,(none),,UglyRockBase,,,Defs\ThingDefs_Misc\Various_Stone.xml
2,Core,ludeon.rimworld,SmoothedMarble,smoothed marble,building,(none),7,MarbleBase,,,Defs\ThingDefs_Misc\Various_Stone.xml
2,Core,ludeon.rimworld,ChunkMarble,marble chunk,item,(none),,ChunkRockBase,StoneChunks,,Defs\ThingDefs_Misc\Various_Stone.xml
2,Core,ludeon.rimworld,BlocksMarble,marble blocks,item,(none),0.9,StoneBlocksBase,StoneBlocks,,Defs\ThingDefs_Misc\Various_Stone.xml
2,Core,ludeon.rimworld,MeleeWeapon_BreachAxe,breach axe,weapon,Neolithic,,BaseMeleeWeapon_Blunt_Quality,WeaponsMelee,Smithing,Defs\ThingDefs_Misc\Weapons\Breach.xml
2,Core,ludeon.rimworld,MeleeWeapon_Mace,mace,weapon,Medieval,,BaseMeleeWeapon_Blunt_Quality,WeaponsMelee,Smithing,Defs\ThingDefs_Misc\Weapons\MeleeMedieval.xml
2,Core,ludeon.rimworld,MeleeWeapon_Gladius,gladius,weapon,Medieval,,BaseMeleeWeapon_Sharp_Quality,WeaponsMelee,Smithing,Defs\ThingDefs_Misc\Weapons\MeleeMedieval.xml
2,Core,ludeon.rimworld,MeleeWeapon_LongSword,longsword,weapon,Medieval,,BaseMeleeWeapon_Sharp_Quality,WeaponsMelee,LongBlades,Defs\ThingDefs_Misc\Weapons\MeleeMedieval.xml
2,Core,ludeon.rimworld,MeleeWeapon_Club,club,weapon,Neolithic,,BaseMeleeWeapon_Blunt,WeaponsMelee,,Defs\ThingDefs_Misc\Weapons\MeleeNeolithic.xml
2,Core,ludeon.rimworld,MeleeWeapon_Knife,knife,weapon,Neolithic,,BaseMeleeWeapon_Sharp_Quality,WeaponsMelee,,Defs\ThingDefs_Misc\Weapons\MeleeNeolithic.xml
2,Core,ludeon.rimworld,MeleeWeapon_Ikwa,ikwa,weapon,Neolithic,,BaseMeleeWeapon_Sharp_Quality,WeaponsMelee,Smithing,Defs\ThingDefs_Misc\Weapons\MeleeNeolithic.xml
2,Core,ludeon.rimworld,MeleeWeapon_Spear,spear,weapon,Neolithic,,BaseMeleeWeapon_Sharp_Quality,WeaponsMelee,LongBlades,Defs\ThingDefs_Misc\Weapons\MeleeNeolithic.xml
2,Core,ludeon.rimworld,Bullet_Revolver,revolver bullet,projectile,(none),,BaseBullet,,,Defs\ThingDefs_Misc\Weapons\RangedIndustrial.xml
2,Core,ludeon.rimworld,Gun_Revolver,revolver,weapon,Industrial,,BaseHumanMakeableGun,WeaponsRanged,Gunsmithing,Defs\ThingDefs_Misc\Weapons\RangedIndustrial.xml
2,Core,ludeon.rimworld,Gun_Autopistol,autopistol,weapon,Industrial,,BaseHumanMakeableGun,WeaponsRanged,BlowbackOperation,Defs\ThingDefs_Misc\Weapons\RangedIndustrial.xml
2,Core,ludeon.rimworld,Bullet_Autopistol,autopistol bullet,projectile,(none),,BaseBullet,,,Defs\ThingDefs_Misc\Weapons\RangedIndustrial.xml
2,Core,ludeon.rimworld,Gun_MachinePistol,machine pistol,weapon,Industrial,,BaseHumanMakeableGun,WeaponsRanged,BlowbackOperation,Defs\ThingDefs_Misc\Weapons\RangedIndustrial.xml
2,Core,ludeon.rimworld,Bullet_MachinePistol,machine pistol bullet,projectile,(none),,BaseBullet,,,Defs\ThingDefs_Misc\Weapons\RangedIndustrial.xml
2,Core,ludeon.rimworld,Gun_IncendiaryLauncher,incendiary launcher,weapon,Industrial,,BaseHumanMakeableGun,WeaponsRanged,Gunsmithing,Defs\ThingDefs_Misc\Weapons\RangedIndustrial.xml
2,Core,ludeon.rimworld,Bullet_IncendiaryLauncher,incendiary bolt,projectile,(none),,BaseBullet,,,Defs\ThingDefs_Misc\Weapons\RangedIndustrial.xml
2,Core,ludeon.rimworld,Gun_SmokeLauncher,smoke launcher,weapon,Industrial,,BaseHumanMakeableGun,WeaponsRanged,Gunsmithing,Defs\ThingDefs_Misc\Weapons\RangedIndustrial.xml
2,Core,ludeon.rimworld,Bullet_SmokeLauncher,smoke launcher shell,projectile,(none),,BaseBullet,,,Defs\ThingDefs_Misc\Weapons\RangedIndustrial.xml
2,Core,ludeon.rimworld,Gun_EmpLauncher,EMP launcher,weapon,Industrial,,BaseHumanMakeableGun,WeaponsRanged,MicroelectronicsBasics,Defs\ThingDefs_Misc\Weapons\RangedIndustrial.xml
2,Core,ludeon.rimworld,Bullet_EMPLauncher,EMP launcher shell,projectile,(none),,BaseBullet,,,Defs\ThingDefs_Misc\Weapons\RangedIndustrial.xml
2,Core,ludeon.rimworld,Gun_BoltActionRifle,bolt-action rifle,weapon,Industrial,,BaseHumanMakeableGun,WeaponsRanged,Gunsmithing,Defs\ThingDefs_Misc\Weapons\RangedIndustrial.xml
2,Core,ludeon.rimworld,Bullet_BoltActionRifle,bolt-action rifle bullet,projectile,(none),,BaseBullet,,,Defs\ThingDefs_Misc\Weapons\RangedIndustrial.xml
2,Core,ludeon.rimworld,Gun_PumpShotgun,pump shotgun,weapon,Industrial,,BaseHumanMakeableGun,WeaponsRanged,Gunsmithing,Defs\ThingDefs_Misc\Weapons\RangedIndustrial.xml
2,Core,ludeon.rimworld,Bullet_Shotgun,shotgun blast,projectile,(none),,BaseBullet,,,Defs\ThingDefs_Misc\Weapons\RangedIndustrial.xml
2,Core,ludeon.rimworld,Gun_ChainShotgun,chain shotgun,weapon,Industrial,,BaseHumanMakeableGun,WeaponsRanged,GasOperation,Defs\ThingDefs_Misc\Weapons\RangedIndustrial.xml
2,Core,ludeon.rimworld,Gun_HeavySMG,heavy SMG,weapon,Industrial,,BaseHumanMakeableGun,WeaponsRanged,GasOperation,Defs\ThingDefs_Misc\Weapons\RangedIndustrial.xml
2,Core,ludeon.rimworld,Bullet_HeavySMG,heavy SMG bullet,projectile,(none),,BaseBullet,,,Defs\ThingDefs_Misc\Weapons\RangedIndustrial.xml
2,Core,ludeon.rimworld,Gun_LMG,LMG,weapon,Industrial,,BaseHumanMakeableGun,WeaponsRanged,GasOperation,Defs\ThingDefs_Misc\Weapons\RangedIndustrial.xml
2,Core,ludeon.rimworld,Bullet_LMG,LMG bullet,projectile,(none),,BaseBullet,,,Defs\ThingDefs_Misc\Weapons\RangedIndustrial.xml
2,Core,ludeon.rimworld,Gun_AssaultRifle,assault rifle,weapon,Industrial,,BaseHumanMakeableGun,WeaponsRanged,PrecisionRifling,Defs\ThingDefs_Misc\Weapons\RangedIndustrial.xml
2,Core,ludeon.rimworld,Bullet_AssaultRifle,assault rifle bullet,projectile,(none),,BaseBullet,,,Defs\ThingDefs_Misc\Weapons\RangedIndustrial.xml
2,Core,ludeon.rimworld,Gun_SniperRifle,sniper rifle,weapon,Industrial,,BaseHumanMakeableGun,WeaponsRanged,PrecisionRifling,Defs\ThingDefs_Misc\Weapons\RangedIndustrial.xml
2,Core,ludeon.rimworld,Bullet_SniperRifle,sniper rifle bullet,projectile,(none),,BaseBullet,,,Defs\ThingDefs_Misc\Weapons\RangedIndustrial.xml
2,Core,ludeon.rimworld,Gun_Minigun,minigun,weapon,Industrial,,BaseHumanMakeableGun,WeaponsRanged,MultibarrelWeapons,Defs\ThingDefs_Misc\Weapons\RangedIndustrial.xml
2,Core,ludeon.rimworld,Bullet_Minigun,minigun bullet,projectile,(none),,BaseBullet,,,Defs\ThingDefs_Misc\Weapons\RangedIndustrial.xml
2,Core,ludeon.rimworld,Gun_TripleRocket,triple rocket launcher,weapon,Spacer,1000,BaseGun,WeaponsRanged,,Defs\ThingDefs_Misc\Weapons\RangedIndustrialConsumable.xml
2,Core,ludeon.rimworld,Bullet_Rocket,rocket,projectile,(none),,BaseBullet,,,Defs\ThingDefs_Misc\Weapons\RangedIndustrialConsumable.xml
2,Core,ludeon.rimworld,Gun_DoomsdayRocket,doomsday rocket launcher,weapon,Spacer,1000,BaseGun,WeaponsRanged,,Defs\ThingDefs_Misc\Weapons\RangedIndustrialConsumable.xml
2,Core,ludeon.rimworld,Bullet_DoomsdayRocket,doomsday rocket,projectile,(none),,BaseBullet,,,Defs\ThingDefs_Misc\Weapons\RangedIndustrialConsumable.xml
2,Core,ludeon.rimworld,Weapon_GrenadeFrag,frag grenades,weapon,Industrial,,BaseMakeableGrenade,Grenades,Machining,Defs\ThingDefs_Misc\Weapons\RangedIndustrialGrenades.xml
2,Core,ludeon.rimworld,Proj_GrenadeFrag,frag grenade,projectile,(none),,BaseFragGrenadeProjectile,,,Defs\ThingDefs_Misc\Weapons\RangedIndustrialGrenades.xml
2,Core,ludeon.rimworld,Weapon_GrenadeMolotov,molotov cocktails,weapon,Industrial,,BaseMakeableGrenade,Grenades,Machining,Defs\ThingDefs_Misc\Weapons\RangedIndustrialGrenades.xml
2,Core,ludeon.rimworld,Proj_GrenadeMolotov,molotov cocktail,projectile,(none),,BaseIncendiaryProjectile,,,Defs\ThingDefs_Misc\Weapons\RangedIndustrialGrenades.xml
2,Core,ludeon.rimworld,Weapon_GrenadeEMP,EMP grenades,weapon,Industrial,,BaseMakeableGrenade,Grenades,MicroelectronicsBasics,Defs\ThingDefs_Misc\Weapons\RangedIndustrialGrenades.xml
2,Core,ludeon.rimworld,Proj_GrenadeEMP,EMP grenade,projectile,(none),,BaseGrenadeProjectile,,,Defs\ThingDefs_Misc\Weapons\RangedIndustrialGrenades.xml
2,Core,ludeon.rimworld,Bullet_ChargeBlasterHeavy,charge blaster shot,projectile,(none),,BaseBullet,,,Defs\ThingDefs_Misc\Weapons\RangedMechanoid.xml
2,Core,ludeon.rimworld,Gun_ChargeBlasterHeavy,heavy charge blaster,weapon,Spacer,1400,Gun_ChargeBlasterHeavyBase,WeaponsRanged,,Defs\ThingDefs_Misc\Weapons\RangedMechanoid.xml
2,Core,ludeon.rimworld,Bullet_InfernoCannon,inferno cannon shell,projectile,(none),,BaseBullet,,,Defs\ThingDefs_Misc\Weapons\RangedMechanoid.xml
2,Core,ludeon.rimworld,Gun_InfernoCannon,inferno cannon,weapon,Spacer,1400,Gun_InfernoCannonBase,WeaponsRanged,,Defs\ThingDefs_Misc\Weapons\RangedMechanoid.xml
2,Core,ludeon.rimworld,Gun_Needle,needle gun,weapon,Spacer,1400,BaseGun,WeaponsRanged,,Defs\ThingDefs_Misc\Weapons\RangedMechanoid.xml
2,Core,ludeon.rimworld,Bullet_NeedleGun,needle shot,projectile,(none),,BaseBullet,,,Defs\ThingDefs_Misc\Weapons\RangedMechanoid.xml
2,Core,ludeon.rimworld,Bow_Short,short bow,weapon,Neolithic,,BaseWeaponNeolithic,WeaponsRanged,,Defs\ThingDefs_Misc\Weapons\RangedNeolithic.xml
2,Core,ludeon.rimworld,Arrow_Short,shortbow arrow,projectile,(none),,BaseProjectileNeolithic,,,Defs\ThingDefs_Misc\Weapons\RangedNeolithic.xml
2,Core,ludeon.rimworld,Pila,pila,weapon,Neolithic,,BaseWeaponNeolithic,WeaponsRanged,,Defs\ThingDefs_Misc\Weapons\RangedNeolithic.xml
2,Core,ludeon.rimworld,Pilum_Thrown,pilum,projectile,(none),,BaseProjectileNeolithic,,,Defs\ThingDefs_Misc\Weapons\RangedNeolithic.xml
2,Core,ludeon.rimworld,Bow_Recurve,recurve bow,weapon,Neolithic,,BaseWeaponNeolithic,WeaponsRanged,RecurveBow,Defs\ThingDefs_Misc\Weapons\RangedNeolithic.xml
2,Core,ludeon.rimworld,Arrow_Recurve,recurve bow arrow,projectile,(none),,BaseProjectileNeolithic,,,Defs\ThingDefs_Misc\Weapons\RangedNeolithic.xml
2,Core,ludeon.rimworld,Bow_Great,greatbow,weapon,Neolithic,,BaseWeaponNeolithic,WeaponsRanged,Greatbow,Defs\ThingDefs_Misc\Weapons\RangedNeolithic.xml
2,Core,ludeon.rimworld,Arrow_Great,greatbow arrow,projectile,(none),,BaseProjectileNeolithic,,,Defs\ThingDefs_Misc\Weapons\RangedNeolithic.xml
2,Core,ludeon.rimworld,Gun_ChargeRifle,charge rifle,weapon,Spacer,,BaseHumanMakeableGun,WeaponsRanged,ChargedShot,Defs\ThingDefs_Misc\Weapons\RangedSpacer.xml
2,Core,ludeon.rimworld,Bullet_ChargeRifle,charge shot,projectile,(none),,BaseBullet,,,Defs\ThingDefs_Misc\Weapons\RangedSpacer.xml
2,Core,ludeon.rimworld,Gun_ChargeLance,charge lance,weapon,Spacer,,BaseHumanMakeableGun,WeaponsRanged,ChargedShot,Defs\ThingDefs_Misc\Weapons\RangedSpacer.xml
2,Core,ludeon.rimworld,Bullet_ChargeLance,charge lance shot,projectile,(none),,BaseBullet,,,Defs\ThingDefs_Misc\Weapons\RangedSpacer.xml
2,Core,ludeon.rimworld,OrbitalTargeterBombardment,orbital bombardment targeter,apparel,Spacer,1200,OrbitalUtilityBase,ApparelUtility,,Defs\ThingDefs_Misc\Weapons\RangedSpecial.xml
2,Core,ludeon.rimworld,OrbitalTargeterPowerBeam,orbital power beam targeter,apparel,Spacer,1200,OrbitalUtilityBase,ApparelUtility,,Defs\ThingDefs_Misc\Weapons\RangedSpecial.xml
2,Core,ludeon.rimworld,TornadoGenerator,tornado generator,apparel,Spacer,800,OrbitalUtilityBase,ApparelUtility,,Defs\ThingDefs_Misc\Weapons\RangedSpecial.xml
2,Core,ludeon.rimworld,Gun_ThumpCannon,thump cannon,weapon,Spacer,1400,BaseGun,WeaponsRanged,,Defs\ThingDefs_Misc\Weapons\Weapons_Breach.xml
2,Core,ludeon.rimworld,Bullet_ThumpCannon,thump bomb,projectile,(none),,BaseBullet,,,Defs\ThingDefs_Misc\Weapons\Weapons_Breach.xml
2,Core,ludeon.rimworld,Glowstool,glowstool,plant,(none),,CavePlantBase,Plants,,Defs\ThingDefs_Plants\Plants_Cave.xml
2,Core,ludeon.rimworld,Agarilux,agarilux,plant,(none),,CavePlantBase,Plants,,Defs\ThingDefs_Plants\Plants_Cave.xml
2,Core,ludeon.rimworld,Bryolux,bryolux,plant,(none),,CavePlantBase,Plants,,Defs\ThingDefs_Plants\Plants_Cave.xml
2,Core,ludeon.rimworld,Plant_Rose,rose,plant,(none),,PlantBase,Plants,,Defs\ThingDefs_Plants\Plants_Cultivated_Decorative.xml
2,Core,ludeon.rimworld,Plant_Daylily,daylily,plant,(none),,PlantBase,Plants,,Defs\ThingDefs_Plants\Plants_Cultivated_Decorative.xml
2,Core,ludeon.rimworld,Plant_Rice,rice plant,plant,(none),,PlantBase,Plants,,Defs\ThingDefs_Plants\Plants_Cultivated_Farm.xml
2,Core,ludeon.rimworld,Plant_Potato,potato plant,plant,(none),,PlantBase,Plants,,Defs\ThingDefs_Plants\Plants_Cultivated_Farm.xml
2,Core,ludeon.rimworld,Plant_Corn,corn plant,plant,(none),,PlantBase,Plants,,Defs\ThingDefs_Plants\Plants_Cultivated_Farm.xml
2,Core,ludeon.rimworld,Plant_Strawberry,strawberry plant,plant,(none),,PlantBase,Plants,,Defs\ThingDefs_Plants\Plants_Cultivated_Farm.xml
2,Core,ludeon.rimworld,Plant_Haygrass,haygrass,plant,(none),,PlantBase,Plants,,Defs\ThingDefs_Plants\Plants_Cultivated_Farm.xml
2,Core,ludeon.rimworld,Plant_Cotton,cotton plant,plant,(none),,PlantBase,Plants,,Defs\ThingDefs_Plants\Plants_Cultivated_Farm.xml
2,Core,ludeon.rimworld,Plant_Devilstrand,devilstrand,plant,(none),,PlantBase,Plants,,Defs\ThingDefs_Plants\Plants_Cultivated_Farm.xml
2,Core,ludeon.rimworld,Plant_Healroot,healroot,plant,(none),,HealrootBase,Plants,,Defs\ThingDefs_Plants\Plants_Cultivated_Farm.xml
2,Core,ludeon.rimworld,Plant_Hops,hop plant,plant,(none),,PlantBase,Plants,,Defs\ThingDefs_Plants\Plants_Cultivated_Farm.xml
2,Core,ludeon.rimworld,Plant_Smokeleaf,smokeleaf plant,plant,(none),,PlantBase,Plants,,Defs\ThingDefs_Plants\Plants_Cultivated_Farm.xml
2,Core,ludeon.rimworld,Plant_Psychoid,psychoid plant,plant,(none),,PlantBase,Plants,,Defs\ThingDefs_Plants\Plants_Cultivated_Farm.xml
2,Core,ludeon.rimworld,Plant_TreeCocoa,cocoa tree,plant,(none),,TreeBase,Plants,,Defs\ThingDefs_Plants\Plants_Cultivated_Farm.xml
2,Core,ludeon.rimworld,BurnedTree,burned stump,plant,(none),,StumpBase,Stumps,,Defs\ThingDefs_Plants\Plants_Special.xml
2,Core,ludeon.rimworld,ChoppedStump,chopped stump,plant,(none),,StumpBase,Stumps,,Defs\ThingDefs_Plants\Plants_Special.xml
2,Core,ludeon.rimworld,SmashedStump,smashed stump,plant,(none),,StumpBase,Stumps,,Defs\ThingDefs_Plants\Plants_Special.xml
2,Core,ludeon.rimworld,Plant_Ambrosia,ambrosia bush,plant,(none),,PlantBase,Plants,,Defs\ThingDefs_Plants\Plants_Special.xml
2,Core,ludeon.rimworld,Plant_Tinctoria,tinctoria,plant,(none),,PlantBaseNonEdible,Plants,,Defs\ThingDefs_Plants\Plants_Special.xml
2,Core,ludeon.rimworld,Dye,dye,item,(none),2.65,ResourceBase,PlantMatter,,Defs\ThingDefs_Plants\Plants_Special.xml
2,Core,ludeon.rimworld,Plant_Timbershroom,timbershroom,plant,(none),,TreeBase,Plants,,Defs\ThingDefs_Plants\Plants_Special.xml
2,Core,ludeon.rimworld,Plant_Agave,agave,plant,(none),,PlantBase,Plants,,Defs\ThingDefs_Plants\Plants_Wild_Arid.xml
2,Core,ludeon.rimworld,Plant_PincushionCactus,pincushion cactus,plant,(none),,PlantBase,Plants,,Defs\ThingDefs_Plants\Plants_Wild_Arid.xml
2,Core,ludeon.rimworld,Plant_SaguaroCactus,saguaro cactus,plant,(none),,TreeBase,Plants,,Defs\ThingDefs_Plants\Plants_Wild_Arid.xml
2,Core,ludeon.rimworld,Plant_TreeDrago,drago tree,plant,(none),,TreeBase,Plants,,Defs\ThingDefs_Plants\Plants_Wild_Arid.xml
2,Core,ludeon.rimworld,Plant_Grass,grass,plant,(none),,PlantBase,Plants,,Defs\ThingDefs_Plants\Plants_Wild_General.xml
2,Core,ludeon.rimworld,Plant_TallGrass,tall grass,plant,(none),,PlantBase,Plants,,Defs\ThingDefs_Plants\Plants_Wild_General.xml
2,Core,ludeon.rimworld,Plant_Bush,bush,plant,(none),,BushBase,Plants,,Defs\ThingDefs_Plants\Plants_Wild_General.xml
2,Core,ludeon.rimworld,Plant_Brambles,brambles,plant,(none),,PlantBase,Plants,,Defs\ThingDefs_Plants\Plants_Wild_General.xml
2,Core,ludeon.rimworld,Plant_HealrootWild,wild healroot,plant,(none),,HealrootBase,Plants,,Defs\ThingDefs_Plants\Plants_Wild_General.xml
2,Core,ludeon.rimworld,Plant_TreeWillow,willow tree,plant,(none),,DeciduousTreeBase,Plants,,Defs\ThingDefs_Plants\Plants_Wild_Swamp.xml
2,Core,ludeon.rimworld,Plant_TreeCypress,cypress tree,plant,(none),,DeciduousTreeBase,Plants,,Defs\ThingDefs_Plants\Plants_Wild_Swamp.xml
2,Core,ludeon.rimworld,Plant_TreeMaple,maple tree,plant,(none),,DeciduousTreeBase,Plants,,Defs\ThingDefs_Plants\Plants_Wild_Swamp.xml
2,Core,ludeon.rimworld,Plant_Chokevine,chokevine,plant,(none),,PlantBase,Plants,,Defs\ThingDefs_Plants\Plants_Wild_Swamp.xml
2,Core,ludeon.rimworld,Plant_Dandelion,dandelions,plant,(none),,PlantBase,Plants,,Defs\ThingDefs_Plants\Plants_Wild_Temperate.xml
2,Core,ludeon.rimworld,Plant_Astragalus,astragalus,plant,(none),,PlantBase,Plants,,Defs\ThingDefs_Plants\Plants_Wild_Temperate.xml
2,Core,ludeon.rimworld,Plant_Moss,moss,plant,(none),,PlantBase,Plants,,Defs\ThingDefs_Plants\Plants_Wild_Temperate.xml
2,Core,ludeon.rimworld,Plant_Berry,berry bush,plant,(none),,PlantBase,Plants,,Defs\ThingDefs_Plants\Plants_Wild_Temperate.xml
2,Core,ludeon.rimworld,Plant_TreeOak,oak tree,plant,(none),,DeciduousTreeBase,Plants,,Defs\ThingDefs_Plants\Plants_Wild_Temperate.xml
2,Core,ludeon.rimworld,Plant_TreePoplar,poplar tree,plant,(none),,DeciduousTreeBase,Plants,,Defs\ThingDefs_Plants\Plants_Wild_Temperate.xml
2,Core,ludeon.rimworld,Plant_TreePine,pine tree,plant,(none),,TreeBase,Plants,,Defs\ThingDefs_Plants\Plants_Wild_Temperate.xml
2,Core,ludeon.rimworld,Plant_TreeBirch,birch tree,plant,(none),,DeciduousTreeBase,Plants,,Defs\ThingDefs_Plants\Plants_Wild_Temperate.xml
2,Core,ludeon.rimworld,Plant_ShrubLow,low shrubs,plant,(none),,PlantBase,Plants,,Defs\ThingDefs_Plants\Plants_Wild_Tropical.xml
2,Core,ludeon.rimworld,Plant_Alocasia,alocasia,plant,(none),,BushBase,Plants,,Defs\ThingDefs_Plants\Plants_Wild_Tropical.xml
2,Core,ludeon.rimworld,Plant_Clivia,clivia,plant,(none),,BushBase,Plants,,Defs\ThingDefs_Plants\Plants_Wild_Tropical.xml
2,Core,ludeon.rimworld,Plant_Rafflesia,giant rafflesia,plant,(none),,BushBase,Plants,,Defs\ThingDefs_Plants\Plants_Wild_Tropical.xml
2,Core,ludeon.rimworld,Plant_TreeTeak,teak tree,plant,(none),,DeciduousTreeBase,Plants,,Defs\ThingDefs_Plants\Plants_Wild_Tropical.xml
2,Core,ludeon.rimworld,Plant_TreeCecropia,cecropia tree,plant,(none),,TreeBase,Plants,,Defs\ThingDefs_Plants\Plants_Wild_Tropical.xml
2,Core,ludeon.rimworld,Plant_TreePalm,palm tree,plant,(none),,TreeBase,Plants,,Defs\ThingDefs_Plants\Plants_Wild_Tropical.xml
2,Core,ludeon.rimworld,Plant_TreeBamboo,bamboo tree,plant,(none),,TreeBase,Plants,,Defs\ThingDefs_Plants\Plants_Wild_Tropical.xml
2,Core,ludeon.rimworld,Bear_Grizzly,grizzly bear,pawn,(none),700,BaseBear,Animals,,Defs\ThingDefs_Races\Races_Animal_Bears.xml
2,Core,ludeon.rimworld,Bear_Polar,polar bear,pawn,(none),700,BaseBear,Animals,,Defs\ThingDefs_Races\Races_Animal_Bears.xml
2,Core,ludeon.rimworld,Ostrich,ostrich,pawn,(none),250,BigBirdThingBase,Animals,,Defs\ThingDefs_Races\Races_Animal_BigBirds.xml
2,Core,ludeon.rimworld,Emu,emu,pawn,(none),200,BigBirdThingBase,Animals,,Defs\ThingDefs_Races\Races_Animal_BigBirds.xml
2,Core,ludeon.rimworld,Cassowary,cassowary,pawn,(none),200,BigBirdThingBase,Animals,,Defs\ThingDefs_Races\Races_Animal_BigBirds.xml
2,Core,ludeon.rimworld,Cougar,cougar,pawn,(none),400,BigCatThingBase,Animals,,Defs\ThingDefs_Races\Races_Animal_BigCats.xml
2,Core,ludeon.rimworld,Panther,panther,pawn,(none),400,BigCatThingBase,Animals,,Defs\ThingDefs_Races\Races_Animal_BigCats.xml
2,Core,ludeon.rimworld,Lynx,lynx,pawn,(none),250,AnimalThingBase,Animals,,Defs\ThingDefs_Races\Races_Animal_BigCats.xml
2,Core,ludeon.rimworld,Cat,cat,pawn,(none),100,AnimalThingBase,Animals,,Defs\ThingDefs_Races\Races_Animal_CatGroup.xml
2,Core,ludeon.rimworld,YorkshireTerrier,yorkshire terrier,pawn,(none),100,AnimalThingBase,Animals,,Defs\ThingDefs_Races\Races_Animal_CatGroup.xml
2,Core,ludeon.rimworld,GuineaPig,guinea pig,pawn,(none),150,AnimalThingBase,Animals,,Defs\ThingDefs_Races\Races_Animal_CatGroup.xml
2,Core,ludeon.rimworld,LabradorRetriever,labrador retriever,pawn,(none),250,AnimalThingBase,Animals,,Defs\ThingDefs_Races\Races_Animal_CatGroup.xml
2,Core,ludeon.rimworld,Husky,husky,pawn,(none),250,AnimalThingBase,Animals,,Defs\ThingDefs_Races\Races_Animal_CatGroup.xml
2,Core,ludeon.rimworld,Monkey,monkey,pawn,(none),100,AnimalThingBase,Animals,,Defs\ThingDefs_Races\Races_Animal_CatGroup.xml
2,Core,ludeon.rimworld,Chicken,chicken,pawn,(none),50,AnimalThingBase,Animals,,Defs\ThingDefs_Races\Races_Animal_ChickenGroup.xml
2,Core,ludeon.rimworld,Duck,duck,pawn,(none),60,AnimalThingBase,Animals,,Defs\ThingDefs_Races\Races_Animal_ChickenGroup.xml
2,Core,ludeon.rimworld,Turkey,turkey,pawn,(none),100,BigBirdThingBase,Animals,,Defs\ThingDefs_Races\Races_Animal_ChickenGroup.xml
2,Core,ludeon.rimworld,Goose,goose,pawn,(none),90,AnimalThingBase,Animals,,Defs\ThingDefs_Races\Races_Animal_ChickenGroup.xml
2,Core,ludeon.rimworld,Cow,cow,pawn,(none),300,AnimalThingBase,Animals,,Defs\ThingDefs_Races\Races_Animal_CowGroup.xml
2,Core,ludeon.rimworld,Boomalope,boomalope,pawn,(none),350,AnimalThingBase,Animals,,Defs\ThingDefs_Races\Races_Animal_CowGroup.xml
2,Core,ludeon.rimworld,Muffalo,muffalo,pawn,(none),300,AnimalThingBase,Animals,,Defs\ThingDefs_Races\Races_Animal_CowGroup.xml
2,Core,ludeon.rimworld,Bison,bison,pawn,(none),350,AnimalThingBase,Animals,,Defs\ThingDefs_Races\Races_Animal_CowGroup.xml
2,Core,ludeon.rimworld,Dromedary,dromedary,pawn,(none),300,AnimalThingBase,Animals,,Defs\ThingDefs_Races\Races_Animal_CowGroup.xml
2,Core,ludeon.rimworld,Goat,goat,pawn,(none),200,AnimalThingBase,Animals,,Defs\ThingDefs_Races\Races_Animal_CowGroup.xml
2,Core,ludeon.rimworld,Elk,elk,pawn,(none),300,AnimalThingBase,Animals,,Defs\ThingDefs_Races\Races_Animal_CowGroup.xml
2,Core,ludeon.rimworld,Yak,yak,pawn,(none),320,AnimalThingBase,Animals,,Defs\ThingDefs_Races\Races_Animal_CowGroup.xml
2,Core,ludeon.rimworld,Caribou,caribou,pawn,(none),300,AnimalThingBase,Animals,,Defs\ThingDefs_Races\Races_Animal_CowGroup.xml
2,Core,ludeon.rimworld,Horse,horse,pawn,(none),550,AnimalThingBase,Animals,,Defs\ThingDefs_Races\Races_Animal_CowGroup.xml
2,Core,ludeon.rimworld,Donkey,donkey,pawn,(none),320,AnimalThingBase,Animals,,Defs\ThingDefs_Races\Races_Animal_CowGroup.xml
2,Core,ludeon.rimworld,Elephant,elephant,pawn,(none),600,AnimalThingBase,Animals,,Defs\ThingDefs_Races\Races_Animal_CowGroup.xml
2,Core,ludeon.rimworld,Rhinoceros,rhinoceros,pawn,(none),700,AnimalThingBase,Animals,,Defs\ThingDefs_Races\Races_Animal_CowGroup.xml
2,Core,ludeon.rimworld,Hare,hare,pawn,(none),50,BaseHare,Animals,,Defs\ThingDefs_Races\Races_Animal_Hares.xml
2,Core,ludeon.rimworld,Snowhare,snowhare,pawn,(none),50,BaseHare,Animals,,Defs\ThingDefs_Races\Races_Animal_Hares.xml
2,Core,ludeon.rimworld,Megascarab,megascarab,pawn,(none),100,BaseInsect,Animals,,Defs\ThingDefs_Races\Races_Animal_Insect.xml
2,Core,ludeon.rimworld,Spelopede,spelopede,pawn,(none),200,BaseInsect,Animals,,Defs\ThingDefs_Races\Races_Animal_Insect.xml
2,Core,ludeon.rimworld,Megaspider,megaspider,pawn,(none),500,BaseInsect,Animals,,Defs\ThingDefs_Races\Races_Animal_Insect.xml
2,Core,ludeon.rimworld,Thrumbo,thrumbo,pawn,(none),4000,AnimalThingBase,Animals,,Defs\ThingDefs_Races\Races_Animal_MiscGroup.xml
2,Core,ludeon.rimworld,Cobra,cobra,pawn,(none),150,AnimalThingBase,Animals,,Defs\ThingDefs_Races\Races_Animal_MiscGroup.xml
2,Core,ludeon.rimworld,Tortoise,tortoise,pawn,(none),200,AnimalThingBase,Animals,,Defs\ThingDefs_Races\Races_Animal_MiscGroup.xml
2,Core,ludeon.rimworld,Alphabeaver,alphabeaver,pawn,(none),250,AnimalThingBase,Animals,,Defs\ThingDefs_Races\Races_Animal_MiscGroup.xml
2,Core,ludeon.rimworld,Pig,pig,pawn,(none),200,AnimalThingBase,Animals,,Defs\ThingDefs_Races\Races_Animal_PigGroup.xml
2,Core,ludeon.rimworld,WildBoar,wild boar,pawn,(none),200,AnimalThingBase,Animals,,Defs\ThingDefs_Races\Races_Animal_PigGroup.xml
2,Core,ludeon.rimworld,Ibex,ibex,pawn,(none),250,AnimalThingBase,Animals,,Defs\ThingDefs_Races\Races_Animal_PigGroup.xml
2,Core,ludeon.rimworld,Deer,deer,pawn,(none),250,AnimalThingBase,Animals,,Defs\ThingDefs_Races\Races_Animal_PigGroup.xml
2,Core,ludeon.rimworld,Gazelle,gazelle,pawn,(none),150,AnimalThingBase,Animals,,Defs\ThingDefs_Races\Races_Animal_PigGroup.xml
2,Core,ludeon.rimworld,Chinchilla,chinchilla,pawn,(none),150,AnimalThingBase,Animals,,Defs\ThingDefs_Races\Races_Animal_PigGroup.xml
2,Core,ludeon.rimworld,Sheep,sheep,pawn,(none),210,AnimalThingBase,Animals,,Defs\ThingDefs_Races\Races_Animal_SheepGroup.xml
2,Core,ludeon.rimworld,Alpaca,alpaca,pawn,(none),350,AnimalThingBase,Animals,,Defs\ThingDefs_Races\Races_Animal_SheepGroup.xml
2,Core,ludeon.rimworld,Megasloth,megasloth,pawn,(none),700,AnimalThingBase,Animals,,Defs\ThingDefs_Races\Races_Animal_SheepGroup.xml
2,Core,ludeon.rimworld,Capybara,capybara,pawn,(none),150,AnimalThingBase,Animals,,Defs\ThingDefs_Races\Races_Animal_SheepGroup.xml
2,Core,ludeon.rimworld,Squirrel,squirrel,pawn,(none),35,AnimalThingBase,Animals,,Defs\ThingDefs_Races\Races_Animal_SquirrelGroup.xml
2,Core,ludeon.rimworld,Rat,rat,pawn,(none),35,AnimalThingBase,Animals,,Defs\ThingDefs_Races\Races_Animal_SquirrelGroup.xml
2,Core,ludeon.rimworld,Boomrat,boomrat,pawn,(none),100,AnimalThingBase,Animals,,Defs\ThingDefs_Races\Races_Animal_SquirrelGroup.xml
2,Core,ludeon.rimworld,Raccoon,raccoon,pawn,(none),100,AnimalThingBase,Animals,,Defs\ThingDefs_Races\Races_Animal_SquirrelGroup.xml
2,Core,ludeon.rimworld,Iguana,iguana,pawn,(none),100,AnimalThingBase,Animals,,Defs\ThingDefs_Races\Races_Animal_SquirrelGroup.xml
2,Core,ludeon.rimworld,Warg,warg,pawn,(none),450,AnimalThingBase,Animals,,Defs\ThingDefs_Races\Races_Animal_WargGroup.xml
2,Core,ludeon.rimworld,Wolf_Timber,timber wolf,pawn,(none),350,ThingBaseWolf,Animals,,Defs\ThingDefs_Races\Races_Animal_WildCanines.xml
2,Core,ludeon.rimworld,Wolf_Arctic,arctic wolf,pawn,(none),350,ThingBaseWolf,Animals,,Defs\ThingDefs_Races\Races_Animal_WildCanines.xml
2,Core,ludeon.rimworld,Fox_Fennec,fennec fox,pawn,(none),200,ThingBaseFox,Animals,,Defs\ThingDefs_Races\Races_Animal_WildCanines.xml
2,Core,ludeon.rimworld,Fox_Red,red fox,pawn,(none),200,ThingBaseFox,Animals,,Defs\ThingDefs_Races\Races_Animal_WildCanines.xml
2,Core,ludeon.rimworld,Fox_Arctic,arctic fox,pawn,(none),200,ThingBaseFox,Animals,,Defs\ThingDefs_Races\Races_Animal_WildCanines.xml
2,Core,ludeon.rimworld,Human,human,pawn,(none),1750,BasePawn,,,Defs\ThingDefs_Races\Races_Humanlike.xml
2,Core,ludeon.rimworld,Mech_CentipedeBlaster,centipede blaster,pawn,(none),1200,MechCentipede,,,Defs\ThingDefs_Races\Races_Mechanoid.xml
2,Core,ludeon.rimworld,Mech_CentipedeGunner,centipede gunner,pawn,(none),1200,MechCentipede,,,Defs\ThingDefs_Races\Races_Mechanoid.xml
2,Core,ludeon.rimworld,Mech_CentipedeBurner,centipede burner,pawn,(none),1200,MechCentipede,,,Defs\ThingDefs_Races\Races_Mechanoid.xml
2,Core,ludeon.rimworld,Mech_Lancer,lancer,pawn,(none),1200,BaseMechanoidWalker,,,Defs\ThingDefs_Races\Races_Mechanoid.xml
2,Core,ludeon.rimworld,Mech_Scyther,scyther,pawn,(none),1200,BaseMechanoidWalker,,,Defs\ThingDefs_Races\Races_Mechanoid.xml
2,Core,ludeon.rimworld,Mech_Pikeman,pikeman,pawn,(none),1200,BaseMechanoidWalker,,,Defs\ThingDefs_Races\Races_Mechanoid.xml
2,Core,ludeon.rimworld,Mech_Termite,termite,pawn,(none),1200,BaseMechanoid,,,Defs\ThingDefs_Races\Races_Mechanoid.xml
3,Royalty,ludeon.rimworld.royalty,Mote_CastPsycast,Mote,mote,(none),,MoteGlowDistorted,,,Defs\Effects\Mote_Visual.xml
3,Royalty,ludeon.rimworld.royalty,Mote_PsyfocusPulse,Mote,mote,(none),,MoteGlowDistorted,,,Defs\Effects\Mote_Visual.xml
3,Royalty,ludeon.rimworld.royalty,Mote_PsychicLinkLine,Mote,mote,(none),,MoteGlowDistorted,,,Defs\Effects\Mote_Visual.xml
3,Royalty,ludeon.rimworld.royalty,Mote_PsychicLinkPulse,Mote,mote,(none),,MoteBase,,,Defs\Effects\Mote_Visual.xml
3,Royalty,ludeon.rimworld.royalty,Mote_ProximityScannerRadius,Mote,mote,(none),,MoteBase,,,Defs\Effects\Mote_Visual.xml
3,Royalty,ludeon.rimworld.royalty,Mote_ProximityScannerActivated,Mote,mote,(none),,MoteBase,,,Defs\Effects\Mote_Visual.xml
3,Royalty,ludeon.rimworld.royalty,Mote_WarmupWordOf,Mote,mote,(none),,MoteGlowDistorted,,,Defs\Effects\Mote_Visual.xml
3,Royalty,ludeon.rimworld.royalty,Mote_WarmupNeuroquake,Mote,mote,(none),,MoteBase,,,Defs\Effects\Mote_Visual.xml
3,Royalty,ludeon.rimworld.royalty,Mote_Bestow,Mote,mote,(none),,MoteGlowDistorted,,,Defs\Effects\Mote_Visual.xml
3,Royalty,ludeon.rimworld.royalty,PsychicSensitizer,psychic sensitizer,bodypart,Archotech,1000,BodyPartRoyalBase,BodyPartsArchotech,,Defs\HediffDefs\Hediffs_BodyParts_Archotech_EmpireRoyal.xml
3,Royalty,ludeon.rimworld.royalty,PsychicHarmonizer,psychic harmonizer,bodypart,Archotech,800,BodyPartRoyalBase,BodyPartsArchotech,,Defs\HediffDefs\Hediffs_BodyParts_Archotech_EmpireRoyal.xml
3,Royalty,ludeon.rimworld.royalty,PsychicReader,psychic reader,bodypart,Archotech,1000,BodyPartRoyalBase,BodyPartsArchotech,,Defs\HediffDefs\Hediffs_BodyParts_Archotech_EmpireRoyal.xml
3,Royalty,ludeon.rimworld.royalty,Neurocalculator,neurocalculator,bodypart,Spacer,,BodyPartBionicImperialBase,BodyPartsBionic,NeuralComputation,Defs\HediffDefs\Hediffs_BodyParts_Bionic_Empire.xml
3,Royalty,ludeon.rimworld.royalty,LearningAssistant,learning assistant,bodypart,Spacer,,BodyPartBionicImperialBase,BodyPartsBionic,NeuralComputation,Defs\HediffDefs\Hediffs_BodyParts_Bionic_Empire.xml
3,Royalty,ludeon.rimworld.royalty,GastroAnalyzer,gastro-analyzer,bodypart,Spacer,,BodyPartBionicImperialBase,BodyPartsBionic,MolecularAnalysis,Defs\HediffDefs\Hediffs_BodyParts_Bionic_Empire.xml
3,Royalty,ludeon.rimworld.royalty,Immunoenhancer,immunoenhancer,bodypart,Spacer,,BodyPartBionicImperialBase,BodyPartsBionic,MolecularAnalysis,Defs\HediffDefs\Hediffs_BodyParts_Bionic_Empire.xml
3,Royalty,ludeon.rimworld.royalty,Coagulator,coagulator,bodypart,Spacer,,BodyPartBionicImperialBase,BodyPartsBionic,HealingFactors,Defs\HediffDefs\Hediffs_BodyParts_Bionic_Empire.xml
3,Royalty,ludeon.rimworld.royalty,HealingEnhancer,healing enhancer,bodypart,Spacer,,BodyPartBionicImperialBase,BodyPartsBionic,HealingFactors,Defs\HediffDefs\Hediffs_BodyParts_Bionic_Empire.xml
3,Royalty,ludeon.rimworld.royalty,ToughskinGland,toughskin gland,bodypart,Spacer,,BodyPartBionicImperialBase,BodyPartsBionic,SkinHardening,Defs\HediffDefs\Hediffs_BodyParts_Bionic_Empire.xml
3,Royalty,ludeon.rimworld.royalty,ArmorskinGland,armorskin gland,bodypart,Spacer,,BodyPartBionicImperialBase,BodyPartsBionic,SkinHardening,Defs\HediffDefs\Hediffs_BodyParts_Bionic_Empire.xml
3,Royalty,ludeon.rimworld.royalty,StoneskinGland,stoneskin gland,bodypart,Spacer,,BodyPartBionicImperialBase,BodyPartsBionic,SkinHardening,Defs\HediffDefs\Hediffs_BodyParts_Bionic_Empire.xml
3,Royalty,ludeon.rimworld.royalty,AestheticShaper,aesthetic shaper,bodypart,Spacer,,BodyPartBionicImperialBase,BodyPartsBionic,FleshShaping,Defs\HediffDefs\Hediffs_BodyParts_Bionic_Empire.xml
3,Royalty,ludeon.rimworld.royalty,AestheticNose,aesthetic nose,bodypart,Spacer,,BodyPartBionicImperialBase,BodyPartsBionic,FleshShaping,Defs\HediffDefs\Hediffs_BodyParts_Bionic_Empire.xml
3,Royalty,ludeon.rimworld.royalty,LoveEnhancer,love enhancer,bodypart,Spacer,,BodyPartBionicImperialBase,BodyPartsBionic,FleshShaping,Defs\HediffDefs\Hediffs_BodyParts_Bionic_Empire.xml
3,Royalty,ludeon.rimworld.royalty,DetoxifierStomach,sterilizing stomach,bodypart,Spacer,,BodyPartBionicImperialBase,BodyPartsBionic,ArtificialMetabolism,Defs\HediffDefs\Hediffs_BodyParts_Bionic_Empire.xml
3,Royalty,ludeon.rimworld.royalty,ReprocessorStomach,reprocessor stomach,bodypart,Spacer,,BodyPartBionicImperialBase,BodyPartsBionic,ArtificialMetabolism,Defs\HediffDefs\Hediffs_BodyParts_Bionic_Empire.xml
3,Royalty,ludeon.rimworld.royalty,NuclearStomach,nuclear stomach,bodypart,Spacer,,BodyPartBionicImperialBase,BodyPartsBionic,ArtificialMetabolism,Defs\HediffDefs\Hediffs_BodyParts_Bionic_Empire.xml
3,Royalty,ludeon.rimworld.royalty,CircadianAssistant,circadian assistant,bodypart,Spacer,,BodyPartBionicImperialBase,BodyPartsBionic,CircadianInfluence,Defs\HediffDefs\Hediffs_BodyParts_Bionic_Empire.xml
3,Royalty,ludeon.rimworld.royalty,CircadianHalfCycler,circadian half-cycler,bodypart,Spacer,,BodyPartBionicImperialBase,BodyPartsBionic,CircadianInfluence,Defs\HediffDefs\Hediffs_BodyParts_Bionic_Empire.xml
3,Royalty,ludeon.rimworld.royalty,Mindscrew,mindscrew,bodypart,Industrial,,BodyPartProstheticImperialBase,BodyPartsProsthetic,BrainWiring,Defs\HediffDefs\Hediffs_BodyParts_Prosthetic_Empire.xml
3,Royalty,ludeon.rimworld.royalty,DrillArm,drill arm,bodypart,Industrial,,BodyPartProstheticImperialBase,BodyPartsProsthetic,SpecializedLimbs,Defs\HediffDefs\Hediffs_BodyParts_Prosthetic_Empire.xml
3,Royalty,ludeon.rimworld.royalty,FieldHand,field hand,bodypart,Industrial,,BodyPartProstheticImperialBase,BodyPartsProsthetic,SpecializedLimbs,Defs\HediffDefs\Hediffs_BodyParts_Prosthetic_Empire.xml
3,Royalty,ludeon.rimworld.royalty,HandTalon,hand talon,bodypart,Industrial,,BodyPartProstheticImperialBase,BodyPartsProsthetic,CompactWeaponry,Defs\HediffDefs\Hediffs_BodyParts_Prosthetic_Empire.xml
3,Royalty,ludeon.rimworld.royalty,ElbowBlade,elbow blade,bodypart,Industrial,,BodyPartProstheticImperialBase,BodyPartsProsthetic,CompactWeaponry,Defs\HediffDefs\Hediffs_BodyParts_Prosthetic_Empire.xml
3,Royalty,ludeon.rimworld.royalty,KneeSpike,knee spike,bodypart,Industrial,,BodyPartProstheticImperialBase,BodyPartsProsthetic,CompactWeaponry,Defs\HediffDefs\Hediffs_BodyParts_Prosthetic_Empire.xml
3,Royalty,ludeon.rimworld.royalty,VenomFangs,venom fangs,bodypart,Industrial,,BodyPartProstheticImperialBase,BodyPartsProsthetic,VenomSynthesis,Defs\HediffDefs\Hediffs_BodyParts_Prosthetic_Empire.xml
3,Royalty,ludeon.rimworld.royalty,VenomTalon,venom talon,bodypart,Industrial,,BodyPartProstheticImperialBase,BodyPartsProsthetic,VenomSynthesis,Defs\HediffDefs\Hediffs_BodyParts_Prosthetic_Empire.xml
3,Royalty,ludeon.rimworld.royalty,SunBlocker,sun blocker,building,(none),,ConditionCauserBase,,,Defs\ThingDefs_Buildings\Buildings_ConditionCausers.xml
3,Royalty,ludeon.rimworld.royalty,SmokeSpewer,smoke spewer,building,(none),,ConditionCauserBase,,,Defs\ThingDefs_Buildings\Buildings_ConditionCausers.xml
3,Royalty,ludeon.rimworld.royalty,ToxicSpewer,toxic spewer,building,(none),,ConditionCauserBase,,,Defs\ThingDefs_Buildings\Buildings_ConditionCausers.xml
3,Royalty,ludeon.rimworld.royalty,WeatherController,weather controller,building,(none),,ConditionCauserBase,,,Defs\ThingDefs_Buildings\Buildings_ConditionCausers.xml
3,Royalty,ludeon.rimworld.royalty,ClimateAdjuster,climate adjuster,building,(none),,ConditionCauserBase,,,Defs\ThingDefs_Buildings\Buildings_ConditionCausers.xml
3,Royalty,ludeon.rimworld.royalty,PsychicDroner,psychic droner,building,(none),,ConditionCauserBase,,,Defs\ThingDefs_Buildings\Buildings_ConditionCausers.xml
3,Royalty,ludeon.rimworld.royalty,PsychicSuppressor,psychic suppressor,building,(none),,ConditionCauserBase,,,Defs\ThingDefs_Buildings\Buildings_ConditionCausers.xml
3,Royalty,ludeon.rimworld.royalty,EMIDynamo,EMI dynamo,building,(none),,ConditionCauserBase,,,Defs\ThingDefs_Buildings\Buildings_ConditionCausers.xml
3,Royalty,ludeon.rimworld.royalty,BroadshieldProjector,burnout low-shield,building,(none),,BuildingBase,,,Defs\ThingDefs_Buildings\Buildings_Exotic.xml
3,Royalty,ludeon.rimworld.royalty,Drape,drape,building,(none),,FurnitureBase,BuildingsFurniture,ComplexFurniture,Defs\ThingDefs_Buildings\Buildings_Furniture.xml
3,Royalty,ludeon.rimworld.royalty,Brazier,brazier,building,(none),,FurnitureBase,BuildingsFurniture,ComplexFurniture,Defs\ThingDefs_Buildings\Buildings_Furniture.xml
3,Royalty,ludeon.rimworld.royalty,DarklightBrazier,darklight brazier,building,(none),,Brazier,BuildingsFurniture,ComplexFurniture,Defs\ThingDefs_Buildings\Buildings_Furniture.xml
3,Royalty,ludeon.rimworld.royalty,Throne,meditation throne,building,(none),,ThroneBase,BuildingsFurniture,ComplexFurniture,Defs\ThingDefs_Buildings\Buildings_Furniture.xml
3,Royalty,ludeon.rimworld.royalty,GrandThrone,grand meditation throne,building,(none),,ThroneBase,BuildingsFurniture,ComplexFurniture,Defs\ThingDefs_Buildings\Buildings_Furniture.xml
3,Royalty,ludeon.rimworld.royalty,UnstablePowerCell,unstable power cell,building,(none),400,MechBuildingBase,BuildingsSpecial,,Defs\ThingDefs_Buildings\Buildings_Mech.xml
3,Royalty,ludeon.rimworld.royalty,Defoliator,defoliator,building,(none),,BuildingBase,,,Defs\ThingDefs_Buildings\Buildings_Mech.xml
3,Royalty,ludeon.rimworld.royalty,ActivatorCountdown,count-down activator,building,(none),,MechBuildingBase,,,Defs\ThingDefs_Buildings\Buildings_Mech_Activators.xml
3,Royalty,ludeon.rimworld.royalty,ActivatorProximity,proximity activator,building,(none),,MechBuildingBase,,,Defs\ThingDefs_Buildings\Buildings_Mech_Activators.xml
3,Royalty,ludeon.rimworld.royalty,ShieldGeneratorBullets,mech low-shield,building,(none),1000,MechBuildingBase,,,Defs\ThingDefs_Buildings\Buildings_Mech_ShieldGenerators.xml
3,Royalty,ludeon.rimworld.royalty,ShieldGeneratorMortar,mech high-shield,building,(none),1000,MechBuildingBase,,,Defs\ThingDefs_Buildings\Buildings_Mech_ShieldGenerators.xml
3,Royalty,ludeon.rimworld.royalty,MechCapsule,mech capsule,building,(none),,BuildingBase,,,Defs\ThingDefs_Buildings\Buildings_Mech_Spawners.xml
3,Royalty,ludeon.rimworld.royalty,MechAssembler,mech birther,building,(none),,MechBuildingBase,,,Defs\ThingDefs_Buildings\Buildings_Mech_Spawners.xml
3,Royalty,ludeon.rimworld.royalty,MechDropBeacon,mech drop beacon,building,(none),,MechBuildingBase,,,Defs\ThingDefs_Buildings\Buildings_Mech_Spawners.xml
3,Royalty,ludeon.rimworld.royalty,ShipLandingBeacon,ship landing beacon,item,(none),,BuildingBase,BuildingsMisc,Electricity,Defs\ThingDefs_Buildings\Buildings_Misc.xml
3,Royalty,ludeon.rimworld.royalty,MeditationSpot,meditation spot,building,(none),,BuildingBase,,,Defs\ThingDefs_Buildings\Buildings_Misc.xml
3,Royalty,ludeon.rimworld.royalty,NatureShrine_Small,small nature shrine,building,(none),,NatureShrineBase,BuildingsMisc,,Defs\ThingDefs_Buildings\Buildings_Misc.xml
3,Royalty,ludeon.rimworld.royalty,NatureShrine_Large,large nature shrine,building,(none),,NatureShrineBase,BuildingsMisc,,Defs\ThingDefs_Buildings\Buildings_Misc.xml
3,Royalty,ludeon.rimworld.royalty,AnimusStone,animus stone,building,(none),5000,BuildingBase,BuildingsMisc,,Defs\ThingDefs_Buildings\Buildings_Misc.xml
3,Royalty,ludeon.rimworld.royalty,Harp,harp,building,(none),,MusicalInstrumentBase,BuildingsJoy,Harp;Harp,Defs\ThingDefs_Buildings\Buildings_MusicalInstruments.xml
3,Royalty,ludeon.rimworld.royalty,Harpsichord,harpsichord,building,(none),,MusicalInstrumentBase,BuildingsJoy,Harpsichord;Harpsichord,Defs\ThingDefs_Buildings\Buildings_MusicalInstruments.xml
3,Royalty,ludeon.rimworld.royalty,UnfinishedPiano,unfinished piano,item,(none),,UnfinishedBase,Unfinished,,Defs\ThingDefs_Buildings\Buildings_MusicalInstruments.xml
3,Royalty,ludeon.rimworld.royalty,Piano,piano,building,(none),,MusicalInstrumentBase,BuildingsJoy,Piano;Piano,Defs\ThingDefs_Buildings\Buildings_MusicalInstruments.xml
3,Royalty,ludeon.rimworld.royalty,Apparel_PackJump,jump pack,apparel,Industrial,,ApparelBase,ApparelUtility,JumpPack,Defs\ThingDefs_Misc\Apparel_Packs.xml
3,Royalty,ludeon.rimworld.royalty,Apparel_PackBroadshield,low-shield pack,apparel,Industrial,,ApparelNoQualityBase,ApparelUtility,ShieldBelt,Defs\ThingDefs_Misc\Apparel_Packs.xml
3,Royalty,ludeon.rimworld.royalty,Apparel_PsyfocusHelmet,eltex helmet,apparel,Ultra,500,PsychicApparelBase,Headgear,,Defs\ThingDefs_Misc\Apparel_Psychic.xml
3,Royalty,ludeon.rimworld.royalty,Apparel_EltexSkullcap,eltex skullcap,apparel,Ultra,500,PsychicApparelBase,Headgear,,Defs\ThingDefs_Misc\Apparel_Psychic.xml
3,Royalty,ludeon.rimworld.royalty,Apparel_PsyfocusShirt,eltex shirt,apparel,Ultra,400,PsychicApparelBase,ApparelMisc,,Defs\ThingDefs_Misc\Apparel_Psychic.xml
3,Royalty,ludeon.rimworld.royalty,Apparel_PsyfocusVest,eltex vest,apparel,Ultra,500,PsychicApparelBase,ApparelMisc,,Defs\ThingDefs_Misc\Apparel_Psychic.xml
3,Royalty,ludeon.rimworld.royalty,Apparel_PsyfocusRobe,eltex robe,apparel,Ultra,600,PsychicApparelBase,ApparelMisc,,Defs\ThingDefs_Misc\Apparel_Psychic.xml
3,Royalty,ludeon.rimworld.royalty,Apparel_ShirtRuffle,formal shirt,apparel,Medieval,,ApparelShirtRoyalTier2Base,ApparelNoble,NobleApparel,Defs\ThingDefs_Misc\Apparel_Royal.xml
3,Royalty,ludeon.rimworld.royalty,Apparel_Corset,corset,apparel,Medieval,,ApparelVestRoyalTier5Base,ApparelNoble,NobleApparel,Defs\ThingDefs_Misc\Apparel_Royal.xml
3,Royalty,ludeon.rimworld.royalty,Apparel_VestRoyal,formal vest,apparel,Medieval,,ApparelVestRoyalTier5Base,ApparelNoble,NobleApparel,Defs\ThingDefs_Misc\Apparel_Royal.xml
3,Royalty,ludeon.rimworld.royalty,Apparel_RobeRoyal,prestige robe,apparel,Medieval,,ApparelMakeableBase,ApparelNoble,RoyalApparel,Defs\ThingDefs_Misc\Apparel_Royal.xml
3,Royalty,ludeon.rimworld.royalty,Apparel_HatLadies,ladies hat,apparel,Medieval,,ApparelHatRoyalTier2Fabric,HeadgearNoble,NobleApparel,Defs\ThingDefs_Misc\Apparel_Royal.xml
3,Royalty,ludeon.rimworld.royalty,Apparel_HatTop,top hat,apparel,Medieval,,ApparelHatRoyalTier2Fabric,HeadgearNoble,NobleApparel,Defs\ThingDefs_Misc\Apparel_Royal.xml
3,Royalty,ludeon.rimworld.royalty,Apparel_Coronet,coronet,apparel,Medieval,,ApparelBase,HeadgearNoble,RoyalApparel,Defs\ThingDefs_Misc\Apparel_Royal.xml
3,Royalty,ludeon.rimworld.royalty,Apparel_Crown,crown,apparel,Medieval,,ApparelBase,HeadgearNoble,RoyalApparel,Defs\ThingDefs_Misc\Apparel_Royal.xml
3,Royalty,ludeon.rimworld.royalty,Apparel_CrownStellic,stellic crown,apparel,Medieval,,ApparelBase,HeadgearNoble,,Defs\ThingDefs_Misc\Apparel_Royal.xml
3,Royalty,ludeon.rimworld.royalty,Apparel_Beret,beret,apparel,Medieval,,ApparelMakeableBase,HeadgearNoble,NobleApparel,Defs\ThingDefs_Misc\Apparel_Royal.xml
3,Royalty,ludeon.rimworld.royalty,Apparel_ArmorReconPrestige,prestige recon armor,apparel,Spacer,,ApparelArmorReconBase,ApparelArmor,ReconArmor,Defs\ThingDefs_Misc\Apparel_Various.xml
3,Royalty,ludeon.rimworld.royalty,Apparel_ArmorHelmetReconPrestige,prestige recon helmet,apparel,Spacer,,ApparelArmorHelmetReconBase,ArmorHeadgear,ReconArmor,Defs\ThingDefs_Misc\Apparel_Various.xml
3,Royalty,ludeon.rimworld.royalty,Apparel_ArmorMarinePrestige,prestige marine armor,apparel,Spacer,,ApparelArmorPowerBase,ApparelArmor,PoweredArmor,Defs\ThingDefs_Misc\Apparel_Various.xml
3,Royalty,ludeon.rimworld.royalty,Apparel_ArmorMarineHelmetPrestige,prestige marine helmet,apparel,Spacer,,ApparelArmorHelmetPowerBase,ArmorHeadgear,PoweredArmor,Defs\ThingDefs_Misc\Apparel_Various.xml
3,Royalty,ludeon.rimworld.royalty,Apparel_ArmorCataphract,cataphract armor,apparel,Spacer,,ApparelArmorCataphractBase,ApparelArmor,CataphractArmor,Defs\ThingDefs_Misc\Apparel_Various.xml
3,Royalty,ludeon.rimworld.royalty,Apparel_ArmorHelmetCataphract,cataphract helmet,apparel,Spacer,,ApparelArmorHelmetCataphractBase,ArmorHeadgear,CataphractArmor,Defs\ThingDefs_Misc\Apparel_Various.xml
3,Royalty,ludeon.rimworld.royalty,Apparel_ArmorCataphractPrestige,prestige cataphract armor,apparel,Spacer,,ApparelArmorCataphractBase,ApparelArmor,CataphractArmor,Defs\ThingDefs_Misc\Apparel_Various.xml
3,Royalty,ludeon.rimworld.royalty,Apparel_ArmorHelmetCataphractPrestige,prestige cataphract helmet,apparel,Spacer,,ApparelArmorHelmetCataphractBase,ArmorHeadgear,CataphractArmor,Defs\ThingDefs_Misc\Apparel_Various.xml
3,Royalty,ludeon.rimworld.royalty,Apparel_ArmorLocust,locust armor,apparel,Spacer,,ApparelArmorReconBase,ApparelArmor,ReconArmor,Defs\ThingDefs_Misc\Apparel_Various.xml
3,Royalty,ludeon.rimworld.royalty,Apparel_ArmorMarineGrenadier,grenadier armor,apparel,Spacer,,ApparelArmorPowerBase,ApparelArmor,PoweredArmor,Defs\ThingDefs_Misc\Apparel_Various.xml
3,Royalty,ludeon.rimworld.royalty,Proj_GrenadierGrenade,frag grenade,projectile,(none),,BaseFragGrenadeProjectile,,,Defs\ThingDefs_Misc\Apparel_Various.xml
3,Royalty,ludeon.rimworld.royalty,Apparel_ArmorCataphractPhoenix,phoenix armor,apparel,Spacer,,ApparelArmorCataphractBase,ApparelArmor,CataphractArmor,Defs\ThingDefs_Misc\Apparel_Various.xml
3,Royalty,ludeon.rimworld.royalty,Proj_GrenadePhoenixFire,incendiary grenade,projectile,(none),,BaseIncendiaryProjectile,,,Defs\ThingDefs_Misc\Apparel_Various.xml
3,Royalty,ludeon.rimworld.royalty,Apparel_Gunlink,gunlink,apparel,Spacer,,ApparelArmorHelmetReconBase,ArmorHeadgear,Gunlink,Defs\ThingDefs_Misc\Apparel_Various.xml
3,Royalty,ludeon.rimworld.royalty,ShuttleIncoming,shuttle (incoming),parent:ShuttleSkyfallerBase,(none),,ShuttleSkyfallerBase,,,Defs\ThingDefs_Misc\Ethereal_Skyfallers.xml
3,Royalty,ludeon.rimworld.royalty,ShuttleLeaving,shuttle (leaving),parent:ShuttleSkyfallerBase,(none),,ShuttleSkyfallerBase,,,Defs\ThingDefs_Misc\Ethereal_Skyfallers.xml
3,Royalty,ludeon.rimworld.royalty,MonumentMarker,monument marker,building,(none),,EtherealThingBase,BuildingsSpecial,,Defs\ThingDefs_Misc\Ethereal_Various.xml
3,Royalty,ludeon.rimworld.royalty,BulletShieldPsychic,skipshield,parent:EtherealThingBase,(none),,EtherealThingBase,,,Defs\ThingDefs_Misc\Ethereal_Various.xml
3,Royalty,ludeon.rimworld.royalty,Flashstorm,flashstorm,parent:EtherealThingBase,(none),,EtherealThingBase,,,Defs\ThingDefs_Misc\Ethereal_Various.xml
3,Royalty,ludeon.rimworld.royalty,SolarPinhole,solar pinhole,parent:EtherealThingBase,(none),,EtherealThingBase,,,Defs\ThingDefs_Misc\Ethereal_Various.xml
3,Royalty,ludeon.rimworld.royalty,BroadshieldCore,shield core,item,Spacer,350,ResourceBase,ItemsMisc,,Defs\ThingDefs_Misc\Items_Exotic.xml
3,Royalty,ludeon.rimworld.royalty,MeleeWeapon_MonoSwordBladelink,persona monosword,weapon,Ultra,3000,BaseWeapon_Bladelink,WeaponsMeleeBladelink,,Defs\ThingDefs_Misc\Weapons\MeleeBladelink.xml
3,Royalty,ludeon.rimworld.royalty,MeleeWeapon_ZeusHammerBladelink,persona zeushammer,weapon,Ultra,3000,BaseWeapon_Bladelink,WeaponsMeleeBladelink,,Defs\ThingDefs_Misc\Weapons\MeleeBladelink.xml
3,Royalty,ludeon.rimworld.royalty,MeleeWeapon_PlasmaSwordBladelink,persona plasmasword,weapon,Ultra,3000,BaseWeapon_Bladelink,WeaponsMeleeBladelink,,Defs\ThingDefs_Misc\Weapons\MeleeBladelink.xml
3,Royalty,ludeon.rimworld.royalty,MeleeWeapon_Axe,axe,weapon,Medieval,,BaseMeleeWeapon_Sharp_Quality,WeaponsMelee,Smithing,Defs\ThingDefs_Misc\Weapons\MeleeMedieval.xml
3,Royalty,ludeon.rimworld.royalty,MeleeWeapon_Warhammer,warhammer,weapon,Medieval,,BaseMeleeWeapon_Blunt_Quality,WeaponsMelee,LongBlades,Defs\ThingDefs_Misc\Weapons\MeleeMedieval.xml
3,Royalty,ludeon.rimworld.royalty,MeleeWeapon_MonoSword,monosword,weapon,Ultra,2000,MeleeWeaponUltratech,WeaponsMelee,,Defs\ThingDefs_Misc\Weapons\MeleeUltratech.xml
3,Royalty,ludeon.rimworld.royalty,MeleeWeapon_Zeushammer,zeushammer,weapon,Ultra,2000,MeleeWeaponUltratech,WeaponsMelee,,Defs\ThingDefs_Misc\Weapons\MeleeUltratech.xml
3,Royalty,ludeon.rimworld.royalty,MeleeWeapon_PlasmaSword,plasmasword,weapon,Ultra,2000,MeleeWeaponUltratech,WeaponsMelee,,Defs\ThingDefs_Misc\Weapons\MeleeUltratech.xml
3,Royalty,ludeon.rimworld.royalty,OrbitalTargeterMechCluster,orbital mech cluster targeter,apparel,Spacer,1200,OrbitalUtilityBase,ApparelUtility,,Defs\ThingDefs_Misc\Weapons\OrbitalWeapons.xml
3,Royalty,ludeon.rimworld.royalty,MeleeWeapon_PsyfocusStaff,eltex staff,weapon,Ultra,2000,BasePsychicWeaponMelee,WeaponsMelee,,Defs\ThingDefs_Misc\Weapons\PsychicWeapons.xml
3,Royalty,ludeon.rimworld.royalty,Plant_TreeAnima,anima tree,plant,(none),,TreeBase,Plants,,Defs\ThingDefs_Plants\Plants_Wild.xml
3,Royalty,ludeon.rimworld.royalty,ChoppedStump_Anima,chopped anima stump,plant,(none),,StumpChoppedBase,Stumps,,Defs\ThingDefs_Plants\Plants_Wild.xml
3,Royalty,ludeon.rimworld.royalty,SmashedStump_Anima,smashed anima stump,plant,(none),,StumpSmashedBase,Stumps,,Defs\ThingDefs_Plants\Plants_Wild.xml
3,Royalty,ludeon.rimworld.royalty,Plant_GrassAnima,anima grass,plant,(none),,PlantBaseNonEdible,Plants,,Defs\ThingDefs_Plants\Plants_Wild.xml
4,Ideology,ludeon.rimworld.ideology,Mote_RitualGlowRays,Mote,mote,(none),,MoteBase,,,Defs\Effects\Mote_RitualEffect.xml
4,Ideology,ludeon.rimworld.ideology,Mote_RitualSmoke,Mote,mote,(none),,MoteBase,,,Defs\Effects\Mote_RitualEffect.xml
4,Ideology,ludeon.rimworld.ideology,Mote_RitualSmokeThick,Mote,mote,(none),,MoteBase,,,Defs\Effects\Mote_RitualEffect.xml
4,Ideology,ludeon.rimworld.ideology,Mote_RitualSmokeThickSlim,Mote,mote,(none),,MoteBase,,,Defs\Effects\Mote_RitualEffect.xml
4,Ideology,ludeon.rimworld.ideology,Mote_RitualSmokeDust,Mote,mote,(none),,MoteBase,,,Defs\Effects\Mote_RitualEffect.xml
4,Ideology,ludeon.rimworld.ideology,Mote_RitualSmokeDustVague,Mote,mote,(none),,MoteBase,,,Defs\Effects\Mote_RitualEffect.xml
4,Ideology,ludeon.rimworld.ideology,Mote_TotemOutline,Mote,mote,(none),,MoteBase,,,Defs\Effects\Mote_RitualEffect.xml
4,Ideology,ludeon.rimworld.ideology,Mote_RolePositionHighlight,Mote,mote,(none),,MoteBase,,,Defs\Effects\Mote_RitualEffect.xml
4,Ideology,ludeon.rimworld.ideology,Mote_RolePawnHighlight,Mote,mote,(none),,MoteBase,,,Defs\Effects\Mote_RitualEffect.xml
4,Ideology,ludeon.rimworld.ideology,Mote_SpikePipe,Mote,mote,(none),,MoteBase,,,Defs\Effects\Mote_RitualEffect.xml
4,Ideology,ludeon.rimworld.ideology,Mote_RitualTechLineA,Mote,mote,(none),,Mote_RitualTechLine,,,Defs\Effects\Mote_RitualEffect.xml
4,Ideology,ludeon.rimworld.ideology,Mote_RitualTechLineB,Mote,mote,(none),,Mote_RitualTechLine,,,Defs\Effects\Mote_RitualEffect.xml
4,Ideology,ludeon.rimworld.ideology,Mote_RitualTechLineC,Mote,mote,(none),,Mote_RitualTechLine,,,Defs\Effects\Mote_RitualEffect.xml
4,Ideology,ludeon.rimworld.ideology,Mote_RitualGlowSingleRay,Mote,mote,(none),,MoteBase,,,Defs\Effects\Mote_RitualEffect.xml
4,Ideology,ludeon.rimworld.ideology,Mote_LightBall,Mote,mote,(none),,MoteBase,,,Defs\Effects\Mote_Visual.xml
4,Ideology,ludeon.rimworld.ideology,Mote_LightBallLights,Mote,mote,(none),,MoteBase,,,Defs\Effects\Mote_Visual.xml
4,Ideology,ludeon.rimworld.ideology,Mote_LoudspeakerLights,Mote,mote,(none),,MoteBase,,,Defs\Effects\Mote_Visual.xml
4,Ideology,ludeon.rimworld.ideology,Mote_SkyLanternGlow,Mote,mote,(none),,MoteBase,,,Defs\Effects\Mote_Visual.xml
4,Ideology,ludeon.rimworld.ideology,Mote_SkyLanternOuterGlow,Mote,mote,(none),,MoteBase,,,Defs\Effects\Mote_Visual.xml
4,Ideology,ludeon.rimworld.ideology,Mote_SkyLanternSmoke,Mote,mote,(none),,MoteBase,,,Defs\Effects\Mote_Visual.xml
4,Ideology,ludeon.rimworld.ideology,Mote_DuelCircle,Mote,mote,(none),,MoteBase,,,Defs\Effects\Mote_Visual.xml
4,Ideology,ludeon.rimworld.ideology,Mote_GauranlenCasteChanged,Mote,mote,(none),,MoteBase,,,Defs\Effects\Mote_Visual.xml
4,Ideology,ludeon.rimworld.ideology,TunnelJellySpawner,tunnel,parent:EtherealThingBase,(none),,EtherealThingBase,,,Defs\Ethereal\Ethereal_Various.xml
4,Ideology,ludeon.rimworld.ideology,Mote_CombatCommand,Mote,mote,(none),,MoteBase,,,Defs\HediffDefs\Hediffs_Casts.xml
4,Ideology,ludeon.rimworld.ideology,Mote_CombatCommandLinkLine,Mote,mote,(none),,MoteBase,,,Defs\HediffDefs\Hediffs_Casts.xml
4,Ideology,ludeon.rimworld.ideology,Mote_WorkCommand,Mote,mote,(none),,MoteBase,,,Defs\HediffDefs\Hediffs_Casts.xml
4,Ideology,ludeon.rimworld.ideology,Mote_WorkCommandLinkLine,Mote,mote,(none),,MoteBase,,,Defs\HediffDefs\Hediffs_Casts.xml
4,Ideology,ludeon.rimworld.ideology,AncientTerminal_Worshipful,ancient terminal,building,(none),,AncientTerminalBase,,,Defs\ThingDefs_Buildings\Buildings_Ancient_Active.xml
4,Ideology,ludeon.rimworld.ideology,AncientTerminal,ancient terminal,building,(none),,AncientTerminalBase,,,Defs\ThingDefs_Buildings\Buildings_Ancient_Active.xml
4,Ideology,ludeon.rimworld.ideology,AncientEnemyTerminal,ancient enemy terminal,building,(none),,AncientTerminal,,,Defs\ThingDefs_Buildings\Buildings_Ancient_Active.xml
4,Ideology,ludeon.rimworld.ideology,AncientSecurityCrate,security crate,building,(none),,CrateBase,,,Defs\ThingDefs_Buildings\Buildings_Ancient_Active.xml
4,Ideology,ludeon.rimworld.ideology,AncientCommsConsole,ancient comms console,building,(none),,BuildingBase,,,Defs\ThingDefs_Buildings\Buildings_Ancient_Active.xml
4,Ideology,ludeon.rimworld.ideology,SculptureTerror,terror sculpture,building,(none),,SculptureBase,BuildingsArt,,Defs\ThingDefs_Buildings\Buildings_Art.xml
4,Ideology,ludeon.rimworld.ideology,Spacedrone,spacedrone,building,(none),,BuildingBase,,,Defs\ThingDefs_Buildings\Buildings_Exotic.xml
4,Ideology,ludeon.rimworld.ideology,Altar_Small,small altar,building,(none),,AltarBase,,,Defs\ThingDefs_Buildings\Buildings_Ideo.xml
4,Ideology,ludeon.rimworld.ideology,Altar_Medium,medium altar,building,(none),,AltarBase,,,Defs\ThingDefs_Buildings\Buildings_Ideo.xml
4,Ideology,ludeon.rimworld.ideology,Altar_Large,large altar,building,(none),,AltarBase,,,Defs\ThingDefs_Buildings\Buildings_Ideo.xml
4,Ideology,ludeon.rimworld.ideology,Altar_Grand,grand altar,building,(none),,AltarBase,,,Defs\ThingDefs_Buildings\Buildings_Ideo.xml
4,Ideology,ludeon.rimworld.ideology,Ideogram,ideogram,building,(none),,IdeoBuildingBase,,,Defs\ThingDefs_Buildings\Buildings_Ideo.xml
4,Ideology,ludeon.rimworld.ideology,Darktorch,darktorch,building,(none),,TorchLamp,,,Defs\ThingDefs_Buildings\Buildings_Ideo.xml
4,Ideology,ludeon.rimworld.ideology,DarktorchFungus,fungus darktorch,building,(none),,TorchLamp,,,Defs\ThingDefs_Buildings\Buildings_Ideo.xml
4,Ideology,ludeon.rimworld.ideology,SleepAccelerator,sleep accelerator,building,(none),,BuildingBase,BuildingsMisc,MicroelectronicsBasics,Defs\ThingDefs_Buildings\Buildings_Ideo.xml
4,Ideology,ludeon.rimworld.ideology,BiosculpterPod,biosculpter pod,building,(none),,BuildingBase,BuildingsMisc,Biosculpting,Defs\ThingDefs_Buildings\Buildings_Ideo.xml
4,Ideology,ludeon.rimworld.ideology,NeuralSupercharger,neural supercharger,building,(none),,BuildingBase,BuildingsMisc,NeuralSupercharger,Defs\ThingDefs_Buildings\Buildings_Ideo.xml
4,Ideology,ludeon.rimworld.ideology,ChristmasTree,christmas tree,building,(none),,IdeoBuildingConsumableBase,BuildingsMisc,,Defs\ThingDefs_Buildings\Buildings_Ideo.xml
4,Ideology,ludeon.rimworld.ideology,CannibalPlatter,cannibal platter,building,(none),,IdeoBuildingConsumableBase,BuildingsMisc,,Defs\ThingDefs_Buildings\Buildings_Ideo.xml
4,Ideology,ludeon.rimworld.ideology,Effigy,effigy,building,(none),,IdeoBurnableBase,BuildingsMisc,,Defs\ThingDefs_Buildings\Buildings_Ideo.xml
4,Ideology,ludeon.rimworld.ideology,SacrificialFlag,sacrificial flag,building,(none),,IdeoBurnableBase,BuildingsMisc,,Defs\ThingDefs_Buildings\Buildings_Ideo.xml
4,Ideology,ludeon.rimworld.ideology,Pyre,pyre,building,(none),,IdeoBurnableBase,BuildingsMisc,,Defs\ThingDefs_Buildings\Buildings_Ideo.xml
4,Ideology,ludeon.rimworld.ideology,Burnbong,burnbong,building,(none),,IdeoSmokerBase,BuildingsMisc,,Defs\ThingDefs_Buildings\Buildings_Ideo.xml
4,Ideology,ludeon.rimworld.ideology,IncenseShrine,incense shrine,building,(none),,IdeoSmokerBase,BuildingsMisc,,Defs\ThingDefs_Buildings\Buildings_Ideo.xml
4,Ideology,ludeon.rimworld.ideology,RitualSpot,ritual spot,building,(none),,BuildingBase,,,Defs\ThingDefs_Buildings\Buildings_Ideo.xml
4,Ideology,ludeon.rimworld.ideology,Lectern,lectern,building,(none),,BuildingBase,BuildingsMisc,,Defs\ThingDefs_Buildings\Buildings_Misc.xml
4,Ideology,ludeon.rimworld.ideology,Reliquary,reliquary,building,(none),,BuildingBase,,ComplexFurniture,Defs\ThingDefs_Buildings\Buildings_Misc.xml
4,Ideology,ludeon.rimworld.ideology,StylingStation,styling station,building,(none),,BuildingBase,BuildingsFurniture,ComplexFurniture,Defs\ThingDefs_Buildings\Buildings_Misc.xml
4,Ideology,ludeon.rimworld.ideology,GibbetCage,gibbet cage,building,(none),,BuildingBase,BuildingsMisc,,Defs\ThingDefs_Buildings\Buildings_Misc.xml
4,Ideology,ludeon.rimworld.ideology,LightBall,lightball,building,(none),,BuildingBase,BuildingsMisc,Electricity,Defs\ThingDefs_Buildings\Buildings_Misc.xml
4,Ideology,ludeon.rimworld.ideology,Loudspeaker,loudspeaker,building,(none),,BuildingBase,BuildingsMisc,Electricity,Defs\ThingDefs_Buildings\Buildings_Misc.xml
4,Ideology,ludeon.rimworld.ideology,Drum,drum,building,(none),,MusicalInstrumentBase,BuildingsJoy,,Defs\ThingDefs_Buildings\Buildings_Misc.xml
4,Ideology,ludeon.rimworld.ideology,Pew,pew,building,(none),,RitualSeatBase,BuildingsFurniture,,Defs\ThingDefs_Buildings\Buildings_Misc.xml
4,Ideology,ludeon.rimworld.ideology,KneelSheet,kneel sheet,building,(none),,RitualSeatBase,BuildingsFurniture,,Defs\ThingDefs_Buildings\Buildings_Misc.xml
4,Ideology,ludeon.rimworld.ideology,KneelPillow,kneel pillow,building,(none),,RitualSeatBase,BuildingsFurniture,,Defs\ThingDefs_Buildings\Buildings_Misc.xml
4,Ideology,ludeon.rimworld.ideology,PlantPot_Bonsai,bonsai pot,building,(none),,FurnitureWithQualityBase,BuildingsFurniture,TreeSowing,Defs\ThingDefs_Buildings\Buildings_Misc.xml
4,Ideology,ludeon.rimworld.ideology,SlabBed,slab bed,building,Medieval,,Bed,BuildingsFurniture,ComplexFurniture,Defs\ThingDefs_Buildings\Buildings_Misc.xml
4,Ideology,ludeon.rimworld.ideology,SlabDoubleBed,slab double bed,building,Medieval,,DoubleBed,BuildingsFurniture,ComplexFurniture,Defs\ThingDefs_Buildings\Buildings_Misc.xml
4,Ideology,ludeon.rimworld.ideology,Skullspike,skullspike,building,(none),,BuildingBase,BuildingsMisc,,Defs\ThingDefs_Buildings\Buildings_Misc.xml
4,Ideology,ludeon.rimworld.ideology,DryadCocoon,dryad cocoon,building,(none),,,,,Defs\ThingDefs_Buildings\Buildings_Misc.xml
4,Ideology,ludeon.rimworld.ideology,DryadHealingPod,dryad healing pod,building,(none),,,,,Defs\ThingDefs_Buildings\Buildings_Misc.xml
4,Ideology,ludeon.rimworld.ideology,GaumakerCocoon,gaumaker pod,building,(none),,,,,Defs\ThingDefs_Buildings\Buildings_Misc.xml
4,Ideology,ludeon.rimworld.ideology,Autobong,autobong,parent:BuildingBase,(none),,BuildingBase,,MicroelectronicsBasics,Defs\ThingDefs_Buildings\Buildings_Misc.xml
4,Ideology,ludeon.rimworld.ideology,ArchonexusCore,archonexus core,building,(none),,ArchonexusBuilding,,,Defs\ThingDefs_Buildings\Buildings_Special.xml
4,Ideology,ludeon.rimworld.ideology,GrandArchotechStructure,grand archotech structure,building,(none),,ArchonexusBuilding,,,Defs\ThingDefs_Buildings\Buildings_Special.xml
4,Ideology,ludeon.rimworld.ideology,MajorArchotechStructure,major archotech structure,building,(none),,ArchonexusBuilding,,,Defs\ThingDefs_Buildings\Buildings_Special.xml
4,Ideology,ludeon.rimworld.ideology,MajorArchotechStructureStudiable,major archotech structure,building,(none),,MajorArchotechStructure,,,Defs\ThingDefs_Buildings\Buildings_Special.xml
4,Ideology,ludeon.rimworld.ideology,ArchotechTower,archotech tower,building,(none),,ArchonexusBuilding,,,Defs\ThingDefs_Buildings\Buildings_Special.xml
4,Ideology,ludeon.rimworld.ideology,Apparel_Headwrap,headwrap,apparel,Neolithic,,HatMakeableBase,Headgear,,Defs\ThingDefs_Misc\Apparel_Headgear.xml
4,Ideology,ludeon.rimworld.ideology,Apparel_Broadwrap,broadwrap,apparel,Neolithic,,HatMakeableBase,Headgear,,Defs\ThingDefs_Misc\Apparel_Headgear.xml
4,Ideology,ludeon.rimworld.ideology,Apparel_VisageMask,visage mask,apparel,Neolithic,,HatMakeableBase,Headgear,,Defs\ThingDefs_Misc\Apparel_Headgear.xml
4,Ideology,ludeon.rimworld.ideology,Apparel_Slicecap,slicecap,apparel,Medieval,,HatMakeableBase,Headgear,,Defs\ThingDefs_Misc\Apparel_Headgear.xml
4,Ideology,ludeon.rimworld.ideology,Apparel_Collar,slave collar,apparel,Medieval,,HatMakeableBase,Headgear,,Defs\ThingDefs_Misc\Apparel_Headgear.xml
4,Ideology,ludeon.rimworld.ideology,Apparel_AuthorityCap,authority cap,apparel,Medieval,,HatMakeableBase,Headgear,,Defs\ThingDefs_Misc\Apparel_Headgear.xml
4,Ideology,ludeon.rimworld.ideology,Apparel_Tailcap,tailcap,apparel,Medieval,,HatMakeableBase,Headgear,ComplexClothing,Defs\ThingDefs_Misc\Apparel_Headgear.xml
4,Ideology,ludeon.rimworld.ideology,Apparel_Shadecone,shadecone,apparel,Medieval,,HatMakeableBase,Headgear,ComplexClothing,Defs\ThingDefs_Misc\Apparel_Headgear.xml
4,Ideology,ludeon.rimworld.ideology,Apparel_Flophat,flophat,apparel,Medieval,,HatMakeableBase,Headgear,ComplexClothing,Defs\ThingDefs_Misc\Apparel_Headgear.xml
4,Ideology,ludeon.rimworld.ideology,Apparel_BodyStrap,slave body strap,apparel,Medieval,,ApparelMakeableBase,ApparelMisc,,Defs\ThingDefs_Misc\Apparel_Various.xml
4,Ideology,ludeon.rimworld.ideology,Apparel_Burka,burka,apparel,Neolithic,,ApparelMakeableBase,ApparelMisc,,Defs\ThingDefs_Misc\Apparel_Various.xml
4,Ideology,ludeon.rimworld.ideology,Apparel_TortureCrown,torture crown,apparel,Medieval,,ApparelBase,Headgear,,Defs\ThingDefs_Misc\Apparel_Various.xml
4,Ideology,ludeon.rimworld.ideology,Apparel_Blindfold,blindfold,apparel,Medieval,,HatMakeableBase,Headgear,,Defs\ThingDefs_Misc\Apparel_Various.xml
4,Ideology,ludeon.rimworld.ideology,SpacedroneIncoming,spacedrone (incoming),parent:SkyfallerBase,(none),,SkyfallerBase,,,Defs\ThingDefs_Misc\Ethereal_Skyfallers.xml
4,Ideology,ludeon.rimworld.ideology,SkyLantern,skylantern,parent:SkyfallerBase,(none),,SkyfallerBase,,,Defs\ThingDefs_Misc\Ethereal_Skyfallers.xml
4,Ideology,ludeon.rimworld.ideology,Filth_DriedBlood,dried blood,parent:BaseFilth,(none),,BaseFilth,,,Defs\ThingDefs_Misc\Filth_Various.xml
4,Ideology,ludeon.rimworld.ideology,Filth_PodSlime,pod slime,parent:BaseFilth,(none),,BaseFilth,,,Defs\ThingDefs_Misc\Filth_Various.xml
4,Ideology,ludeon.rimworld.ideology,MorbidSlab_Medium,morbid slab (medium),building,(none),,BuildingFloorCoveringMediumBase,BuildingsFurniture,Stonecutting,Defs\ThingDefs_Misc\FloorCoverings.xml
4,Ideology,ludeon.rimworld.ideology,MorbidSlab_Broad,morbid slab (broad),building,(none),,BuildingFloorCoveringBroadBase,BuildingsFurniture,Stonecutting,Defs\ThingDefs_Misc\FloorCoverings.xml
4,Ideology,ludeon.rimworld.ideology,TotemicSlab_Medium,totemic slab (medium),building,(none),,BuildingFloorCoveringMediumBase,BuildingsFurniture,,Defs\ThingDefs_Misc\FloorCoverings.xml
4,Ideology,ludeon.rimworld.ideology,TotemicSlab_Broad,totemic slab (broad),building,(none),,BuildingFloorCoveringBroadBase,BuildingsFurniture,,Defs\ThingDefs_Misc\FloorCoverings.xml
4,Ideology,ludeon.rimworld.ideology,SpikecoreFloorStar_Medium,spikecore floor-star (medium),building,(none),,BuildingFloorCoveringMediumBase,BuildingsFurniture,,Defs\ThingDefs_Misc\FloorCoverings.xml
4,Ideology,ludeon.rimworld.ideology,SpikecoreFloorStar_Broad,spikecore floor-star (broad),building,(none),,BuildingFloorCoveringBroadBase,BuildingsFurniture,,Defs\ThingDefs_Misc\FloorCoverings.xml
4,Ideology,ludeon.rimworld.ideology,RusticRug_Medium,rustic rug (medium),building,(none),,BuildingFloorCoveringMediumBase,BuildingsFurniture,,Defs\ThingDefs_Misc\FloorCoverings.xml
4,Ideology,ludeon.rimworld.ideology,RusticRug_Broad,rustic rug (broad),building,(none),,BuildingFloorCoveringBroadBase,BuildingsFurniture,,Defs\ThingDefs_Misc\FloorCoverings.xml
4,Ideology,ludeon.rimworld.ideology,AnimalistSlab_Medium,animalist slab (medium),building,(none),,BuildingFloorCoveringMediumBase,BuildingsFurniture,,Defs\ThingDefs_Misc\FloorCoverings.xml
4,Ideology,ludeon.rimworld.ideology,AnimalistSlab_Broad,animalist slab (broad),building,(none),,BuildingFloorCoveringBroadBase,BuildingsFurniture,,Defs\ThingDefs_Misc\FloorCoverings.xml
4,Ideology,ludeon.rimworld.ideology,RelicInertCup,chalice,item,Archotech,500,RelicInertBase,InertRelics,,Defs\ThingDefs_Misc\Relics.xml
4,Ideology,ludeon.rimworld.ideology,RelicInertPendant,pendant,item,Archotech,500,RelicInertBase,InertRelics,,Defs\ThingDefs_Misc\Relics.xml
4,Ideology,ludeon.rimworld.ideology,RelicInertBox,box,item,Archotech,500,RelicInertBase,InertRelics,,Defs\ThingDefs_Misc\Relics.xml
4,Ideology,ludeon.rimworld.ideology,RelicInertTablet,tablet,item,Archotech,500,RelicInertBase,InertRelics,,Defs\ThingDefs_Misc\Relics.xml
4,Ideology,ludeon.rimworld.ideology,RelicInertFragment,fragment,item,Archotech,500,RelicInertBase,InertRelics,,Defs\ThingDefs_Misc\Relics.xml
4,Ideology,ludeon.rimworld.ideology,RelicInertSwordHandle,hilt,item,Archotech,500,RelicInertBase,InertRelics,,Defs\ThingDefs_Misc\Relics.xml
4,Ideology,ludeon.rimworld.ideology,RelicInertArk,ark,item,Archotech,500,RelicInertBase,InertRelics,,Defs\ThingDefs_Misc\Relics.xml
4,Ideology,ludeon.rimworld.ideology,RelicInertCube,cube,item,Archotech,500,RelicInertBase,InertRelics,,Defs\ThingDefs_Misc\Relics.xml
4,Ideology,ludeon.rimworld.ideology,Plant_Nutrifungus,nutrifungus,plant,(none),,CavePlantBase,Plants,,Defs\ThingDefs_Plants\Plants_Special.xml
4,Ideology,ludeon.rimworld.ideology,Plant_TreeBonsai,bonsai tree,plant,(none),,TreeBase,Plants,,Defs\ThingDefs_Plants\Plants_Special.xml
4,Ideology,ludeon.rimworld.ideology,Plant_Fibercorn,fibercorn,plant,(none),,PlantBaseNonEdible,Plants,,Defs\ThingDefs_Plants\Plants_Special.xml
4,Ideology,ludeon.rimworld.ideology,Plant_TreeGauranlen,Gauranlen tree,plant,(none),,TreeBase,Plants,,Defs\ThingDefs_Plants\Plants_Special.xml
4,Ideology,ludeon.rimworld.ideology,ChoppedStump_Gauranlen,chopped gauranlen stump,plant,(none),,StumpChoppedBase,Stumps,,Defs\ThingDefs_Plants\Plants_Special.xml
4,Ideology,ludeon.rimworld.ideology,SmashedStump_Gauranlen,smashed gauranlen stump,plant,(none),,StumpSmashedBase,Stumps,,Defs\ThingDefs_Plants\Plants_Special.xml
4,Ideology,ludeon.rimworld.ideology,Plant_MossGauranlen,Gauranlen moss,plant,(none),,PlantBaseNonEdible,Plants,,Defs\ThingDefs_Plants\Plants_Special.xml
4,Ideology,ludeon.rimworld.ideology,Plant_PodGauranlen,Gauranlen pod,plant,(none),,PlantBaseNonEdible,Plants,,Defs\ThingDefs_Plants\Plants_Special.xml
4,Ideology,ludeon.rimworld.ideology,GauranlenSeed,Gauranlen seed,item,(none),70,ResourceBase,ItemsMisc,,Defs\ThingDefs_Plants\Plants_Special.xml
4,Ideology,ludeon.rimworld.ideology,Dryad_Basic,immature dryad,pawn,(none),,DryadBase,Animals,,Defs\ThingDefs_Races\Races_Animal_Special.xml
4,Ideology,ludeon.rimworld.ideology,Dryad_Woodmaker,woodmaker dryad,pawn,(none),,DryadBase,Animals,,Defs\ThingDefs_Races\Races_Animal_Special.xml
4,Ideology,ludeon.rimworld.ideology,Dryad_Berrymaker,berrymaker dryad,pawn,(none),,DryadBase,Animals,,Defs\ThingDefs_Races\Races_Animal_Special.xml
4,Ideology,ludeon.rimworld.ideology,Dryad_Medicinemaker,medicinemaker dryad,pawn,(none),,DryadBase,Animals,,Defs\ThingDefs_Races\Races_Animal_Special.xml
4,Ideology,ludeon.rimworld.ideology,Dryad_Gaumaker,gaumaker dryad,pawn,(none),,DryadBase,Animals,,Defs\ThingDefs_Races\Races_Animal_Special.xml
4,Ideology,ludeon.rimworld.ideology,Dryad_Carrier,carrier dryad,pawn,(none),,DryadBase,Animals,,Defs\ThingDefs_Races\Races_Animal_Special.xml
4,Ideology,ludeon.rimworld.ideology,Dryad_Clawer,clawer dryad,pawn,(none),,DryadBase,Animals,,Defs\ThingDefs_Races\Races_Animal_Special.xml
4,Ideology,ludeon.rimworld.ideology,Dryad_Barkskin,barkskin dryad,pawn,(none),,DryadBase,Animals,,Defs\ThingDefs_Races\Races_Animal_Special.xml
5,Biotech,ludeon.rimworld.biotech,PiercingSpine,keratin spine,projectile,(none),,BaseBullet,,,Defs\AbilityDefs\Abilities.xml
5,Biotech,ludeon.rimworld.biotech,Proj_Acid,acid,projectile,(none),,,,,Defs\AbilityDefs\Abilities.xml
5,Biotech,ludeon.rimworld.biotech,Proj_Foam_Ability,foam,projectile,(none),,ProjectileFoamBase,,,Defs\AbilityDefs\Abilities.xml
5,Biotech,ludeon.rimworld.biotech,Mote_Toy,Mote,mote,(none),,MoteBase,,,Defs\Effects\Mote_Meta.xml
5,Biotech,ludeon.rimworld.biotech,MechGestatorForming_South,Mote,parent:MechGestatorFormingBase,(none),,MechGestatorFormingBase,,,Defs\Effects\Mote_Visual.xml
5,Biotech,ludeon.rimworld.biotech,MechGestatorForming_East,Mote,parent:MechGestatorFormingBase,(none),,MechGestatorFormingBase,,,Defs\Effects\Mote_Visual.xml
5,Biotech,ludeon.rimworld.biotech,MechGestatorForming_North,Mote,parent:MechGestatorFormingBase,(none),,MechGestatorFormingBase,,,Defs\Effects\Mote_Visual.xml
5,Biotech,ludeon.rimworld.biotech,MechGestatorCycleComplete_South,Mote,parent:MechGestatorFormingSouth,(none),,MechGestatorFormingSouth,,,Defs\Effects\Mote_Visual.xml
5,Biotech,ludeon.rimworld.biotech,MechGestatorCycleComplete_East,Mote,parent:MechGestatorFormingEast,(none),,MechGestatorFormingEast,,,Defs\Effects\Mote_Visual.xml
5,Biotech,ludeon.rimworld.biotech,MechGestatorCycleComplete_North,Mote,parent:MechGestatorFormingNorth,(none),,MechGestatorFormingNorth,,,Defs\Effects\Mote_Visual.xml
5,Biotech,ludeon.rimworld.biotech,MechGestatorFormed_South,Mote,parent:MechGestatorFormingSouth,(none),,MechGestatorFormingSouth,,,Defs\Effects\Mote_Visual.xml
5,Biotech,ludeon.rimworld.biotech,MechGestatorFormed_East,Mote,parent:MechGestatorFormingEast,(none),,MechGestatorFormingEast,,,Defs\Effects\Mote_Visual.xml
5,Biotech,ludeon.rimworld.biotech,MechGestatorFormed_North,Mote,parent:MechGestatorFormingNorth,(none),,MechGestatorFormingNorth,,,Defs\Effects\Mote_Visual.xml
5,Biotech,ludeon.rimworld.biotech,MechGestatorFormingLarge_South,Mote,parent:MechGestatorFormingBase,(none),,MechGestatorFormingBase,,,Defs\Effects\Mote_Visual.xml
5,Biotech,ludeon.rimworld.biotech,MechGestatorFormingLarge_East,Mote,parent:MechGestatorFormingBase,(none),,MechGestatorFormingBase,,,Defs\Effects\Mote_Visual.xml
5,Biotech,ludeon.rimworld.biotech,MechGestatorFormingLarge_West,Mote,parent:MechGestatorFormingLargeEast,(none),,MechGestatorFormingLargeEast,,,Defs\Effects\Mote_Visual.xml
5,Biotech,ludeon.rimworld.biotech,MechGestatorFormingLarge_North,Mote,parent:MechGestatorFormingBase,(none),,MechGestatorFormingBase,,,Defs\Effects\Mote_Visual.xml
5,Biotech,ludeon.rimworld.biotech,MechGestatorCycleCompleteLarge_South,Mote,parent:MechGestatorFormingLargeSouth,(none),,MechGestatorFormingLargeSouth,,,Defs\Effects\Mote_Visual.xml
5,Biotech,ludeon.rimworld.biotech,MechGestatorCycleCompleteLarge_East,Mote,parent:MechGestatorFormingLargeEast,(none),,MechGestatorFormingLargeEast,,,Defs\Effects\Mote_Visual.xml
5,Biotech,ludeon.rimworld.biotech,MechGestatorCycleCompleteLarge_West,Mote,parent:MechGestatorFormingLargeWest,(none),,MechGestatorFormingLargeWest,,,Defs\Effects\Mote_Visual.xml
5,Biotech,ludeon.rimworld.biotech,MechGestatorCycleCompleteLarge_North,Mote,parent:MechGestatorFormingLargeNorth,(none),,MechGestatorFormingLargeNorth,,,Defs\Effects\Mote_Visual.xml
5,Biotech,ludeon.rimworld.biotech,MechGestatorFormedLarge_South,Mote,parent:MechGestatorFormingLargeSouth,(none),,MechGestatorFormingLargeSouth,,,Defs\Effects\Mote_Visual.xml
5,Biotech,ludeon.rimworld.biotech,MechGestatorFormedLarge_East,Mote,parent:MechGestatorFormingLargeEast,(none),,MechGestatorFormingLargeEast,,,Defs\Effects\Mote_Visual.xml
5,Biotech,ludeon.rimworld.biotech,MechGestatorFormedLarge_West,Mote,parent:MechGestatorFormingLargeWest,(none),,MechGestatorFormingLargeWest,,,Defs\Effects\Mote_Visual.xml
5,Biotech,ludeon.rimworld.biotech,MechGestatorFormedLarge_North,Mote,parent:MechGestatorFormingLargeNorth,(none),,MechGestatorFormingLargeNorth,,,Defs\Effects\Mote_Visual.xml
5,Biotech,ludeon.rimworld.biotech,Mote_PollutionPump,Mote,mote,(none),,MoteBase,,,Defs\Effects\Mote_Visual.xml
5,Biotech,ludeon.rimworld.biotech,Mote_GraserBeamBase,Mote,mote,(none),,MoteBase,,,Defs\Effects\Mote_Visual.xml
5,Biotech,ludeon.rimworld.biotech,Mote_MechCharging,Mote,mote,(none),,MoteBase,,,Defs\Effects\Mote_Visual.xml
5,Biotech,ludeon.rimworld.biotech,Mote_ChargingCablesPulse,Mote,mote,(none),,MoteBase,,,Defs\Effects\Mote_Visual.xml
5,Biotech,ludeon.rimworld.biotech,Mote_HellsphereCannon_Aim,Mote,mote,(none),,MoteBase,,,Defs\Effects\Mote_Visual.xml
5,Biotech,ludeon.rimworld.biotech,Mote_HellsphereCannon_Charge,Mote,mote,(none),,MoteBase,,,Defs\Effects\Mote_Visual.xml
5,Biotech,ludeon.rimworld.biotech,Mote_HellsphereCannon_Target,Mote,mote,(none),,MoteBase,,,Defs\Effects\Mote_Visual.xml
5,Biotech,ludeon.rimworld.biotech,SoftScannerGlow_North,Mote,mote,(none),,SubcoreScannerMoteBase,,,Defs\Effects\Mote_Visual.xml
5,Biotech,ludeon.rimworld.biotech,SoftScannerGlow_South,Mote,mote,(none),,SubcoreScannerMoteBase,,,Defs\Effects\Mote_Visual.xml
5,Biotech,ludeon.rimworld.biotech,SoftScannerGlow_East,Mote,mote,(none),,SubcoreScannerMoteBase,,,Defs\Effects\Mote_Visual.xml
5,Biotech,ludeon.rimworld.biotech,SoftScannerGlow_West,Mote,mote,(none),,SubcoreScannerMoteBase,,,Defs\Effects\Mote_Visual.xml
5,Biotech,ludeon.rimworld.biotech,RipScannerGlow_North,Mote,mote,(none),,SubcoreRipscannerMoteBase,,,Defs\Effects\Mote_Visual.xml
5,Biotech,ludeon.rimworld.biotech,RipScannerGlow_South,Mote,mote,(none),,SubcoreRipscannerMoteBase,,,Defs\Effects\Mote_Visual.xml
5,Biotech,ludeon.rimworld.biotech,RipScannerGlow_East,Mote,mote,(none),,SubcoreRipscannerMoteBase,,,Defs\Effects\Mote_Visual.xml
5,Biotech,ludeon.rimworld.biotech,RipScannerGlow_West,Mote,mote,(none),,SubcoreRipscannerMoteBase,,,Defs\Effects\Mote_Visual.xml
5,Biotech,ludeon.rimworld.biotech,Mote_RipscannerHeadGlow,Mote,mote,(none),,MoteBase,,,Defs\Effects\Mote_Visual.xml
5,Biotech,ludeon.rimworld.biotech,Mote_SubcoreEncoderNorth,Mote,mote,(none),,SubcoreEncoderMoteBase,,,Defs\Effects\Mote_Visual.xml
5,Biotech,ludeon.rimworld.biotech,Mote_SubcoreEncoderSouth,Mote,mote,(none),,SubcoreEncoderMoteBase,,,Defs\Effects\Mote_Visual.xml
5,Biotech,ludeon.rimworld.biotech,Mote_SubcoreEncoderEast,Mote,mote,(none),,SubcoreEncoderMoteBase,,,Defs\Effects\Mote_Visual.xml
5,Biotech,ludeon.rimworld.biotech,Mote_MechbandAntennaWaves,Mote,mote,(none),,MoteBase,,,Defs\Effects\Mote_Visual.xml
5,Biotech,ludeon.rimworld.biotech,Mote_MechbandDishWaves,Mote,mote,(none),,MoteBase,,,Defs\Effects\Mote_Visual.xml
5,Biotech,ludeon.rimworld.biotech,Mote_MechbandPreparing,Mote,mote,(none),,MoteBase,,,Defs\Effects\Mote_Visual.xml
5,Biotech,ludeon.rimworld.biotech,Mote_WarhUrchinSpawnElectricity,Mote,mote,(none),,MoteBase,,,Defs\Effects\Mote_Visual.xml
5,Biotech,ludeon.rimworld.biotech,Mote_WarUrchinSpawnFlash,Mote,mote,(none),,MoteBase,,,Defs\Effects\Mote_Visual.xml
5,Biotech,ludeon.rimworld.biotech,Mote_WarQueenSpineGlow,Mote,mote,(none),,MoteBase,,,Defs\Effects\Mote_Visual.xml
5,Biotech,ludeon.rimworld.biotech,Mote_MechTunnelerSlowedDown,Mote,mote,(none),,MoteBase,,,Defs\Effects\Mote_Visual.xml
5,Biotech,ludeon.rimworld.biotech,Mote_NewbornBecomeChildGlow,Mote,mote,(none),,MoteBase,,,Defs\Effects\Mote_Visual.xml
5,Biotech,ludeon.rimworld.biotech,Mote_MechUncontrolled,Mote,mote,(none),,MoteBase,,,Defs\Effects\Mote_Visual.xml
5,Biotech,ludeon.rimworld.biotech,Mote_MechResurrectWarmupOnTarget,Mote,mote,(none),,MoteBase,,,Defs\Effects\Mote_Visual.xml
5,Biotech,ludeon.rimworld.biotech,Mote_ApocritonWarmupArea,Mote,mote,(none),,MoteGlowDistorted,,,Defs\Effects\Mote_Visual.xml
5,Biotech,ludeon.rimworld.biotech,Mote_MechResurrectGlow,Mote,mote,(none),,MoteBase,,,Defs\Effects\Mote_Visual.xml
5,Biotech,ludeon.rimworld.biotech,Mote_MechResurrectFlash,Mote,mote,(none),,MoteBase,,,Defs\Effects\Mote_Visual.xml
5,Biotech,ludeon.rimworld.biotech,Mote_XenogermImplantation,Mote,mote,(none),,MoteBase,,,Defs\Effects\Mote_Visual.xml
5,Biotech,ludeon.rimworld.biotech,Mote_MechControlTakingSparkArch,Mote,mote,(none),,MoteBase,,,Defs\Effects\Mote_Visual.xml
5,Biotech,ludeon.rimworld.biotech,Mote_RedFlash,Mote,mote,(none),,MoteBase,,,Defs\Effects\Mote_Visual.xml
5,Biotech,ludeon.rimworld.biotech,Mote_RedFlashStrong,Mote,mote,(none),,MoteBase,,,Defs\Effects\Mote_Visual.xml
5,Biotech,ludeon.rimworld.biotech,Mote_CoagulateStencil,Mote,mote,(none),,MoteBase,,,Defs\Effects\Mote_Visual.xml
5,Biotech,ludeon.rimworld.biotech,Mote_CoagulateA,Mote,mote,(none),,MoteCoagulateBase,,,Defs\Effects\Mote_Visual.xml
5,Biotech,ludeon.rimworld.biotech,Mote_CoagulateB,Mote,mote,(none),,MoteCoagulateBase,,,Defs\Effects\Mote_Visual.xml
5,Biotech,ludeon.rimworld.biotech,Mote_SanguophageMeetingSmoke,Mote,mote,(none),,MoteBase,,,Defs\Effects\Mote_Visual.xml
5,Biotech,ludeon.rimworld.biotech,Mote_Deathresting,Mote,mote,(none),,MoteBase,,,Defs\Effects\Mote_Visual.xml
5,Biotech,ludeon.rimworld.biotech,Mote_VatGlowHorizontal,Mote,mote,(none),,MoteBase,,,Defs\Effects\Mote_Visual.xml
5,Biotech,ludeon.rimworld.biotech,Mote_VatGlowVertical,Mote,mote,(none),,MoteBase,,,Defs\Effects\Mote_Visual.xml
5,Biotech,ludeon.rimworld.biotech,Mote_MechbandElectricity,Mote,mote,(none),,MoteBase,,,Defs\Effects\Mote_Visual.xml
5,Biotech,ludeon.rimworld.biotech,Mote_ApocritonPulse,Mote,mote,(none),,MoteGlowDistorted,,,Defs\Effects\Mote_Visual.xml
5,Biotech,ludeon.rimworld.biotech,Mote_MechSparkSimple,Mote,mote,(none),,MoteBase,,,Defs\Effects\Mote_Visual.xml
5,Biotech,ludeon.rimworld.biotech,Mote_AnimalWarcallTarget,Mote,mote,(none),,MoteBase,,,Defs\Effects\Mote_Visual.xml
5,Biotech,ludeon.rimworld.biotech,Mote_AnimalWarcallWarmup,Mote,mote,(none),,MoteBase,,,Defs\Effects\Mote_Visual.xml
5,Biotech,ludeon.rimworld.biotech,Mote_AnimalWarcallTargetFlash,Mote,mote,(none),,MoteBase,,,Defs\Effects\Mote_Visual.xml
5,Biotech,ludeon.rimworld.biotech,Mote_AnimalWarcallMentalState,Mote,mote,(none),,MoteBase,,,Defs\Effects\Mote_Visual.xml
5,Biotech,ludeon.rimworld.biotech,Mote_BabyCryingDots,Mote,mote,(none),,MoteBase,,,Defs\Effects\Mote_Visual.xml
5,Biotech,ludeon.rimworld.biotech,DetoxifierLung,detoxifier lung,bodypart,Spacer,925,BodyPartBionicBase,BodyPartsBionic,ToxFiltration,Defs\HediffDefs\Hediffs_BodyParts_Detoxifier.xml
5,Biotech,ludeon.rimworld.biotech,DetoxifierKidney,detoxifier kidney,bodypart,Spacer,1080,BodyPartBionicBase,BodyPartsBionic,ToxFiltration,Defs\HediffDefs\Hediffs_BodyParts_Detoxifier.xml
5,Biotech,ludeon.rimworld.biotech,Mechlink,mechlink,bodypart,Archotech,500,MechanitorImplantBase,BodyPartsMechtech,,Defs\HediffDefs\Hediffs_Mechanitor.xml
5,Biotech,ludeon.rimworld.biotech,ControlSublink,control sublink (standard),bodypart,Archotech,1200,ControlSublinkBase,BodyPartsMechtech,StandardMechtech,Defs\HediffDefs\Hediffs_Mechanitor.xml
5,Biotech,ludeon.rimworld.biotech,ControlSublinkHigh,control sublink (high),bodypart,Archotech,1200,ControlSublinkBase,BodyPartsMechtech,HighMechtech,Defs\HediffDefs\Hediffs_Mechanitor.xml
5,Biotech,ludeon.rimworld.biotech,RemoteRepairer,remote repairer,bodypart,Archotech,1200,MechanitorImplantCraftableBase,BodyPartsMechtech,HighMechtech,Defs\HediffDefs\Hediffs_Mechanitor.xml
5,Biotech,ludeon.rimworld.biotech,MechFormfeeder,mech gestation processor,bodypart,Archotech,1200,MechanitorImplantCraftableBase,BodyPartsMechtech,StandardMechtech,Defs\HediffDefs\Hediffs_Mechanitor.xml
5,Biotech,ludeon.rimworld.biotech,RemoteShielder,remote shielder,bodypart,Archotech,1200,MechanitorImplantCraftableBase,BodyPartsMechtech,HighMechtech,Defs\HediffDefs\Hediffs_Mechanitor.xml
5,Biotech,ludeon.rimworld.biotech,RepairProbe,repair probe,bodypart,Archotech,1200,MechanitorImplantCraftableBase,BodyPartsMechtech,UltraMechtech,Defs\HediffDefs\Hediffs_Mechanitor.xml
5,Biotech,ludeon.rimworld.biotech,AncientToxifierGenerator,ancient toxifier generator,building,(none),,AncientMechBuildingBase,,,Defs\ThingDefs_Buildings\Buildings_Ancient_Mechanitor.xml
5,Biotech,ludeon.rimworld.biotech,AncientBandNode,ancient band node,building,(none),,AncientMechBuildingBase,,,Defs\ThingDefs_Buildings\Buildings_Ancient_Mechanitor.xml
5,Biotech,ludeon.rimworld.biotech,AncientExostriderRemains,ancient exostrider midsection,building,(none),,NonDeconstructibleAncientBuildingBase,,,Defs\ThingDefs_Buildings\Buildings_Ancient_Outdoors.xml
5,Biotech,ludeon.rimworld.biotech,AncientExostriderHead,ancient exostrider head,building,(none),,NonDeconstructibleAncientBuildingBase,,,Defs\ThingDefs_Buildings\Buildings_Ancient_Outdoors.xml
5,Biotech,ludeon.rimworld.biotech,AncientExostriderLeg,ancient exostrider leg,building,(none),,NonDeconstructibleAncientBuildingBase,,,Defs\ThingDefs_Buildings\Buildings_Ancient_Outdoors.xml
5,Biotech,ludeon.rimworld.biotech,AncientExostriderCannon,ancient exostrider cannon,building,(none),,NonDeconstructibleAncientBuildingBase,,,Defs\ThingDefs_Buildings\Buildings_Ancient_Outdoors.xml
5,Biotech,ludeon.rimworld.biotech,DeathrestCasket,deathrest casket,building,(none),,FurnitureWithQualityBase,BuildingsMisc,Deathrest,Defs\ThingDefs_Buildings\Buildings_Deathrest.xml
5,Biotech,ludeon.rimworld.biotech,Hemopump,hemopump,building,(none),,DeathrestBuildingHemogenFueled,BuildingsMisc,Deathrest,Defs\ThingDefs_Buildings\Buildings_Deathrest.xml
5,Biotech,ludeon.rimworld.biotech,HemogenAmplifier,hemogen amplifier,building,(none),,DeathrestBuildingHemogenFueled,BuildingsMisc,Deathrest,Defs\ThingDefs_Buildings\Buildings_Deathrest.xml
5,Biotech,ludeon.rimworld.biotech,GlucosoidPump,glucosoid pump,building,(none),,DeathrestBuildingHemogenFueled,BuildingsMisc,Deathrest,Defs\ThingDefs_Buildings\Buildings_Deathrest.xml
5,Biotech,ludeon.rimworld.biotech,PsychofluidPump,psychofluid pump,building,(none),,DeathrestBuildingHemogenFueled,BuildingsMisc,Deathrest,Defs\ThingDefs_Buildings\Buildings_Deathrest.xml
5,Biotech,ludeon.rimworld.biotech,DeathrestAccelerator,deathrest accelerator,building,(none),,DeathrestBuildingBase,BuildingsMisc,Deathrest,Defs\ThingDefs_Buildings\Buildings_Deathrest.xml
5,Biotech,ludeon.rimworld.biotech,ToyBox,toy box,building,(none),,FurnitureBase,BuildingsFurniture,ComplexFurniture,Defs\ThingDefs_Buildings\Buildings_Furniture.xml
5,Biotech,ludeon.rimworld.biotech,SchoolDesk,school desk,building,(none),,BuildingBase,BuildingsFurniture,ComplexFurniture,Defs\ThingDefs_Buildings\Buildings_Furniture.xml
5,Biotech,ludeon.rimworld.biotech,BabyDecoration,baby decoration,building,(none),,FurnitureBase,BuildingsFurniture,ComplexFurniture,Defs\ThingDefs_Buildings\Buildings_Furniture.xml
5,Biotech,ludeon.rimworld.biotech,BabySleepingSpot,baby sleeping spot,building,(none),,SleepingSpotBase,,,Defs\ThingDefs_Buildings\Buildings_Furniture.xml
5,Biotech,ludeon.rimworld.biotech,Crib,crib,building,Medieval,,SansComfortBedBase,BuildingsFurniture,ComplexFurniture,Defs\ThingDefs_Buildings\Buildings_Furniture.xml
5,Biotech,ludeon.rimworld.biotech,Blackboard,blackboard,building,(none),,BuildingBase,BuildingsFurniture,ComplexFurniture,Defs\ThingDefs_Buildings\Buildings_Furniture.xml
5,Biotech,ludeon.rimworld.biotech,BandNode,band node,building,(none),,BuildingBase,,BasicMechtech,Defs\ThingDefs_Buildings\Buildings_Misc.xml
5,Biotech,ludeon.rimworld.biotech,ToxifierGenerator,toxifier generator,building,(none),,BuildingBase,,ToxifierGenerator,Defs\ThingDefs_Buildings\Buildings_Misc.xml
5,Biotech,ludeon.rimworld.biotech,GeneAssembler,gene assembler,building,(none),,GeneBuildingBase,,Xenogermination,Defs\ThingDefs_Buildings\Buildings_Misc.xml
5,Biotech,ludeon.rimworld.biotech,GeneBank,gene bank,building,(none),,GeneBuildingBase,BuildingsProduction,Xenogermination,Defs\ThingDefs_Buildings\Buildings_Misc.xml
5,Biotech,ludeon.rimworld.biotech,GeneExtractor,gene extractor,building,(none),,BuildingBase,,Xenogermination,Defs\ThingDefs_Buildings\Buildings_Misc.xml
5,Biotech,ludeon.rimworld.biotech,GrowthVat,growth vat,building,(none),,BuildingBase,,GrowthVats,Defs\ThingDefs_Buildings\Buildings_Misc.xml
5,Biotech,ludeon.rimworld.biotech,BurnoutMechlinkBooster,mechband antenna,building,(none),,BuildingBase,,StandardMechtech,Defs\ThingDefs_Buildings\Buildings_Misc.xml
5,Biotech,ludeon.rimworld.biotech,MechbandDish,mechband dish,building,(none),,BuildingBase,,HighMechtech,Defs\ThingDefs_Buildings\Buildings_Misc.xml
5,Biotech,ludeon.rimworld.biotech,PollutionPump,pollution pump,building,(none),,BuildingBase,BuildingsMisc,Electricity,Defs\ThingDefs_Buildings\Buildings_Misc.xml
5,Biotech,ludeon.rimworld.biotech,ShuttleCrashed_Exitable,crashed shuttle,building,(none),,ShuttleCrashedBase,,,Defs\ThingDefs_Buildings\Buildings_Misc.xml
5,Biotech,ludeon.rimworld.biotech,ShuttleCrashed_Exitable_Mechanitor,crashed mechanitor ship,building,(none),,ShuttleCrashedExitable,,,Defs\ThingDefs_Buildings\Buildings_Misc.xml
5,Biotech,ludeon.rimworld.biotech,WastepackAtomizer,wastepack atomizer,building,(none),,BuildingBase,,WastepackAtomizer,Defs\ThingDefs_Buildings\Buildings_Misc.xml
5,Biotech,ludeon.rimworld.biotech,SanguphageMeetingTorch,blood torch,building,(none),,TorchLamp,BuildingsMisc,,Defs\ThingDefs_Buildings\Buildings_Misc.xml
5,Biotech,ludeon.rimworld.biotech,GeneProcessor,gene processor,building,(none),,BuildingBase,,GeneProcessor,Defs\ThingDefs_Buildings\Buildings_Misc.xml
5,Biotech,ludeon.rimworld.biotech,MechBooster,mech booster,building,(none),,BuildingBase,BuildingsMisc,HighMechtech,Defs\ThingDefs_Buildings\Buildings_Misc.xml
5,Biotech,ludeon.rimworld.biotech,TrapIED_ToxGas,IED tox trap,building,(none),,TrapIEDBase,BuildingsSecurity,IEDs,Defs\ThingDefs_Buildings\Buildings_Misc.xml
5,Biotech,ludeon.rimworld.biotech,MechGestator,mech gestator,building,(none),,MechGestatorBase,,BasicMechtech,Defs\ThingDefs_Buildings\Buildings_Production.xml
5,Biotech,ludeon.rimworld.biotech,LargeMechGestator,large mech gestator,building,(none),,MechGestatorBase,,StandardMechtech,Defs\ThingDefs_Buildings\Buildings_Production.xml
5,Biotech,ludeon.rimworld.biotech,SubcoreEncoder,subcore encoder,building,(none),,BenchBase,BuildingsProduction,BasicMechtech,Defs\ThingDefs_Buildings\Buildings_Production.xml
5,Biotech,ludeon.rimworld.biotech,SubcoreSoftscanner,subcore softscanner,building,(none),,SubcoreScannerBase,,StandardMechtech,Defs\ThingDefs_Buildings\Buildings_Production.xml
5,Biotech,ludeon.rimworld.biotech,SubcoreRipscanner,subcore ripscanner,building,(none),,SubcoreScannerBase,,HighMechtech,Defs\ThingDefs_Buildings\Buildings_Production.xml
5,Biotech,ludeon.rimworld.biotech,BasicRecharger,mech recharger,building,(none),,BaseMechCharger,,BasicMechtech,Defs\ThingDefs_Buildings\Buildings_Rechargers.xml
5,Biotech,ludeon.rimworld.biotech,StandardRecharger,large mech recharger,building,(none),,BaseMechCharger,,StandardMechtech,Defs\ThingDefs_Buildings\Buildings_Rechargers.xml
5,Biotech,ludeon.rimworld.biotech,BabyFood,baby food,food/drug,(none),1.25,OrganicProductBase,Foods,,Defs\ThingDefs_Items\Items_Food.xml
5,Biotech,ludeon.rimworld.biotech,HemogenPack,hemogen pack,food/drug,(none),5,,Foods,,Defs\ThingDefs_Items\Items_Food.xml
5,Biotech,ludeon.rimworld.biotech,SubcoreBasic,basic subcore,item,(none),200,SubcoreBase,Manufactured,BasicMechtech,Defs\ThingDefs_Items\Items_Resource_Manufactured.xml
5,Biotech,ludeon.rimworld.biotech,SubcoreRegular,standard subcore,item,(none),300,SubcoreBase,Manufactured,,Defs\ThingDefs_Items\Items_Resource_Manufactured.xml
5,Biotech,ludeon.rimworld.biotech,SubcoreHigh,high subcore,item,(none),1000,SubcoreBase,Manufactured,,Defs\ThingDefs_Items\Items_Resource_Manufactured.xml
5,Biotech,ludeon.rimworld.biotech,SignalChip,signal chip,item,(none),500,MechResourceBase,Manufactured,,Defs\ThingDefs_Items\Items_Resource_Manufactured.xml
5,Biotech,ludeon.rimworld.biotech,PowerfocusChip,powerfocus chip,item,(none),1000,MechResourceBase,Manufactured,,Defs\ThingDefs_Items\Items_Resource_Manufactured.xml
5,Biotech,ludeon.rimworld.biotech,NanostructuringChip,nano structuring chip,item,(none),1500,MechResourceBase,Manufactured,,Defs\ThingDefs_Items\Items_Resource_Manufactured.xml
5,Biotech,ludeon.rimworld.biotech,DeathrestCapacitySerum,deathrest capacity serum,item,(none),1000,ResourceBase,Drugs,,Defs\ThingDefs_Items\Items_Resource_Manufactured.xml
5,Biotech,ludeon.rimworld.biotech,Wastepack,toxic wastepack,item,(none),0,ResourceBase,ItemsMisc,,Defs\ThingDefs_Items\Items_Resource_Manufactured.xml
5,Biotech,ludeon.rimworld.biotech,Shell_Toxic,tox shell,item,Industrial,55,MakeableShellBase,MortarShells,ToxGas,Defs\ThingDefs_Items\Items_Resource_Manufactured.xml
5,Biotech,ludeon.rimworld.biotech,Bullet_Shell_Tox,tox shell,projectile,(none),,BaseBullet,,,Defs\ThingDefs_Items\Items_Resource_Manufactured.xml
5,Biotech,ludeon.rimworld.biotech,Shell_Toxic_Releasing,tox shell,parent:Shell_Toxic_Releasing_Base,(none),,Shell_Toxic_Releasing_Base,,,Defs\ThingDefs_Items\Items_Resource_Manufactured.xml
5,Biotech,ludeon.rimworld.biotech,Shell_Toxic_Releasing_Water,tox shell,parent:Shell_Toxic_Releasing_Base,(none),,Shell_Toxic_Releasing_Base,,,Defs\ThingDefs_Items\Items_Resource_Manufactured.xml
5,Biotech,ludeon.rimworld.biotech,RawToxipotato,toxipotatoes,food/drug,(none),0.75,PlantFoodRawBase,PlantFoodRaw,,Defs\ThingDefs_Items\Items_Resources_RawPlant.xml
5,Biotech,ludeon.rimworld.biotech,UnfinishedSubcore,unfinished subcore,item,(none),,UnfinishedBase,Unfinished,,Defs\ThingDefs_Items\Items_Unfinished.xml
5,Biotech,ludeon.rimworld.biotech,Genepack,genepack,item,(none),100,GeneSetHolderBase,ItemsMisc,,Defs\ThingDefs_Items\Items_Various.xml
5,Biotech,ludeon.rimworld.biotech,Xenogerm,xenogerm,item,(none),20,GeneSetHolderBase,ItemsMisc,,Defs\ThingDefs_Items\Items_Various.xml
5,Biotech,ludeon.rimworld.biotech,ArchiteCapsule,archite capsule,item,(none),700,,ItemsMisc,,Defs\ThingDefs_Items\Items_Various.xml
5,Biotech,ludeon.rimworld.biotech,MechanoidTransponder,mechanoid transponder,item,(none),200,ResourceBase,ItemsMisc,,Defs\ThingDefs_Items\Items_Various.xml
5,Biotech,ludeon.rimworld.biotech,HumanOvum,ovum,item,(none),50,,ItemsMisc,,Defs\ThingDefs_Items\Items_Various.xml
5,Biotech,ludeon.rimworld.biotech,HumanEmbryo,embryo,item,(none),50,,ItemsMisc,,Defs\ThingDefs_Items\Items_Various.xml
5,Biotech,ludeon.rimworld.biotech,Apparel_KidRomper,kid romper,apparel,Medieval,,ChildApparelMakeableBase,ApparelMisc,ComplexClothing,Defs\ThingDefs_Misc\Apparel_Child.xml
5,Biotech,ludeon.rimworld.biotech,Apparel_KidShirt,kid shirt,apparel,Medieval,,ChildApparelMakeableBase,ApparelMisc,ComplexClothing,Defs\ThingDefs_Misc\Apparel_Child.xml
5,Biotech,ludeon.rimworld.biotech,Apparel_KidPants,kid pants,apparel,Medieval,,ChildApparelMakeableBase,ApparelMisc,ComplexClothing,Defs\ThingDefs_Misc\Apparel_Child.xml
5,Biotech,ludeon.rimworld.biotech,Apparel_KidParka,kid parka,apparel,Neolithic,,ChildApparelMakeableBase,ApparelMisc,ComplexClothing,Defs\ThingDefs_Misc\Apparel_Child.xml
5,Biotech,ludeon.rimworld.biotech,Apparel_KidTribal,kid tribalwear,apparel,Neolithic,,ChildApparelMakeableBase,ApparelMisc,ComplexClothing,Defs\ThingDefs_Misc\Apparel_Child.xml
5,Biotech,ludeon.rimworld.biotech,Apparel_KidHelmet,kid helmet,apparel,Industrial,,ArmorHelmetMakeableBase,ArmorHeadgear,Smithing,Defs\ThingDefs_Misc\Apparel_Child.xml
5,Biotech,ludeon.rimworld.biotech,Apparel_AirwireHeadset,airwire headset,apparel,Spacer,,MechanitorHeadsetBase,Headgear,BasicMechtech,Defs\ThingDefs_Misc\Apparel_Headgear.xml
5,Biotech,ludeon.rimworld.biotech,Apparel_ArrayHeadset,array headset,apparel,Spacer,,MechanitorHeadsetBase,Headgear,StandardMechtech,Defs\ThingDefs_Misc\Apparel_Headgear.xml
5,Biotech,ludeon.rimworld.biotech,Apparel_IntegratorHeadset,integrator headset,apparel,Spacer,,ApparelArmorHelmetMechanitorBase,ArmorHeadgear,HighMechtech,Defs\ThingDefs_Misc\Apparel_Headgear.xml
5,Biotech,ludeon.rimworld.biotech,Apparel_ArmorHelmetMechCommander,mechcommander helmet,apparel,Spacer,,ApparelArmorHelmetMechanitorBase,ArmorHeadgear,StandardMechtech,Defs\ThingDefs_Misc\Apparel_Headgear.xml
5,Biotech,ludeon.rimworld.biotech,Apparel_ArmorHelmetMechlordHelmet,mechlord helmet,apparel,Spacer,,ApparelArmorHelmetMechanitorBase,ArmorHeadgear,UltraMechtech,Defs\ThingDefs_Misc\Apparel_Headgear.xml
5,Biotech,ludeon.rimworld.biotech,Apparel_GasMask,gas mask,apparel,Industrial,,HatMakeableBase,Headgear,Machining,Defs\ThingDefs_Misc\Apparel_Headgear.xml
5,Biotech,ludeon.rimworld.biotech,Apparel_HeavyShield,heavy shield unit,apparel,Medieval,,MechApparelBase,,,Defs\ThingDefs_Misc\Apparel_Mech.xml
5,Biotech,ludeon.rimworld.biotech,Apparel_PackControl,control pack,apparel,Spacer,,MechanitorPackBase,ApparelUtility,BasicMechtech,Defs\ThingDefs_Misc\Apparel_Packs.xml
5,Biotech,ludeon.rimworld.biotech,Apparel_PackBandwidth,bandwidth pack,apparel,Spacer,,MechanitorPackBase,ApparelUtility,StandardMechtech,Defs\ThingDefs_Misc\Apparel_Packs.xml
5,Biotech,ludeon.rimworld.biotech,Apparel_PackTox,tox pack,apparel,Industrial,,ApparelNoQualityBase,ApparelUtility,ToxGas,Defs\ThingDefs_Misc\Apparel_Packs.xml
5,Biotech,ludeon.rimworld.biotech,Apparel_MechlordSuit,mechlord suit,apparel,Spacer,,ApparelArmorPowerBase,ApparelArmor,UltraMechtech,Defs\ThingDefs_Misc\Apparel_Various.xml
5,Biotech,ludeon.rimworld.biotech,Apparel_Bandolier,heavy bandolier,apparel,Industrial,,ApparelMakeableBase,ApparelMisc,ComplexClothing,Defs\ThingDefs_Misc\Apparel_Various.xml
5,Biotech,ludeon.rimworld.biotech,Apparel_Sash,sash,apparel,Industrial,,ApparelMakeableBase,ApparelMisc,ComplexClothing,Defs\ThingDefs_Misc\Apparel_Various.xml
5,Biotech,ludeon.rimworld.biotech,ShuttleCrashing_Mechanitor,mechanitor ship (crashing),parent:ShuttleCrashingSkyfallerBase,(none),,ShuttleCrashingSkyfallerBase,,,Defs\ThingDefs_Misc\Ethereal_Skyfallers.xml
5,Biotech,ludeon.rimworld.biotech,MechShield,mech shield,other,(none),,,,,Defs\ThingDefs_Misc\Ethereal_Various.xml
5,Biotech,ludeon.rimworld.biotech,CocoonSpawner,insect cocoon,parent:EtherealThingBase,(none),,EtherealThingBase,,,Defs\ThingDefs_Misc\Ethereal_Various.xml
5,Biotech,ludeon.rimworld.biotech,Filth_FlammableBile,flammable bile,parent:BaseFilth,(none),,BaseFilth,,,Defs\ThingDefs_Misc\Filth_Various.xml
5,Biotech,ludeon.rimworld.biotech,Filth_Floordrawing,floordrawing,parent:BaseFilth,(none),,BaseFilth,,,Defs\ThingDefs_Misc\Filth_Various.xml
5,Biotech,ludeon.rimworld.biotech,Gun_ToxbombLauncher,toxbomb launcher,weapon,Industrial,,BaseHumanMakeableGun,WeaponsRanged,ToxGas,Defs\ThingDefs_Misc\Weapons\RangedIndustrial.xml
5,Biotech,ludeon.rimworld.biotech,Bullet_ToxbombLauncher,toxbomb launcher shell,projectile,(none),,BaseBullet,,,Defs\ThingDefs_Misc\Weapons\RangedIndustrial.xml
5,Biotech,ludeon.rimworld.biotech,Weapon_GrenadeTox,tox grenades,weapon,Industrial,,BaseMakeableGrenade,Grenades,ToxGas,Defs\ThingDefs_Misc\Weapons\RangedIndustrial.xml
5,Biotech,ludeon.rimworld.biotech,Proj_GrenadeTox,tox grenade,projectile,(none),,BaseGrenadeProjectile,,,Defs\ThingDefs_Misc\Weapons\RangedIndustrial.xml
5,Biotech,ludeon.rimworld.biotech,Flamebow,flamebow,weapon,Neolithic,45,BaseWeaponNeolithic,WeaponsRanged,,Defs\ThingDefs_Misc\Weapons\RangedIndustrial.xml
5,Biotech,ludeon.rimworld.biotech,Proj_FireArrow,fire arrow,projectile,(none),,,,,Defs\ThingDefs_Misc\Weapons\RangedIndustrial.xml
5,Biotech,ludeon.rimworld.biotech,Gun_HellsphereCannon,hellsphere cannon,weapon,Spacer,1400,BaseGun,WeaponsRanged,,Defs\ThingDefs_Misc\Weapons\RangedMechanoid_Heavy.xml
5,Biotech,ludeon.rimworld.biotech,Bullet_HellsphereCannonGun,hellsphere cannon shot,projectile,(none),,BaseBullet,,,Defs\ThingDefs_Misc\Weapons\RangedMechanoid_Heavy.xml
5,Biotech,ludeon.rimworld.biotech,Gun_MiniShotgun,mini-shotgun,weapon,Spacer,1000,LightMechanoidGunRanged,WeaponsRanged,,Defs\ThingDefs_Misc\Weapons\RangedMechanoid_Light.xml
5,Biotech,ludeon.rimworld.biotech,Bullet_MiniShotgun,shotgun blast,projectile,(none),,BaseBullet,,,Defs\ThingDefs_Misc\Weapons\RangedMechanoid_Light.xml
5,Biotech,ludeon.rimworld.biotech,Gun_Slugthrower,slugthrower,weapon,Industrial,1000,LightMechanoidGunRanged,WeaponsRanged,,Defs\ThingDefs_Misc\Weapons\RangedMechanoid_Light.xml
5,Biotech,ludeon.rimworld.biotech,Bullet_Slugthrower,slug,projectile,(none),,BaseBullet,,,Defs\ThingDefs_Misc\Weapons\RangedMechanoid_Light.xml
5,Biotech,ludeon.rimworld.biotech,Gun_Spiner,spiner,weapon,Industrial,500,LightMechanoidGunRanged,WeaponsRanged,,Defs\ThingDefs_Misc\Weapons\RangedMechanoid_Light.xml
5,Biotech,ludeon.rimworld.biotech,Bullet_Spiner,spine,projectile,(none),,BaseBullet,,,Defs\ThingDefs_Misc\Weapons\RangedMechanoid_Light.xml
5,Biotech,ludeon.rimworld.biotech,Gun_MiniFlameblaster,mini-flameblaster,weapon,Industrial,1000,LightMechanoidGunRanged,WeaponsRanged,,Defs\ThingDefs_Misc\Weapons\RangedMechanoid_Light.xml
5,Biotech,ludeon.rimworld.biotech,Gun_BeamGraser,beam graser,weapon,Spacer,,BaseGun,WeaponsRanged,,Defs\ThingDefs_Misc\Weapons\RangedMechanoid_Medium.xml
5,Biotech,ludeon.rimworld.biotech,Gun_ToxicNeedle,toxic needle gun,weapon,Spacer,1400,BaseGun,WeaponsRanged,,Defs\ThingDefs_Misc\Weapons\RangedMechanoid_Medium.xml
5,Biotech,ludeon.rimworld.biotech,Bullet_ToxicNeedleGun,toxic needle,projectile,(none),,BaseBullet,,,Defs\ThingDefs_Misc\Weapons\RangedMechanoid_Medium.xml
5,Biotech,ludeon.rimworld.biotech,Gun_NeedleLauncher,needle launcher,weapon,Spacer,1400,NeedleGunBase,WeaponsRanged,,Defs\ThingDefs_Misc\Weapons\RangedMechanoid_Medium.xml
5,Biotech,ludeon.rimworld.biotech,Plant_Toxipotato,toxipotato plant,plant,(none),,PotatoPlant,Plants,,Defs\ThingDefs_Plants\Plants_Cultivated_Farm.xml
5,Biotech,ludeon.rimworld.biotech,Plant_TreePolux,polux tree,plant,(none),,TreeBase,Plants,,Defs\ThingDefs_Plants\Plants_Special.xml
5,Biotech,ludeon.rimworld.biotech,ChoppedStump_Polux,chopped polux stump,plant,(none),,StumpChoppedBase,Stumps,,Defs\ThingDefs_Plants\Plants_Special.xml
5,Biotech,ludeon.rimworld.biotech,SmashedStump_Polux,smashed polux stump,plant,(none),,StumpSmashedBase,Stumps,,Defs\ThingDefs_Plants\Plants_Special.xml
5,Biotech,ludeon.rimworld.biotech,PoluxSeed,polux seed,item,(none),1200,ResourceBase,ItemsMisc,,Defs\ThingDefs_Plants\Plants_Special.xml
5,Biotech,ludeon.rimworld.biotech,Plant_GrayGrass,gray grass,plant,(none),,PollutionPlantBase,Plants,,Defs\ThingDefs_Plants\Plants_Wild_General.xml
5,Biotech,ludeon.rimworld.biotech,Plant_Ripthorn,ripthorn,plant,(none),,PollutionPlantBase,Plants,,Defs\ThingDefs_Plants\Plants_Wild_General.xml
5,Biotech,ludeon.rimworld.biotech,Plant_PebbleCactus,pebble cactus,plant,(none),,PollutionTreeBase,Plants,,Defs\ThingDefs_Plants\Plants_Wild_General.xml
5,Biotech,ludeon.rimworld.biotech,Plant_TreeGrayPine,gray pine tree,plant,(none),,PollutionTreeWithStumpBase,Plants,,Defs\ThingDefs_Plants\Plants_Wild_General.xml
5,Biotech,ludeon.rimworld.biotech,Plant_Witchwood,witchwood tree,plant,(none),,PollutionTreeWithStumpBase,Plants,,Defs\ThingDefs_Plants\Plants_Wild_General.xml
5,Biotech,ludeon.rimworld.biotech,Plant_RatPalm,rat palm tree,plant,(none),,PollutionTreeWithStumpBase,Plants,,Defs\ThingDefs_Plants\Plants_Wild_General.xml
5,Biotech,ludeon.rimworld.biotech,ChoppedStump_Polluted,chopped stump,plant,(none),,StumpChoppedBase,Stumps,,Defs\ThingDefs_Plants\Plants_Wild_General.xml
5,Biotech,ludeon.rimworld.biotech,SmashedStump_Polluted,smashed stump,plant,(none),,StumpSmashedBase,Stumps,,Defs\ThingDefs_Plants\Plants_Wild_General.xml
5,Biotech,ludeon.rimworld.biotech,WasteRat,waste rat,pawn,(none),35,RatThingBase,Animals,,Defs\ThingDefs_Races\Races_Animal_Pollution.xml
5,Biotech,ludeon.rimworld.biotech,Toxalope,toxalope,pawn,(none),350,BoomalopeThingBase,Animals,,Defs\ThingDefs_Races\Races_Animal_Pollution.xml
5,Biotech,ludeon.rimworld.biotech,Mech_Tunneler,tunneler,pawn,(none),1200,HeavyMechanoid,,,Defs\ThingDefs_Races\Races_Mechanoids_Heavy.xml
5,Biotech,ludeon.rimworld.biotech,Mech_Militor,militor,pawn,(none),800,LightMechanoid,,,Defs\ThingDefs_Races\Races_Mechanoids_Light.xml
5,Biotech,ludeon.rimworld.biotech,Mech_Lifter,lifter,pawn,(none),800,LightMechanoid,,,Defs\ThingDefs_Races\Races_Mechanoids_Light.xml
5,Biotech,ludeon.rimworld.biotech,Mech_Constructoid,constructoid,pawn,(none),800,LightMechanoid,,,Defs\ThingDefs_Races\Races_Mechanoids_Light.xml
5,Biotech,ludeon.rimworld.biotech,Mech_Fabricor,fabricor,pawn,(none),800,LightMechanoid,,,Defs\ThingDefs_Races\Races_Mechanoids_Light.xml
5,Biotech,ludeon.rimworld.biotech,Mech_Agrihand,agrihand,pawn,(none),800,LightMechanoid,,,Defs\ThingDefs_Races\Races_Mechanoids_Light.xml
5,Biotech,ludeon.rimworld.biotech,Mech_Cleansweeper,cleansweeper,pawn,(none),800,LightMechanoid,,,Defs\ThingDefs_Races\Races_Mechanoids_Light.xml
5,Biotech,ludeon.rimworld.biotech,Mech_WarUrchin,war urchin,pawn,(none),800,LightMechanoid,,,Defs\ThingDefs_Races\Races_Mechanoids_Light.xml
5,Biotech,ludeon.rimworld.biotech,Mech_Paramedic,paramedic,pawn,(none),800,LightMechanoid,,,Defs\ThingDefs_Races\Races_Mechanoids_Light.xml
5,Biotech,ludeon.rimworld.biotech,Mech_Legionary,legionary,pawn,(none),1200,LancerMechanoidWalker,,,Defs\ThingDefs_Races\Races_Mechanoids_Medium.xml
5,Biotech,ludeon.rimworld.biotech,Mech_Tesseron,tesseron,pawn,(none),1200,LancerMechanoidWalker,,,Defs\ThingDefs_Races\Races_Mechanoids_Medium.xml
5,Biotech,ludeon.rimworld.biotech,Mech_Scorcher,scorcher,pawn,(none),1200,BaseMechanoidWalker,,,Defs\ThingDefs_Races\Races_Mechanoids_Medium.xml
5,Biotech,ludeon.rimworld.biotech,Mech_Apocriton,apocriton,pawn,(none),1600,BaseMechanoidWalker,,,Defs\ThingDefs_Races\Races_Mechanoids_SuperHeavy.xml
5,Biotech,ludeon.rimworld.biotech,Mech_Centurion,centurion,pawn,(none),1600,SuperHeavyMechanoid,,,Defs\ThingDefs_Races\Races_Mechanoids_SuperHeavy.xml
5,Biotech,ludeon.rimworld.biotech,Gun_ChargeBlasterTurret,charge blaster turret,weapon,(none),,BaseWeaponTurret,,,Defs\ThingDefs_Races\Races_Mechanoids_SuperHeavy.xml
5,Biotech,ludeon.rimworld.biotech,Mech_Warqueen,war queen,pawn,(none),1600,SuperHeavyMechanoid,,,Defs\ThingDefs_Races\Races_Mechanoids_SuperHeavy.xml
5,Biotech,ludeon.rimworld.biotech,Mech_Diabolus,diabolus,pawn,(none),1600,SuperHeavyMechanoid,,,Defs\ThingDefs_Races\Races_Mechanoids_SuperHeavy.xml
6,Odyssey,ludeon.rimworld.odyssey,Proj_SludgeSpray,sludge,projectile,(none),,,,,Defs\AbilityDefs\Abilities.xml
6,Odyssey,ludeon.rimworld.odyssey,Proj_StrongSludgeSpray,sludge,projectile,(none),,,,,Defs\AbilityDefs\Abilities.xml
6,Odyssey,ludeon.rimworld.odyssey,Proj_EggSac,egg sac,projectile,(none),,BaseGrenadeProjectile,,,Defs\AbilityDefs\Abilities.xml
6,Odyssey,ludeon.rimworld.odyssey,Map,map,item,(none),180,BookBase,Books,,Defs\Books\BookDefs.xml
6,Odyssey,ludeon.rimworld.odyssey,Drug_Psilocap,psilocap,food/drug,Neolithic,10,DrugBase,Drugs,,Defs\Drugs\Psilocap.xml
6,Odyssey,ludeon.rimworld.odyssey,Mote_FishingRod,Mote,mote,(none),,MoteBase,,,Defs\Effects\Mote_Visual.xml
6,Odyssey,ludeon.rimworld.odyssey,Mote_BeamRepeaterLaser,Mote,mote,(none),,MoteBase,,,Defs\Effects\Mote_Visual.xml
6,Odyssey,ludeon.rimworld.odyssey,Mote_BeamRepeater_Charge,Mote,mote,(none),,MoteBase,,,Defs\Effects\Mote_Visual.xml
6,Odyssey,ludeon.rimworld.odyssey,Mote_WarTrumpetDistortion,Mote,mote,(none),,MoteBase,,,Defs\Effects\Mote_Visual.xml
6,Odyssey,ludeon.rimworld.odyssey,Mote_WarTrumpetFlash,Mote,mote,(none),,MoteBase,,,Defs\Effects\Mote_Visual.xml
6,Odyssey,ludeon.rimworld.odyssey,Mote_TerrorRoarDistortion,Mote,mote,(none),,MoteBase,,,Defs\Effects\Mote_Visual.xml
6,Odyssey,ludeon.rimworld.odyssey,Mote_TerrorRoarFlash,Mote,mote,(none),,MoteBase,,,Defs\Effects\Mote_Visual.xml
6,Odyssey,ludeon.rimworld.odyssey,BloodWarmer,blood warmer,parent:BodyPartGhoulBase,(none),,BodyPartGhoulBase,,GhoulEnhancements,Defs\HediffDefs\Hediffs_BodyParts_Prosthetic.xml
6,Odyssey,ludeon.rimworld.odyssey,PilotAssistant,pilot assistant,bodypart,Spacer,,BodyPartBionicBase,BodyPartsBionic,AdvancedGravtech,Defs\HediffDefs\Hediffs_BodyParts_Prosthetic.xml
6,Odyssey,ludeon.rimworld.odyssey,VacskinGland,vacskin gland,bodypart,Spacer,,BodyPartBionicImperialBase,BodyPartsBionic,SkinHardening,Defs\HediffDefs\Hediffs_BodyParts_Prosthetic.xml
6,Odyssey,ludeon.rimworld.odyssey,RubblePile,rubble pile,building,(none),,AncientSmallWalkableBuildingBase,,,Defs\ThingDefs_Buildings\Buildings_Ancient.xml
6,Odyssey,ludeon.rimworld.odyssey,AncientExcavator,ancient excavator,building,(none),,NonDeconstructibleAncientBuildingBase,,,Defs\ThingDefs_Buildings\Buildings_Ancient.xml
6,Odyssey,ludeon.rimworld.odyssey,AncientDrillPlatform,ancient drill rig,building,(none),,NonDeconstructibleAncientBuildingBase,,,Defs\ThingDefs_Buildings\Buildings_Ancient.xml
6,Odyssey,ludeon.rimworld.odyssey,AncientTunnelerClaw,ancient tunneler claw,building,(none),,NonDeconstructibleAncientBuildingBase,,,Defs\ThingDefs_Buildings\Buildings_Ancient.xml
6,Odyssey,ludeon.rimworld.odyssey,AncientTunnelerHusk,ancient tunneler husk,building,(none),,NonDeconstructibleAncientBuildingBase,,,Defs\ThingDefs_Buildings\Buildings_Ancient.xml
6,Odyssey,ludeon.rimworld.odyssey,AncientSimpleResearchBench,ancient research bench,building,(none),,WalkableAncientBuildingBase,,,Defs\ThingDefs_Buildings\Buildings_Ancient.xml
6,Odyssey,ludeon.rimworld.odyssey,AncientTableBrewery,ancient brewery,building,(none),,WalkableAncientBuildingBase,,,Defs\ThingDefs_Buildings\Buildings_Ancient.xml
6,Odyssey,ludeon.rimworld.odyssey,AncientTableButcher,ancient butcher table,building,(none),,AncientWalkableBench,,,Defs\ThingDefs_Buildings\Buildings_Ancient.xml
6,Odyssey,ludeon.rimworld.odyssey,AncientTableDrugLab,ancient drug lab,building,(none),,AncientWalkableBench,,,Defs\ThingDefs_Buildings\Buildings_Ancient.xml
6,Odyssey,ludeon.rimworld.odyssey,AncientTableMachining,ancient machining table,building,(none),,AncientWalkableBench,,,Defs\ThingDefs_Buildings\Buildings_Ancient.xml
6,Odyssey,ludeon.rimworld.odyssey,AncientTableSmithingFueled,ancient fueled smithy,building,(none),,AncientWalkableBench,,,Defs\ThingDefs_Buildings\Buildings_Ancient.xml
6,Odyssey,ludeon.rimworld.odyssey,AncientTableSmithingElectric,ancient electric smithy,building,(none),,AncientWalkableBench,,,Defs\ThingDefs_Buildings\Buildings_Ancient.xml
6,Odyssey,ludeon.rimworld.odyssey,AncientTableStoveElectric,ancient electric stove,building,(none),,AncientWalkableBench,,,Defs\ThingDefs_Buildings\Buildings_Ancient.xml
6,Odyssey,ludeon.rimworld.odyssey,AncientTableStoveFueled,ancient fueled stove,building,(none),,AncientWalkableBench,,,Defs\ThingDefs_Buildings\Buildings_Ancient.xml
6,Odyssey,ludeon.rimworld.odyssey,AncientTableTailorElectric,ancient electric tailor bench,building,(none),,AncientWalkableBench,,,Defs\ThingDefs_Buildings\Buildings_Ancient.xml
6,Odyssey,ludeon.rimworld.odyssey,AncientTableTailorHand,ancient hand tailor bench,building,(none),,AncientWalkableBench,,,Defs\ThingDefs_Buildings\Buildings_Ancient.xml
6,Odyssey,ludeon.rimworld.odyssey,AncientWindTurbineBody,ancient wind turbine,building,(none),,NonDeconstructibleAncientBuildingBase,,,Defs\ThingDefs_Buildings\Buildings_Ancient.xml
6,Odyssey,ludeon.rimworld.odyssey,AncientBarrierLong,large concrete barrier,building,(none),,NonDeconstructibleAncientBuildingBase,,,Defs\ThingDefs_Buildings\Buildings_Ancient.xml
6,Odyssey,ludeon.rimworld.odyssey,AncientMilitaryBarrier,ancient military barrier,building,(none),,NonDeconstructibleAncientBuildingBase,,,Defs\ThingDefs_Buildings\Buildings_Ancient.xml
6,Odyssey,ludeon.rimworld.odyssey,AncientChembarrel,ancient chembarrel,building,(none),,AncientSmallWalkableBuildingBase,,,Defs\ThingDefs_Buildings\Buildings_Ancient.xml
6,Odyssey,ludeon.rimworld.odyssey,AncientChembarrelPallet,ancient chembarrel pallet,building,(none),,AncientBuildingBase,,,Defs\ThingDefs_Buildings\Buildings_Ancient.xml
6,Odyssey,ludeon.rimworld.odyssey,AncientChemtruck,ancient chemtruck,building,(none),,NonDeconstructibleAncientBuildingBase,,,Defs\ThingDefs_Buildings\Buildings_Ancient.xml
6,Odyssey,ludeon.rimworld.odyssey,AncientPipe,ancient pipe,building,(none),,AncientBuildingBase,,,Defs\ThingDefs_Buildings\Buildings_Ancient.xml
6,Odyssey,ludeon.rimworld.odyssey,AncientArmchair,ancient armchair,building,(none),,AncientSmallWalkableBuildingBase,,,Defs\ThingDefs_Buildings\Buildings_Ancient.xml
6,Odyssey,ludeon.rimworld.odyssey,AncientPlantPot,ancient plant pot,building,(none),,AncientSmallWalkableBuildingBase,,,Defs\ThingDefs_Buildings\Buildings_Ancient.xml
6,Odyssey,ludeon.rimworld.odyssey,AncientTV,busted television,building,(none),,AncientSmallWalkableBuildingBase,,,Defs\ThingDefs_Buildings\Buildings_Ancient.xml
6,Odyssey,ludeon.rimworld.odyssey,AncientBathtub,cracked bathtub,building,(none),,AncientBuildingBase,,,Defs\ThingDefs_Buildings\Buildings_Ancient.xml
6,Odyssey,ludeon.rimworld.odyssey,AncientShower,cracked shower,building,(none),,AncientSmallWalkableBuildingBase,,,Defs\ThingDefs_Buildings\Buildings_Ancient.xml
6,Odyssey,ludeon.rimworld.odyssey,AncientFilingCabinet,rusted filing cabinet,building,(none),,AncientSmallWalkableBuildingBase,,,Defs\ThingDefs_Buildings\Buildings_Ancient.xml
6,Odyssey,ludeon.rimworld.odyssey,AncientColdStorage,ancient cold storage,building,(none),,AncientSmallWalkableBuildingBase,,,Defs\ThingDefs_Buildings\Buildings_Ancient.xml
6,Odyssey,ludeon.rimworld.odyssey,AncientLockers,rusted lockers,building,(none),,AncientSmallWalkableBuildingBase,,,Defs\ThingDefs_Buildings\Buildings_Ancient.xml
6,Odyssey,ludeon.rimworld.odyssey,AncientRustedMicrowave,rusted microwave,building,(none),,AncientSmallWalkableBuildingBase,,,Defs\ThingDefs_Buildings\Buildings_Ancient.xml
6,Odyssey,ludeon.rimworld.odyssey,AncientSingleBed,rusted bed,building,(none),,AncientWalkableBed,,,Defs\ThingDefs_Buildings\Buildings_Ancient.xml
6,Odyssey,ludeon.rimworld.odyssey,AncientDoubleBed,rusted double bed,building,(none),,AncientWalkableBed,,,Defs\ThingDefs_Buildings\Buildings_Ancient.xml
6,Odyssey,ludeon.rimworld.odyssey,AncientAmmoStack,ancient ammo box,building,(none),,AncientSmallWalkableBuildingBase,,,Defs\ThingDefs_Buildings\Buildings_Ancient.xml
6,Odyssey,ludeon.rimworld.odyssey,AncientAntenna,ancient antenna,building,(none),,AncientSmallWalkableBuildingBase,,,Defs\ThingDefs_Buildings\Buildings_Ancient.xml
6,Odyssey,ludeon.rimworld.odyssey,AncientMilitaryGeneratorSmall,ancient military generator,building,(none),,AncientSmallWalkableBuildingBase,,,Defs\ThingDefs_Buildings\Buildings_Ancient.xml
6,Odyssey,ludeon.rimworld.odyssey,AncientAutocannonTurret,broken autocannon turret,building,(none),,AncientTurretBase,,,Defs\ThingDefs_Buildings\Buildings_Ancient.xml
6,Odyssey,ludeon.rimworld.odyssey,AncientUraniumSlugTurret,broken uranium slug turret,building,(none),,AncientTurretBase,,,Defs\ThingDefs_Buildings\Buildings_Ancient.xml
6,Odyssey,ludeon.rimworld.odyssey,AncientMortar,busted mortar,building,(none),,AncientTurretBase,,,Defs\ThingDefs_Buildings\Buildings_Ancient.xml
6,Odyssey,ludeon.rimworld.odyssey,AncientMediumContainer,ancient container,building,(none),,NonDeconstructibleAncientBuildingBase,,,Defs\ThingDefs_Buildings\Buildings_Ancient.xml
6,Odyssey,ludeon.rimworld.odyssey,AncientOpenContainer,rusted open container,building,(none),,NonDeconstructibleAncientBuildingBase,,,Defs\ThingDefs_Buildings\Buildings_Ancient.xml
6,Odyssey,ludeon.rimworld.odyssey,AncientCratePallet,ancient crate pallet,building,(none),,AncientBuildingBase,,,Defs\ThingDefs_Buildings\Buildings_Ancient.xml
6,Odyssey,ludeon.rimworld.odyssey,AncientWoodenCrate,old wooden crate,building,(none),,AncientSmallWalkableBuildingBase,,,Defs\ThingDefs_Buildings\Buildings_Ancient.xml
6,Odyssey,ludeon.rimworld.odyssey,AncientCraneBase,ruined crane base,building,(none),,NonDeconstructibleAncientBuildingBase,,,Defs\ThingDefs_Buildings\Buildings_Ancient.xml
6,Odyssey,ludeon.rimworld.odyssey,AncientCraneArm,ruined crane arm,building,(none),,AncientBuildingBase,,,Defs\ThingDefs_Buildings\Buildings_Ancient.xml
6,Odyssey,ludeon.rimworld.odyssey,AncientCraneArmSmall,ruined crane arm,building,(none),,AncientSmallWalkableBuildingBase,,,Defs\ThingDefs_Buildings\Buildings_Ancient.xml
6,Odyssey,ludeon.rimworld.odyssey,AncientCraneColumn,ruined crane column,building,(none),,NonDeconstructibleAncientBuildingBase,,,Defs\ThingDefs_Buildings\Buildings_Ancient.xml
6,Odyssey,ludeon.rimworld.odyssey,AncientForklift,ruined forklift,building,(none),,NonDeconstructibleAncientBuildingBase,,,Defs\ThingDefs_Buildings\Buildings_Ancient.xml
6,Odyssey,ludeon.rimworld.odyssey,AncientIndustrialTruck,rusted industrial truck,building,(none),,NonDeconstructibleAncientBuildingBase,,,Defs\ThingDefs_Buildings\Buildings_Ancient.xml
6,Odyssey,ludeon.rimworld.odyssey,AncientMetalCrate,rusted metal crate,building,(none),,AncientSmallWalkableBuildingBase,,,Defs\ThingDefs_Buildings\Buildings_Ancient.xml
6,Odyssey,ludeon.rimworld.odyssey,AncientSmallContainer,ancient container,building,(none),,NonDeconstructibleAncientBuildingBase,,,Defs\ThingDefs_Buildings\Buildings_Ancient.xml
6,Odyssey,ludeon.rimworld.odyssey,AncientCardboardBox,old cardboard box,building,(none),,AncientSmallWalkableBuildingBase,,,Defs\ThingDefs_Buildings\Buildings_Ancient.xml
6,Odyssey,ludeon.rimworld.odyssey,AncientIndustrialShelf,ancient industrial shelf,building,(none),,AncientBuildingBase,,,Defs\ThingDefs_Buildings\Buildings_Ancient.xml
6,Odyssey,ludeon.rimworld.odyssey,AncientShelf,ancient shelf,building,(none),,AncientBuildingBase,,,Defs\ThingDefs_Buildings\Buildings_Ancient.xml
6,Odyssey,ludeon.rimworld.odyssey,AncientSmallShelf,ancient small shelf,building,(none),,AncientSmallWalkableBuildingBase,,,Defs\ThingDefs_Buildings\Buildings_Ancient.xml
6,Odyssey,ludeon.rimworld.odyssey,AncientDestroyedConsole,ancient destroyed console,building,(none),,AncientBuildingBase,,,Defs\ThingDefs_Buildings\Buildings_Ancient.xml
6,Odyssey,ludeon.rimworld.odyssey,AncientDestroyedConsoleLarge,ancient destroyed console,building,(none),,AncientBuildingBase,,,Defs\ThingDefs_Buildings\Buildings_Ancient.xml
6,Odyssey,ludeon.rimworld.odyssey,Pallet_Medicine,medicine pallet,building,(none),,LowTechCrateBase,,,Defs\ThingDefs_Buildings\Buildings_Ancient_OpenableContainers.xml
6,Odyssey,ludeon.rimworld.odyssey,Pallet_SurvivalMeals,survival meal pallet,building,(none),,LowTechCrateBase,,,Defs\ThingDefs_Buildings\Buildings_Ancient_OpenableContainers.xml
6,Odyssey,ludeon.rimworld.odyssey,AncientBox_ComponentIndustrial,component box,building,(none),,LowTechCrateBase,,,Defs\ThingDefs_Buildings\Buildings_Ancient_OpenableContainers.xml
6,Odyssey,ludeon.rimworld.odyssey,AncientBox_ComponentSpacer,advanced component box,building,(none),,LowTechCrateBase,,,Defs\ThingDefs_Buildings\Buildings_Ancient_OpenableContainers.xml
6,Odyssey,ludeon.rimworld.odyssey,AncientBox_SteelSlag,steel scrap box,building,(none),,LowTechCrateBase,,,Defs\ThingDefs_Buildings\Buildings_Ancient_OpenableContainers.xml
6,Odyssey,ludeon.rimworld.odyssey,MalfunctioningTransportPod,malfunctioning transport pod,building,(none),,CrateBase,,,Defs\ThingDefs_Buildings\Buildings_Ancient_OpenableContainers.xml
6,Odyssey,ludeon.rimworld.odyssey,AncientChemfuelCanister,chemfuel canister,building,(none),,LowTechCrateBase,,,Defs\ThingDefs_Buildings\Buildings_Ancient_OpenableContainers.xml
6,Odyssey,ludeon.rimworld.odyssey,AncientSafe,rusted safe,building,(none),,LowTechCrateBase,,,Defs\ThingDefs_Buildings\Buildings_Ancient_OpenableContainers.xml
6,Odyssey,ludeon.rimworld.odyssey,AncientSealedContainer,sealed container,building,(none),,AncientSealedContainerBase,,,Defs\ThingDefs_Buildings\Buildings_Ancient_OpenableContainers.xml
6,Odyssey,ludeon.rimworld.odyssey,AncientSealedContainer_GravshipUpgrade,sealed container,building,(none),,AncientSealedContainerBase,,,Defs\ThingDefs_Buildings\Buildings_Ancient_OpenableContainers.xml
6,Odyssey,ludeon.rimworld.odyssey,SealedCrate,sealed crate,building,(none),,CrateBase,,,Defs\ThingDefs_Buildings\Buildings_Ancient_OpenableContainers.xml
6,Odyssey,ludeon.rimworld.odyssey,AncientSealedCrate,sealed crate,building,(none),,AncientSealedCrateBase,,,Defs\ThingDefs_Buildings\Buildings_Ancient_OpenableContainers.xml
6,Odyssey,ludeon.rimworld.odyssey,AncientSealedCrate_Gravlite,sealed crate,building,(none),,AncientSealedCrateBase,,,Defs\ThingDefs_Buildings\Buildings_Ancient_OpenableContainers.xml
6,Odyssey,ludeon.rimworld.odyssey,AncientSealedCrate_Shells,sealed crate,building,(none),,AncientSealedCrateBase,,,Defs\ThingDefs_Buildings\Buildings_Ancient_OpenableContainers.xml
6,Odyssey,ludeon.rimworld.odyssey,AncientPallet_SteelSlag,steel scrap pallet,building,(none),,LowTechCrateBase,,,Defs\ThingDefs_Buildings\Buildings_Ancient_OpenableContainers.xml
6,Odyssey,ludeon.rimworld.odyssey,Statue,statue,building,(none),,ArtBuildingBase,BuildingsArt,,Defs\ThingDefs_Buildings\Buildings_Art.xml
6,Odyssey,ludeon.rimworld.odyssey,Building_OutfitStand,outfit stand,building,(none),,OutfitStandBase,BuildingsFurniture,ComplexFurniture,Defs\ThingDefs_Buildings\Buildings_Furniture.xml
6,Odyssey,ludeon.rimworld.odyssey,Building_KidOutfitStand,kid outfit stand,building,(none),,OutfitStandBase,BuildingsFurniture,ComplexFurniture,Defs\ThingDefs_Buildings\Buildings_Furniture.xml
6,Odyssey,ludeon.rimworld.odyssey,GravshipHull,gravship hull,building,(none),,Wall,,BasicGravtech,Defs\ThingDefs_Buildings\Buildings_Gravship.xml
6,Odyssey,ludeon.rimworld.odyssey,ShipChunk_Mech,mechanoid ship chunk,building,(none),,ShipChunkBase,,,Defs\ThingDefs_Buildings\Buildings_Gravship.xml
6,Odyssey,ludeon.rimworld.odyssey,MinifiedGravEngine,minified thing,parent:MinifiedThing,(none),,MinifiedThing,,,Defs\ThingDefs_Buildings\Buildings_Gravship.xml
6,Odyssey,ludeon.rimworld.odyssey,GravEngine,grav engine,building,(none),2000,GravshipComponentBase,BuildingsMisc,,Defs\ThingDefs_Buildings\Buildings_Gravship.xml
6,Odyssey,ludeon.rimworld.odyssey,GravFieldExtender,grav field extender,building,(none),,GravshipComponentBase,BuildingsMisc,BasicGravtech,Defs\ThingDefs_Buildings\Buildings_Gravship.xml
6,Odyssey,ludeon.rimworld.odyssey,PilotConsole,pilot console,item,(none),,GravshipComponentBase,BuildingsMisc,BasicGravtech,Defs\ThingDefs_Buildings\Buildings_Gravship.xml
6,Odyssey,ludeon.rimworld.odyssey,ChemfuelTank,small chemfuel tank,item,(none),,FuelTankBase,BuildingsMisc,BasicGravtech,Defs\ThingDefs_Buildings\Buildings_Gravship.xml
6,Odyssey,ludeon.rimworld.odyssey,LargeChemfuelTank,large chemfuel tank,item,(none),,FuelTankBase,BuildingsMisc,StandardGravtech,Defs\ThingDefs_Buildings\Buildings_Gravship.xml
6,Odyssey,ludeon.rimworld.odyssey,SmallThruster,small thruster,building,(none),,ThrusterBase,BuildingsMisc,BasicGravtech,Defs\ThingDefs_Buildings\Buildings_Gravship.xml
6,Odyssey,ludeon.rimworld.odyssey,LargeThruster,large thruster,building,(none),,ThrusterBase,BuildingsMisc,StandardGravtech,Defs\ThingDefs_Buildings\Buildings_Gravship.xml
6,Odyssey,ludeon.rimworld.odyssey,FuelOptimizer,fuel optimizer,item,(none),,GravshipComponentBase,BuildingsMisc,,Defs\ThingDefs_Buildings\Buildings_Gravship.xml
6,Odyssey,ludeon.rimworld.odyssey,SignalJammer,signal jammer,item,(none),,GravshipComponentBase,BuildingsMisc,AdvancedGravtech,Defs\ThingDefs_Buildings\Buildings_Gravship.xml
6,Odyssey,ludeon.rimworld.odyssey,GravcorePowerCell,gravcore power cell,item,(none),,GravshipComponentBase,BuildingsMisc,AdvancedGravtech,Defs\ThingDefs_Buildings\Buildings_Gravship.xml
6,Odyssey,ludeon.rimworld.odyssey,PilotSubpersonaCore,pilot subpersona core,item,(none),,GravshipComponentBase,BuildingsMisc,,Defs\ThingDefs_Buildings\Buildings_Gravship.xml
6,Odyssey,ludeon.rimworld.odyssey,GravshipShieldGenerator,gravship shield generator,item,(none),,GravshipComponentBase,BuildingsMisc,,Defs\ThingDefs_Buildings\Buildings_Gravship.xml
6,Odyssey,ludeon.rimworld.odyssey,GravAnchor,grav anchor,building,(none),,BuildingBase,,BasicGravtech,Defs\ThingDefs_Buildings\Buildings_Gravship.xml
6,Odyssey,ludeon.rimworld.odyssey,MechStabilizer,relay stabilizer,building,(none),,BuildingBase,,,Defs\ThingDefs_Buildings\Buildings_Misc.xml
6,Odyssey,ludeon.rimworld.odyssey,MechRelay,mechanoid relay,building,(none),,BuildingBase,,,Defs\ThingDefs_Buildings\Buildings_Misc.xml
6,Odyssey,ludeon.rimworld.odyssey,MechRelay_Crashed,crashed mechanoid relay,building,(none),,BuildingBase,,,Defs\ThingDefs_Buildings\Buildings_Misc.xml
6,Odyssey,ludeon.rimworld.odyssey,AncientFortifiedWall,fortified wall,building,(none),,Wall,,,Defs\ThingDefs_Buildings\Buildings_Misc.xml
6,Odyssey,ludeon.rimworld.odyssey,OrbitalAncientFortifiedWall,fortified wall,building,(none),,AncientFortifiedWall,,,Defs\ThingDefs_Buildings\Buildings_Misc.xml
6,Odyssey,ludeon.rimworld.odyssey,AncientBlastDoor,ancient blast door,building,(none),,DoorBase,,,Defs\ThingDefs_Buildings\Buildings_Misc.xml
6,Odyssey,ludeon.rimworld.odyssey,AncientGravReactor,ancient grav reactor,building,(none),,BuildingBase,,,Defs\ThingDefs_Buildings\Buildings_Misc.xml
6,Odyssey,ludeon.rimworld.odyssey,AncientGravEngine,ancient grav engine,building,(none),2000,BuildingBase,,,Defs\ThingDefs_Buildings\Buildings_Misc.xml
6,Odyssey,ludeon.rimworld.odyssey,AncientMiningCharge,ancient mining charge,building,(none),,NonDeconstructibleAncientBuildingBase,BuildingsMisc,,Defs\ThingDefs_Buildings\Buildings_Misc.xml
6,Odyssey,ludeon.rimworld.odyssey,AncientExplosivesCrate,ancient explosives crate,building,(none),,NonDeconstructibleAncientBuildingBase,,,Defs\ThingDefs_Buildings\Buildings_Misc.xml
6,Odyssey,ludeon.rimworld.odyssey,AncientSecurityTerminal,ancient security terminal,building,(none),,AncientTerminalBase,,,Defs\ThingDefs_Buildings\Buildings_Misc.xml
6,Odyssey,ludeon.rimworld.odyssey,EggSac,egg sac,building,(none),,BuildingNaturalBase,,,Defs\ThingDefs_Buildings\Buildings_Misc.xml
6,Odyssey,ludeon.rimworld.odyssey,CocoonLocust,locust cocoon,building,(none),,CocoonBase,,,Defs\ThingDefs_Buildings\Buildings_Misc.xml
6,Odyssey,ludeon.rimworld.odyssey,AncientTransportPod,ancient transport pod,building,(none),2000,BuildingBase,,,Defs\ThingDefs_Buildings\Buildings_Misc.xml
6,Odyssey,ludeon.rimworld.odyssey,ActiveDropPodAncient,drop pod,parent:ActiveDropPod,(none),,ActiveDropPod,,,Defs\ThingDefs_Buildings\Buildings_Misc.xml
6,Odyssey,ludeon.rimworld.odyssey,AncientHatch,ancient stockpile entrance,building,(none),,BuildingBase,,,Defs\ThingDefs_Buildings\Buildings_Misc.xml
6,Odyssey,ludeon.rimworld.odyssey,AncientHatchExit,ancient stockpile exit,building,(none),,PocketMapExit,,,Defs\ThingDefs_Buildings\Buildings_Misc.xml
6,Odyssey,ludeon.rimworld.odyssey,MechanoidDropPod,mechanoid drop pod,building,(none),,BuildingBase,,,Defs\ThingDefs_Buildings\Buildings_Misc.xml
6,Odyssey,ludeon.rimworld.odyssey,AncientTerraformer,ancient terraformer,building,(none),,BuildingBase,,,Defs\ThingDefs_Buildings\Buildings_Misc.xml
6,Odyssey,ludeon.rimworld.odyssey,CerebrexCore,cerebrex core,building,(none),,BuildingBase,,,Defs\ThingDefs_Buildings\Buildings_Misc.xml
6,Odyssey,ludeon.rimworld.odyssey,CerebrexCore_Destroyed,destroyed cerebrex core,building,(none),,BuildingBase,,,Defs\ThingDefs_Buildings\Buildings_Misc.xml
6,Odyssey,ludeon.rimworld.odyssey,CerebrexStabilizer,cerebrex stabilizer,building,(none),,BuildingBase,,,Defs\ThingDefs_Buildings\Buildings_Misc.xml
6,Odyssey,ludeon.rimworld.odyssey,MechanoidProcessor,mechanoid processor,building,(none),,BuildingBase,,,Defs\ThingDefs_Buildings\Buildings_Misc.xml
6,Odyssey,ludeon.rimworld.odyssey,PassengerShuttle,passenger shuttle,building,(none),,BuildingBase,,Shuttles,Defs\ThingDefs_Buildings\Buildings_Misc.xml
6,Odyssey,ludeon.rimworld.odyssey,MechPylon,mech pylon,building,(none),50,BuildingBase,,,Defs\ThingDefs_Buildings\Buildings_Misc.xml
6,Odyssey,ludeon.rimworld.odyssey,SurveyScanner,surveying scanner,building,(none),,BuildingBase,,,Defs\ThingDefs_Buildings\Buildings_Misc.xml
6,Odyssey,ludeon.rimworld.odyssey,AncientUplink,ancient uplink,building,(none),,BuildingBase,,,Defs\ThingDefs_Buildings\Buildings_Misc.xml
6,Odyssey,ludeon.rimworld.odyssey,GaussCannon,gauss cannon,building,(none),,BuildingBase,,,Defs\ThingDefs_Buildings\Buildings_Misc.xml
6,Odyssey,ludeon.rimworld.odyssey,AnticraftBeam,anticraft beam,building,(none),,BuildingBase,,,Defs\ThingDefs_Buildings\Buildings_Misc.xml
6,Odyssey,ludeon.rimworld.odyssey,MechhiveAssembler,mechhive birther,building,(none),,BuildingBase,,,Defs\ThingDefs_Buildings\Buildings_Misc.xml
6,Odyssey,ludeon.rimworld.odyssey,InsectLairEntrance,cave entrance,building,(none),,BuildingBase,,,Defs\ThingDefs_Buildings\Buildings_Natural.xml
6,Odyssey,ludeon.rimworld.odyssey,GeothermalVent,sulfur spout,building,(none),,BuildingNaturalBase,,,Defs\ThingDefs_Buildings\Buildings_Natural.xml
6,Odyssey,ludeon.rimworld.odyssey,BurrowWall,burrow wall,building,(none),,BuildingBase,,,Defs\ThingDefs_Buildings\Buildings_Natural.xml
6,Odyssey,ludeon.rimworld.odyssey,AncientSmokeVent,ancient smoke vent,building,(none),,BaseAncientVentThing,,,Defs\ThingDefs_Buildings\Buildings_Natural.xml
6,Odyssey,ludeon.rimworld.odyssey,AncientToxVent,ancient toxic vent,building,(none),,BaseAncientVentThing,,,Defs\ThingDefs_Buildings\Buildings_Natural.xml
6,Odyssey,ludeon.rimworld.odyssey,AncientHeatVent,ancient heat vent,building,(none),,BaseAncientVentThing,,,Defs\ThingDefs_Buildings\Buildings_Natural.xml
6,Odyssey,ludeon.rimworld.odyssey,AncientEmergencyLight_Red,ancient emergency light,building,(none),,AncientEmergencyLightBase,,,Defs\ThingDefs_Buildings\Buildings_Natural.xml
6,Odyssey,ludeon.rimworld.odyssey,AncientEmergencyLight_Blue,ancient light,building,(none),,AncientEmergencyLightBase,,,Defs\ThingDefs_Buildings\Buildings_Natural.xml
6,Odyssey,ludeon.rimworld.odyssey,AncientEmergencyLight_Green,mechanoid light,building,(none),,AncientEmergencyLightBase,,,Defs\ThingDefs_Buildings\Buildings_Natural.xml
6,Odyssey,ludeon.rimworld.odyssey,LifeSupportUnit,life support unit,building,(none),200,BuildingBase,,,Defs\ThingDefs_Buildings\Buildings_Natural.xml
6,Odyssey,ludeon.rimworld.odyssey,MineableObsidian,obsidian,building,(none),,RockBase,,,Defs\ThingDefs_Buildings\Buildings_Natural.xml
6,Odyssey,ludeon.rimworld.odyssey,OrbitalScanner,orbital scanner,building,(none),,BuildingBase,,OrbitalTech,Defs\ThingDefs_Buildings\Buildings_Orbital.xml
6,Odyssey,ludeon.rimworld.odyssey,OxygenPump,oxygen pump,building,(none),200,BuildingBase,BuildingsMisc,OrbitalTech,Defs\ThingDefs_Buildings\Buildings_Orbital.xml
6,Odyssey,ludeon.rimworld.odyssey,VacBarrier,vac barrier,building,(none),,DoorBase,,OrbitalTech,Defs\ThingDefs_Buildings\Buildings_Orbital.xml
6,Odyssey,ludeon.rimworld.odyssey,HunterDroneTrap,hunter trap,building,(none),,BuildingBase,BuildingsSecurity,HunterDrones,Defs\ThingDefs_Buildings\Buildings_Security.xml
6,Odyssey,ludeon.rimworld.odyssey,WaspDroneTrap,wasp trap,building,(none),80,BuildingBase,BuildingsSecurity,,Defs\ThingDefs_Buildings\Buildings_Security.xml
6,Odyssey,ludeon.rimworld.odyssey,Turret_AncientArmoredTurret,ancient defender turret,building,(none),,BuildingBase,,,Defs\ThingDefs_Buildings\Buildings_Security_Turrets.xml
6,Odyssey,ludeon.rimworld.odyssey,Bullet_AncientArmoredTurret,ancient defender turret bullet,projectile,(none),,BaseBullet,,,Defs\ThingDefs_Buildings\Buildings_Security_Turrets.xml
6,Odyssey,ludeon.rimworld.odyssey,Gun_AncientArmoredTurret,ancient defender turret gun,weapon,(none),,BaseWeaponTurret,,,Defs\ThingDefs_Buildings\Buildings_Security_Turrets.xml
6,Odyssey,ludeon.rimworld.odyssey,MastodonTusk,mastodon tusk,item,Neolithic,120,ResourceVerbBase,ItemsMisc,,Defs\ThingDefs_Items\Items_Exotic.xml
6,Odyssey,ludeon.rimworld.odyssey,AlphaThrumboHorn,alpha thrumbo horn,item,Neolithic,3000,ResourceVerbBase,ItemsMisc,,Defs\ThingDefs_Items\Items_Exotic.xml
6,Odyssey,ludeon.rimworld.odyssey,SentienceCatalyst,sentience catalyst,item,(none),400,ResourceBase,Drugs,,Defs\ThingDefs_Items\Items_Exotic.xml
6,Odyssey,ludeon.rimworld.odyssey,EggMonitorLizardFertilized,monitor lizard egg (fert.),food/drug,(none),26.0,EggFertBase,EggsFertilized,,Defs\ThingDefs_Items\Items_Resource_AnimalProduct.xml
6,Odyssey,ludeon.rimworld.odyssey,EggMonitorLizardUnfertilized,monitor lizard egg (unfert.),food/drug,(none),9.0,EggUnfertBase,EggsUnfertilized,,Defs\ThingDefs_Items\Items_Resource_AnimalProduct.xml
6,Odyssey,ludeon.rimworld.odyssey,EggFlamingoFertilized,flamingo egg (fert.),food/drug,(none),26.0,EggBirdFertBase,EggsFertilized,,Defs\ThingDefs_Items\Items_Resource_AnimalProduct.xml
6,Odyssey,ludeon.rimworld.odyssey,EggFlamingoUnfertilized,flamingo egg (unfert.),food/drug,(none),7.0,EggBirdUnfertBase,EggsUnfertilized,,Defs\ThingDefs_Items\Items_Resource_AnimalProduct.xml
6,Odyssey,ludeon.rimworld.odyssey,EggHeronFertilized,heron egg (fert.),food/drug,(none),18.0,EggBirdFertBase,EggsFertilized,,Defs\ThingDefs_Items\Items_Resource_AnimalProduct.xml
6,Odyssey,ludeon.rimworld.odyssey,EggHeronUnfertilized,heron egg (unfert.),food/drug,(none),7.0,EggBirdUnfertBase,EggsUnfertilized,,Defs\ThingDefs_Items\Items_Resource_AnimalProduct.xml
6,Odyssey,ludeon.rimworld.odyssey,EggSwanFertilized,swan egg (fert.),food/drug,(none),15.0,EggBirdFertBase,EggsFertilized,,Defs\ThingDefs_Items\Items_Resource_AnimalProduct.xml
6,Odyssey,ludeon.rimworld.odyssey,EggSwanUnfertilized,swan egg (unfert.),food/drug,(none),7.0,EggBirdUnfertBase,EggsUnfertilized,,Defs\ThingDefs_Items\Items_Resource_AnimalProduct.xml
6,Odyssey,ludeon.rimworld.odyssey,EggSparrowFertilized,sparrow egg (fert.),food/drug,(none),11.0,EggBirdFertBase,EggsFertilized,,Defs\ThingDefs_Items\Items_Resource_AnimalProduct.xml
6,Odyssey,ludeon.rimworld.odyssey,EggSparrowUnfertilized,sparrow egg (unfert.),food/drug,(none),7.0,EggBirdUnfertBase,EggsUnfertilized,,Defs\ThingDefs_Items\Items_Resource_AnimalProduct.xml
6,Odyssey,ludeon.rimworld.odyssey,EggCrowFertilized,crow egg (fert.),food/drug,(none),11.0,EggBirdFertBase,EggsFertilized,,Defs\ThingDefs_Items\Items_Resource_AnimalProduct.xml
6,Odyssey,ludeon.rimworld.odyssey,EggCrowUnfertilized,crow egg (unfert.),food/drug,(none),7.0,EggBirdUnfertBase,EggsUnfertilized,,Defs\ThingDefs_Items\Items_Resource_AnimalProduct.xml
6,Odyssey,ludeon.rimworld.odyssey,EggBluebirdFertilized,bluebird egg (fert.),food/drug,(none),11.0,EggBirdFertBase,EggsFertilized,,Defs\ThingDefs_Items\Items_Resource_AnimalProduct.xml
6,Odyssey,ludeon.rimworld.odyssey,EggBluebirdUnfertilized,bluebird egg (unfert.),food/drug,(none),7.0,EggBirdUnfertBase,EggsUnfertilized,,Defs\ThingDefs_Items\Items_Resource_AnimalProduct.xml
6,Odyssey,ludeon.rimworld.odyssey,EggQuailFertilized,quail egg (fert.),food/drug,(none),11.0,EggBirdFertBase,EggsFertilized,,Defs\ThingDefs_Items\Items_Resource_AnimalProduct.xml
6,Odyssey,ludeon.rimworld.odyssey,EggQuailUnfertilized,quail egg (unfert.),food/drug,(none),7.0,EggBirdUnfertBase,EggsUnfertilized,,Defs\ThingDefs_Items\Items_Resource_AnimalProduct.xml
6,Odyssey,ludeon.rimworld.odyssey,EggMacawFertilized,macaw egg (fert.),food/drug,(none),11.0,EggBirdFertBase,EggsFertilized,,Defs\ThingDefs_Items\Items_Resource_AnimalProduct.xml
6,Odyssey,ludeon.rimworld.odyssey,EggMacawUnfertilized,macaw egg (unfert.),food/drug,(none),7.0,EggBirdUnfertBase,EggsUnfertilized,,Defs\ThingDefs_Items\Items_Resource_AnimalProduct.xml
6,Odyssey,ludeon.rimworld.odyssey,EggPeacockFertilized,peafowl egg (fert.),food/drug,(none),26.0,EggBirdFertBase,EggsFertilized,,Defs\ThingDefs_Items\Items_Resource_AnimalProduct.xml
6,Odyssey,ludeon.rimworld.odyssey,EggPeacockUnfertilized,peafowl egg (unfert.),food/drug,(none),7.0,EggBirdUnfertBase,EggsUnfertilized,,Defs\ThingDefs_Items\Items_Resource_AnimalProduct.xml
6,Odyssey,ludeon.rimworld.odyssey,EggVultureFertilized,vulture egg (fert.),food/drug,(none),16.0,EggBirdFertBase,EggsFertilized,,Defs\ThingDefs_Items\Items_Resource_AnimalProduct.xml
6,Odyssey,ludeon.rimworld.odyssey,EggVultureUnfertilized,vulture egg (unfert.),food/drug,(none),7.0,EggBirdUnfertBase,EggsUnfertilized,,Defs\ThingDefs_Items\Items_Resource_AnimalProduct.xml
6,Odyssey,ludeon.rimworld.odyssey,EggPenguinFertilized,penguin egg (fert.),food/drug,(none),25.0,EggBirdFertBase,EggsFertilized,,Defs\ThingDefs_Items\Items_Resource_AnimalProduct.xml
6,Odyssey,ludeon.rimworld.odyssey,EggPenguinUnfertilized,penguin egg (unfert.),food/drug,(none),7.0,EggBirdUnfertBase,EggsUnfertilized,,Defs\ThingDefs_Items\Items_Resource_AnimalProduct.xml
6,Odyssey,ludeon.rimworld.odyssey,EggSeaTurtleFertilized,sea turtle egg (fert.),food/drug,(none),20.0,EggFertBase,EggsFertilized,,Defs\ThingDefs_Items\Items_Resource_AnimalProduct.xml
6,Odyssey,ludeon.rimworld.odyssey,EggSeaTurtleUnfertilized,sea turtle egg (unfert.),food/drug,(none),9.0,EggUnfertBase,EggsUnfertilized,,Defs\ThingDefs_Items\Items_Resource_AnimalProduct.xml
6,Odyssey,ludeon.rimworld.odyssey,EggAlligatorFertilized,alligator egg (fert.),food/drug,(none),20.0,EggFertBase,EggsFertilized,,Defs\ThingDefs_Items\Items_Resource_AnimalProduct.xml
6,Odyssey,ludeon.rimworld.odyssey,EggAlligatorUnfertilized,alligator egg (unfert.),food/drug,(none),17.0,EggUnfertBase,EggsUnfertilized,,Defs\ThingDefs_Items\Items_Resource_AnimalProduct.xml
6,Odyssey,ludeon.rimworld.odyssey,WoolMastodon,mastodon wool,item,(none),2.7,WoolBase,Wools,,Defs\ThingDefs_Items\Items_Resource_AnimalProduct.xml
6,Odyssey,ludeon.rimworld.odyssey,WoolMuskox,muskox wool,item,(none),2.7,WoolBase,Wools,,Defs\ThingDefs_Items\Items_Resource_AnimalProduct.xml
6,Odyssey,ludeon.rimworld.odyssey,Fish_Salmon,salmon,food/drug,(none),6.5,FishBase,Fish,,Defs\ThingDefs_Items\Items_Resource_Fish.xml
6,Odyssey,ludeon.rimworld.odyssey,Fish_Bass,bass,food/drug,(none),6.5,FishBase,Fish,,Defs\ThingDefs_Items\Items_Resource_Fish.xml
6,Odyssey,ludeon.rimworld.odyssey,Fish_Tilapia,tilapia,food/drug,(none),6.5,FishBase,Fish,,Defs\ThingDefs_Items\Items_Resource_Fish.xml
6,Odyssey,ludeon.rimworld.odyssey,Fish_Cod,cod,food/drug,(none),6.5,FishBase,Fish,,Defs\ThingDefs_Items\Items_Resource_Fish.xml
6,Odyssey,ludeon.rimworld.odyssey,Fish_Bluefish,bluefish,food/drug,(none),6.5,FishBase,Fish,,Defs\ThingDefs_Items\Items_Resource_Fish.xml
6,Odyssey,ludeon.rimworld.odyssey,Fish_Guppy,guppy,food/drug,(none),25,FishBase,Fish,,Defs\ThingDefs_Items\Items_Resource_Fish.xml
6,Odyssey,ludeon.rimworld.odyssey,Fish_Frostfish,frostfish,food/drug,(none),34,FishBase,Fish,,Defs\ThingDefs_Items\Items_Resource_Fish.xml
6,Odyssey,ludeon.rimworld.odyssey,Fish_Catfish,catfish,food/drug,(none),26,FishBase,Fish,,Defs\ThingDefs_Items\Items_Resource_Fish.xml
6,Odyssey,ludeon.rimworld.odyssey,Fish_Piranha,piranha,food/drug,(none),40,FishBase,Fish,,Defs\ThingDefs_Items\Items_Resource_Fish.xml
6,Odyssey,ludeon.rimworld.odyssey,Fish_Dogfish,dogfish,food/drug,(none),12.5,FishBase,Fish,,Defs\ThingDefs_Items\Items_Resource_Fish.xml
6,Odyssey,ludeon.rimworld.odyssey,Fish_Marlin,marlin,food/drug,(none),28,FishBase,Fish,,Defs\ThingDefs_Items\Items_Resource_Fish.xml
6,Odyssey,ludeon.rimworld.odyssey,Fish_Tuna,tuna,food/drug,(none),32,FishBase,Fish,,Defs\ThingDefs_Items\Items_Resource_Fish.xml
6,Odyssey,ludeon.rimworld.odyssey,Fish_Flounder,flounder,food/drug,(none),22,FishBase,Fish,,Defs\ThingDefs_Items\Items_Resource_Fish.xml
6,Odyssey,ludeon.rimworld.odyssey,Fish_Toxfish,toxfish,food/drug,(none),1,FishBase,Fish,,Defs\ThingDefs_Items\Items_Resource_Fish.xml
6,Odyssey,ludeon.rimworld.odyssey,Gravcore,gravcore,item,Spacer,1250,ResourceBase,Manufactured,,Defs\ThingDefs_Items\Items_Resource_Misc.xml
6,Odyssey,ludeon.rimworld.odyssey,GravlitePanel,gravlite panel,item,Spacer,4,ResourceBase,ResourcesRaw,AdvancedGravtech,Defs\ThingDefs_Items\Items_Resource_Misc.xml
6,Odyssey,ludeon.rimworld.odyssey,ShuttleEngine,shuttle engine,item,Spacer,2500,ResourceBase,Manufactured,,Defs\ThingDefs_Items\Items_Resource_Misc.xml
6,Odyssey,ludeon.rimworld.odyssey,Obsidian,obsidian,item,(none),5,ResourceBase,ResourcesRaw,,Defs\ThingDefs_Items\Items_Resource_Stuff.xml
6,Odyssey,ludeon.rimworld.odyssey,Leather_Mastodon,mastodon leather,item,(none),3.0,LeatherBase,Leathers,,Defs\ThingDefs_Items\Items_Resource_Stuff_Leather.xml
6,Odyssey,ludeon.rimworld.odyssey,Leather_Sealskin,sealskin,item,(none),4,LeatherBase,Leathers,,Defs\ThingDefs_Items\Items_Resource_Stuff_Leather.xml
6,Odyssey,ludeon.rimworld.odyssey,Leather_AlphaThrumbo,thrumbomane,item,(none),20.0,LeatherBase,Leathers,,Defs\ThingDefs_Items\Items_Resource_Stuff_Leather.xml
6,Odyssey,ludeon.rimworld.odyssey,Leather_Mink,mink fur,item,(none),5.2,LeatherBase,Leathers,,Defs\ThingDefs_Items\Items_Resource_Stuff_Leather.xml
6,Odyssey,ludeon.rimworld.odyssey,Leather_Hippo,hippo leather,item,(none),3.7,LeatherBase,Leathers,,Defs\ThingDefs_Items\Items_Resource_Stuff_Leather.xml
6,Odyssey,ludeon.rimworld.odyssey,Leather_Armadillo,armadillo leather,item,(none),3.2,LeatherBase,Leathers,,Defs\ThingDefs_Items\Items_Resource_Stuff_Leather.xml
6,Odyssey,ludeon.rimworld.odyssey,Gun_Revolver_Unique,unique revolver,weapon,Industrial,,Gun_Revolver,WeaponsUnique,Gunsmithing,Defs\ThingDefs_Items\Weapons_Unique.xml
6,Odyssey,ludeon.rimworld.odyssey,Gun_BoltActionRifle_Unique,unique bolt-action rifle,weapon,Industrial,,Gun_BoltActionRifle,WeaponsUnique,Gunsmithing,Defs\ThingDefs_Items\Weapons_Unique.xml
6,Odyssey,ludeon.rimworld.odyssey,Gun_ChainShotgun_Unique,unique chain shotgun,weapon,Industrial,,Gun_ChainShotgun,WeaponsUnique,GasOperation,Defs\ThingDefs_Items\Weapons_Unique.xml
6,Odyssey,ludeon.rimworld.odyssey,Gun_HeavySMG_Unique,unique heavy SMG,weapon,Industrial,,Gun_HeavySMG,WeaponsUnique,GasOperation,Defs\ThingDefs_Items\Weapons_Unique.xml
6,Odyssey,ludeon.rimworld.odyssey,Gun_LMG_Unique,unique LMG,weapon,Industrial,,Gun_LMG,WeaponsUnique,GasOperation,Defs\ThingDefs_Items\Weapons_Unique.xml
6,Odyssey,ludeon.rimworld.odyssey,Gun_AssaultRifle_Unique,unique assault rifle,weapon,Industrial,,Gun_AssaultRifle,WeaponsUnique,PrecisionRifling,Defs\ThingDefs_Items\Weapons_Unique.xml
6,Odyssey,ludeon.rimworld.odyssey,Gun_SniperRifle_Unique,unique sniper rifle,weapon,Industrial,,Gun_SniperRifle,WeaponsUnique,PrecisionRifling,Defs\ThingDefs_Items\Weapons_Unique.xml
6,Odyssey,ludeon.rimworld.odyssey,Gun_Minigun_Unique,unique minigun,weapon,Industrial,,Gun_Minigun,WeaponsUnique,MultibarrelWeapons,Defs\ThingDefs_Items\Weapons_Unique.xml
6,Odyssey,ludeon.rimworld.odyssey,Bow_Great_Unique,unique greatbow,weapon,Neolithic,,Bow_Great,WeaponsUnique,Greatbow,Defs\ThingDefs_Items\Weapons_Unique.xml
6,Odyssey,ludeon.rimworld.odyssey,Gun_ChargeRifle_Unique,unique charge rifle,weapon,Spacer,,Gun_ChargeRifle,WeaponsUnique,ChargedShot,Defs\ThingDefs_Items\Weapons_Unique.xml
6,Odyssey,ludeon.rimworld.odyssey,Gun_ChargeLance_Unique,unique charge lance,weapon,Spacer,,Gun_ChargeLance,WeaponsUnique,ChargedShot,Defs\ThingDefs_Items\Weapons_Unique.xml
6,Odyssey,ludeon.rimworld.odyssey,Gun_HellcatRifle_Unique,unique hellcat rifle,weapon,(none),,Gun_HellcatRifle,WeaponsUnique,,Defs\ThingDefs_Items\Weapons_Unique.xml
6,Odyssey,ludeon.rimworld.odyssey,Gun_BeamRepeater_Unique,unique beam repeater,weapon,Spacer,,Gun_BeamRepeater,WeaponsUnique,BeamWeapons,Defs\ThingDefs_Items\Weapons_Unique.xml
6,Odyssey,ludeon.rimworld.odyssey,Apparel_VacsuitHelmet,vacsuit helmet,apparel,Spacer,,ArmorHelmetMakeableBase,ArmorHeadgear,OrbitalTech,Defs\ThingDefs_Misc\Apparel_Headgear.xml
6,Odyssey,ludeon.rimworld.odyssey,Apparel_PackHunter,hunter pack,apparel,Industrial,,ApparelNoQualityBase,ApparelUtility,HunterDrones,Defs\ThingDefs_Misc\Apparel_Packs.xml
6,Odyssey,ludeon.rimworld.odyssey,Grenade_HunterPack,hunter pack capsule,projectile,(none),,BaseGrenadeProjectile,,,Defs\ThingDefs_Misc\Apparel_Packs.xml
6,Odyssey,ludeon.rimworld.odyssey,Apparel_CerebrexNode,cerebrex node,apparel,Spacer,5000,ApparelNoQualityBase,ApparelUtility,,Defs\ThingDefs_Misc\Apparel_Packs.xml
6,Odyssey,ludeon.rimworld.odyssey,Apparel_Vacsuit,vacsuit,apparel,Spacer,,ApparelBase,ApparelArmor,OrbitalTech,Defs\ThingDefs_Misc\Apparel_Various.xml
6,Odyssey,ludeon.rimworld.odyssey,Apparel_VacsuitChildren,kid vacsuit,apparel,Spacer,,ApparelBase,ApparelArmor,OrbitalTech,Defs\ThingDefs_Misc\Apparel_Various.xml
6,Odyssey,ludeon.rimworld.odyssey,LavaRockIncoming,lava rock (incoming),parent:SkyfallerBase,(none),,SkyfallerBase,,,Defs\ThingDefs_Misc\Ethereal_Skyfallers.xml
6,Odyssey,ludeon.rimworld.odyssey,DropPodLeavingMechanoid,mechanoid drop pod (leaving),parent:DropPodLeaving,(none),,DropPodLeaving,,,Defs\ThingDefs_Misc\Ethereal_Skyfallers.xml
6,Odyssey,ludeon.rimworld.odyssey,DropPodIncomingMechanoidSoft,mechanoid drop pod (incoming),parent:DropPodIncoming,(none),,DropPodIncoming,,,Defs\ThingDefs_Misc\Ethereal_Skyfallers.xml
6,Odyssey,ludeon.rimworld.odyssey,DropPodLeavingAncient,ancient drop pod (leaving),parent:DropPodLeaving,(none),,DropPodLeaving,,,Defs\ThingDefs_Misc\Ethereal_Skyfallers.xml
6,Odyssey,ludeon.rimworld.odyssey,DropPodIncomingAncient,ancient drop pod (incoming),parent:DropPodIncoming,(none),,DropPodIncoming,,,Defs\ThingDefs_Misc\Ethereal_Skyfallers.xml
6,Odyssey,ludeon.rimworld.odyssey,PassengerShuttleIncoming,passenger shuttle (incoming),parent:ShuttleSkyfallerBase,(none),,ShuttleSkyfallerBase,,,Defs\ThingDefs_Misc\Ethereal_Skyfallers.xml
6,Odyssey,ludeon.rimworld.odyssey,PassengerShuttleLeaving,passenger shuttle (leaving),parent:ShuttleSkyfallerBase,(none),,ShuttleSkyfallerBase,,,Defs\ThingDefs_Misc\Ethereal_Skyfallers.xml
6,Odyssey,ludeon.rimworld.odyssey,OrbitalDebrisSpawner,,parent:EtherealThingBase,(none),,EtherealThingBase,,,Defs\ThingDefs_Misc\Ethereal_Skyfallers.xml
6,Odyssey,ludeon.rimworld.odyssey,LavaEmergence,,parent:EtherealThingBase,(none),,EtherealThingBase,,,Defs\ThingDefs_Misc\Ethereal_Various.xml
6,Odyssey,ludeon.rimworld.odyssey,LavaEmergenceImmediate,,parent:EtherealThingBase,(none),,EtherealThingBase,,,Defs\ThingDefs_Misc\Ethereal_Various.xml
6,Odyssey,ludeon.rimworld.odyssey,SeasonalFlood,,parent:EtherealThingBase,(none),,EtherealThingBase,,,Defs\ThingDefs_Misc\Ethereal_Various.xml
6,Odyssey,ludeon.rimworld.odyssey,TorrentialRainFlood,,parent:EtherealThingBase,(none),,EtherealThingBase,,,Defs\ThingDefs_Misc\Ethereal_Various.xml
6,Odyssey,ludeon.rimworld.odyssey,InsectAmbush,,parent:EtherealThingBase,(none),,EtherealThingBase,,,Defs\ThingDefs_Misc\Ethereal_Various.xml
6,Odyssey,ludeon.rimworld.odyssey,GravshipLandingMarker,gravship landing zone,parent:EtherealThingBase,(none),,EtherealThingBase,,,Defs\ThingDefs_Misc\Ethereal_Various.xml
6,Odyssey,ludeon.rimworld.odyssey,Filth_VolcanicAsh,volcanic ash,parent:BaseFilth,(none),,BaseFilth,,,Defs\ThingDefs_Misc\Filth_Various.xml
6,Odyssey,ludeon.rimworld.odyssey,Filth_ChemfuelStain,chemfuel stain,parent:BaseFilth,(none),,BaseFilth,,,Defs\ThingDefs_Misc\Filth_Various.xml
6,Odyssey,ludeon.rimworld.odyssey,Filth_ChippedIce,chipped ice,parent:BaseFilth,(none),,BaseFilth,,,Defs\ThingDefs_Misc\Filth_Various.xml
6,Odyssey,ludeon.rimworld.odyssey,SolidIce,solid ice,building,(none),,RockBase,,,Defs\ThingDefs_Misc\Stone_Various.xml
6,Odyssey,ludeon.rimworld.odyssey,SmoothedSolidIce,smoothed solid ice,building,(none),,SolidIceBase,,,Defs\ThingDefs_Misc\Stone_Various.xml
6,Odyssey,ludeon.rimworld.odyssey,Vacstone,vacstone,building,(none),,UglyRockBase,,,Defs\ThingDefs_Misc\Stone_Various.xml
6,Odyssey,ludeon.rimworld.odyssey,SmoothedVacstone,smoothed vacstone,building,(none),7,VacstoneBase,,,Defs\ThingDefs_Misc\Stone_Various.xml
6,Odyssey,ludeon.rimworld.odyssey,ChunkVacstone,vacstone chunk,item,(none),,ChunkRockBase,StoneChunks,,Defs\ThingDefs_Misc\Stone_Various.xml
6,Odyssey,ludeon.rimworld.odyssey,BlocksVacstone,vacstone blocks,item,(none),2,StoneBlocksBase,StoneBlocks,,Defs\ThingDefs_Misc\Stone_Various.xml
6,Odyssey,ludeon.rimworld.odyssey,Gun_BeamRepeater,beam repeater,weapon,Spacer,,BaseHumanMakeableGun,WeaponsRanged,BeamWeapons,Defs\ThingDefs_Misc\Weapons\Ranged_Spacer.xml
6,Odyssey,ludeon.rimworld.odyssey,Bullet_BeamRepeater,beam repeater laser,projectile,(none),,BaseBullet,,,Defs\ThingDefs_Misc\Weapons\Ranged_Spacer.xml
6,Odyssey,ludeon.rimworld.odyssey,Gun_Scattergun,scattergun,weapon,Spacer,1000,BaseGun,WeaponsRanged,,Defs\ThingDefs_Misc\Weapons\Ranged_Spacer.xml
6,Odyssey,ludeon.rimworld.odyssey,Bullet_Scattergun,scattergun blast,projectile,(none),,BaseBullet,,,Defs\ThingDefs_Misc\Weapons\Ranged_Spacer.xml
6,Odyssey,ludeon.rimworld.odyssey,Plant_TreeArchean,archean tree,plant,(none),,TreeBase,Plants,,Defs\ThingDefs_Plants\Plants_Special.xml
6,Odyssey,ludeon.rimworld.odyssey,ChoppedStump_Archean,chopped Archean stump,plant,(none),,StumpChoppedBase,Stumps,,Defs\ThingDefs_Plants\Plants_Special.xml
6,Odyssey,ludeon.rimworld.odyssey,SmashedStump_Archean,smashed Archean stump,plant,(none),,StumpSmashedBase,Stumps,,Defs\ThingDefs_Plants\Plants_Special.xml
6,Odyssey,ludeon.rimworld.odyssey,ArcheanSeed,archean seed,item,(none),650,ResourceBase,ItemsMisc,,Defs\ThingDefs_Plants\Plants_Special.xml
6,Odyssey,ludeon.rimworld.odyssey,Plant_Reeds,reeds,plant,(none),,WaterPlantBase,Plants,,Defs\ThingDefs_Plants\Plants_Water.xml
6,Odyssey,ludeon.rimworld.odyssey,Plant_LilyPad,lily pad,plant,(none),,WaterPlantBase,Plants,,Defs\ThingDefs_Plants\Plants_Water.xml
6,Odyssey,ludeon.rimworld.odyssey,Plant_Bulrush,bulrush,plant,(none),,WaterPlantBase,Plants,,Defs\ThingDefs_Plants\Plants_Water.xml
6,Odyssey,ludeon.rimworld.odyssey,Plant_Lotus,lotus,plant,(none),,WaterPlantBase,Plants,,Defs\ThingDefs_Plants\Plants_Water.xml
6,Odyssey,ludeon.rimworld.odyssey,Plant_Thornvine,thornvine,plant,(none),,PlantBase,Plants,,Defs\ThingDefs_Plants\Plants_Wild.xml
6,Odyssey,ludeon.rimworld.odyssey,Plant_TreeSnagroot,snagroot tree,plant,(none),,TreeBase,Plants,,Defs\ThingDefs_Plants\Plants_Wild.xml
6,Odyssey,ludeon.rimworld.odyssey,Plant_Berry_Leafless,berry bush,plant,(none),,Plant_Berry,Plants,,Defs\ThingDefs_Plants\Plants_Wild.xml
6,Odyssey,ludeon.rimworld.odyssey,Plant_Bush_Leafless,bush,plant,(none),,Plant_Bush,Plants,,Defs\ThingDefs_Plants\Plants_Wild.xml
6,Odyssey,ludeon.rimworld.odyssey,Plant_Brambles_Leafless,brambles,plant,(none),,Plant_Brambles,Plants,,Defs\ThingDefs_Plants\Plants_Wild.xml
6,Odyssey,ludeon.rimworld.odyssey,Plant_MagmaCactus,magma cactus,plant,(none),,PlantBase,Plants,,Defs\ThingDefs_Plants\Plants_Wild.xml
6,Odyssey,ludeon.rimworld.odyssey,Plant_Nightgrass,night grass,plant,(none),,PlantBase,Plants,,Defs\ThingDefs_Plants\Plants_Wild.xml
6,Odyssey,ludeon.rimworld.odyssey,Boomshroom,boomshroom,plant,(none),,PlantBaseNonEdible,Plants,,Defs\ThingDefs_Plants\Plants_Wild.xml
6,Odyssey,ludeon.rimworld.odyssey,Plant_Psilocap,psilocap,plant,(none),,GlowforestPlantBase,Plants,,Defs\ThingDefs_Plants\Plants_Wild.xml
6,Odyssey,ludeon.rimworld.odyssey,Plant_Willowgill,willowgill,plant,(none),,GlowforestPlantBase,Plants,,Defs\ThingDefs_Plants\Plants_Wild.xml
6,Odyssey,ludeon.rimworld.odyssey,Plant_NightRafflesia,night rafflesia,plant,(none),,BushBase,Plants,,Defs\ThingDefs_Plants\Plants_Wild.xml
6,Odyssey,ludeon.rimworld.odyssey,Plant_YellowGrass,yellow grass,plant,(none),,PlantBase,Plants,,Defs\ThingDefs_Plants\Plants_Wild.xml
6,Odyssey,ludeon.rimworld.odyssey,Plant_YellowTallGrass,tall yellow grass,plant,(none),,PlantBase,Plants,,Defs\ThingDefs_Plants\Plants_Wild.xml
6,Odyssey,ludeon.rimworld.odyssey,Plant_Fireweed,fireweed,plant,(none),,PlantBase,Plants,,Defs\ThingDefs_Plants\Plants_Wild.xml
6,Odyssey,ludeon.rimworld.odyssey,Plant_Cotton_Wild,wild cotton plant,plant,(none),,PlantCotton,Plants,,Defs\ThingDefs_Plants\Plants_WildCrops.xml
6,Odyssey,ludeon.rimworld.odyssey,Plant_Psychoid_Wild,wild psychoid plant,plant,(none),,PlantPsychoid,Plants,,Defs\ThingDefs_Plants\Plants_WildCrops.xml
6,Odyssey,ludeon.rimworld.odyssey,Plant_Smokeleaf_Wild,wild smokeleaf plant,plant,(none),,PlantSmokeleaf,Plants,,Defs\ThingDefs_Plants\Plants_WildCrops.xml
6,Odyssey,ludeon.rimworld.odyssey,Plant_Tinctoria_Wild,wild tinctoria,plant,(none),,PlantTinctoria,Plants,,Defs\ThingDefs_Plants\Plants_WildCrops.xml
6,Odyssey,ludeon.rimworld.odyssey,Plant_Strawberry_Wild,wild strawberry plant,plant,(none),,PlantStrawberry,Plants,,Defs\ThingDefs_Plants\Plants_WildCrops.xml
6,Odyssey,ludeon.rimworld.odyssey,Plant_Fibercorn_Wild,wild fibercorn,plant,(none),,PlantFibercorn,Plants,,Defs\ThingDefs_Plants\Plants_WildCrops.xml
6,Odyssey,ludeon.rimworld.odyssey,Plant_TreeCocoa_Wild,wild cocoa tree,plant,(none),,Plant_TreeCocoa,Plants,,Defs\ThingDefs_Plants\Plants_WildCrops.xml
6,Odyssey,ludeon.rimworld.odyssey,BogHound,bog hound,pawn,(none),220,AnimalThingBase,Animals,,Defs\ThingDefs_Races\Races_Animal.xml
6,Odyssey,ludeon.rimworld.odyssey,MonitorLizard,monitor lizard,pawn,(none),175,AnimalThingBase,Animals,,Defs\ThingDefs_Races\Races_Animal.xml
6,Odyssey,ludeon.rimworld.odyssey,PrairieDog,prairie dog,pawn,(none),30,AnimalThingBase,Animals,,Defs\ThingDefs_Races\Races_Animal.xml
6,Odyssey,ludeon.rimworld.odyssey,Porcupine,porcupine,pawn,(none),35,AnimalThingBase,Animals,,Defs\ThingDefs_Races\Races_Animal.xml
6,Odyssey,ludeon.rimworld.odyssey,Mastodon,mastodon,pawn,(none),740,AnimalThingBase,Animals,,Defs\ThingDefs_Races\Races_Animal.xml
6,Odyssey,ludeon.rimworld.odyssey,Cat_Scimitar,scimitar cat,pawn,(none),500,BigCatThingBase,Animals,,Defs\ThingDefs_Races\Races_Animal.xml
6,Odyssey,ludeon.rimworld.odyssey,Wolverine,wolverine,pawn,(none),150,AnimalThingBase,Animals,,Defs\ThingDefs_Races\Races_Animal.xml
6,Odyssey,ludeon.rimworld.odyssey,Wolf_Great,greatwolf,pawn,(none),500,ThingBaseWolf,Animals,,Defs\ThingDefs_Races\Races_Animal.xml
6,Odyssey,ludeon.rimworld.odyssey,Moose,moose,pawn,(none),375,AnimalThingBase,Animals,,Defs\ThingDefs_Races\Races_Animal.xml
6,Odyssey,ludeon.rimworld.odyssey,AlphaThrumbo,alpha thrumbo,pawn,(none),7000,AnimalThingBase,Animals,,Defs\ThingDefs_Races\Races_Animal.xml
6,Odyssey,ludeon.rimworld.odyssey,Muskox,muskox,pawn,(none),370,AnimalThingBase,Animals,,Defs\ThingDefs_Races\Races_Animal.xml
6,Odyssey,ludeon.rimworld.odyssey,Tiger,tiger,pawn,(none),450,BigCatThingBase,Animals,,Defs\ThingDefs_Races\Races_Animal.xml
6,Odyssey,ludeon.rimworld.odyssey,Mink,mink,pawn,(none),160,AnimalThingBase,Animals,,Defs\ThingDefs_Races\Races_Animal.xml
6,Odyssey,ludeon.rimworld.odyssey,Gorilla,gorilla,pawn,(none),600,AnimalThingBase,Animals,,Defs\ThingDefs_Races\Races_Animal.xml
6,Odyssey,ludeon.rimworld.odyssey,Badger,badger,pawn,(none),100,AnimalThingBase,Animals,,Defs\ThingDefs_Races\Races_Animal.xml
6,Odyssey,ludeon.rimworld.odyssey,Panda,panda,pawn,(none),400,AnimalThingBase,Animals,,Defs\ThingDefs_Races\Races_Animal.xml
6,Odyssey,ludeon.rimworld.odyssey,Hippo,hippo,pawn,(none),600,AnimalThingBase,Animals,,Defs\ThingDefs_Races\Races_Animal.xml
6,Odyssey,ludeon.rimworld.odyssey,Megavole,megavole,pawn,(none),250,AnimalThingBase,Animals,,Defs\ThingDefs_Races\Races_Animal.xml
6,Odyssey,ludeon.rimworld.odyssey,Armadillo,armadillo,pawn,(none),100,AnimalThingBase,Animals,,Defs\ThingDefs_Races\Races_Animal.xml
6,Odyssey,ludeon.rimworld.odyssey,Alligator,alligator,pawn,(none),350,AnimalThingBase,Animals,,Defs\ThingDefs_Races\Races_Animal.xml
6,Odyssey,ludeon.rimworld.odyssey,Bullfrog,bullfrog,pawn,(none),60,AnimalThingBase,Animals,,Defs\ThingDefs_Races\Races_Animal.xml
6,Odyssey,ludeon.rimworld.odyssey,ColossusToad,colossus toad,pawn,(none),220,AnimalThingBase,Animals,,Defs\ThingDefs_Races\Races_Animal.xml
6,Odyssey,ludeon.rimworld.odyssey,LavaSnail,lava snail,pawn,(none),180,AnimalThingBase,Animals,,Defs\ThingDefs_Races\Races_Animal.xml
6,Odyssey,ludeon.rimworld.odyssey,Sparrow,sparrow,pawn,(none),30,SmallBirdThingBase,Animals,,Defs\ThingDefs_Races\Races_Animal_Birds.xml
6,Odyssey,ludeon.rimworld.odyssey,Crow,crow,pawn,(none),30,SmallBirdThingBase,Animals,,Defs\ThingDefs_Races\Races_Animal_Birds.xml
6,Odyssey,ludeon.rimworld.odyssey,Bluebird,bluebird,pawn,(none),30,SmallBirdThingBase,Animals,,Defs\ThingDefs_Races\Races_Animal_Birds.xml
6,Odyssey,ludeon.rimworld.odyssey,Quail,quail,pawn,(none),30,SmallBirdThingBase,Animals,,Defs\ThingDefs_Races\Races_Animal_Birds.xml
6,Odyssey,ludeon.rimworld.odyssey,Macaw,macaw,pawn,(none),90,SmallBirdThingBase,Animals,,Defs\ThingDefs_Races\Races_Animal_Birds.xml
6,Odyssey,ludeon.rimworld.odyssey,Flamingo,flamingo,pawn,(none),120,WaterBirdThingBase,Animals,,Defs\ThingDefs_Races\Races_Animal_Birds.xml
6,Odyssey,ludeon.rimworld.odyssey,Heron,heron,pawn,(none),120,WaterBirdThingBase,Animals,,Defs\ThingDefs_Races\Races_Animal_Birds.xml
6,Odyssey,ludeon.rimworld.odyssey,Swan,swan,pawn,(none),200,WaterBirdThingBase,Animals,,Defs\ThingDefs_Races\Races_Animal_Birds.xml
6,Odyssey,ludeon.rimworld.odyssey,Peacock,peafowl,pawn,(none),180,MiscBirdBase,Animals,,Defs\ThingDefs_Races\Races_Animal_Birds.xml
6,Odyssey,ludeon.rimworld.odyssey,Vulture,vulture,pawn,(none),120,MiscBirdBase,Animals,,Defs\ThingDefs_Races\Races_Animal_Birds.xml
6,Odyssey,ludeon.rimworld.odyssey,Penguin,penguin,pawn,(none),150,BigBirdThingBase,Animals,,Defs\ThingDefs_Races\Races_Animal_Birds.xml
6,Odyssey,ludeon.rimworld.odyssey,Walrus,walrus,pawn,(none),300,AnimalThingBase,Animals,,Defs\ThingDefs_Races\Races_Animal_Coastal.xml
6,Odyssey,ludeon.rimworld.odyssey,SeaLion,sea lion,pawn,(none),320,AnimalThingBase,Animals,,Defs\ThingDefs_Races\Races_Animal_Coastal.xml
6,Odyssey,ludeon.rimworld.odyssey,Seal,seal,pawn,(none),290,AnimalThingBase,Animals,,Defs\ThingDefs_Races\Races_Animal_Coastal.xml
6,Odyssey,ludeon.rimworld.odyssey,HermitCrab,hermit crab,pawn,(none),60,AnimalThingBase,Animals,,Defs\ThingDefs_Races\Races_Animal_Coastal.xml
6,Odyssey,ludeon.rimworld.odyssey,StoneCrab,stone crab,pawn,(none),80,AnimalThingBase,Animals,,Defs\ThingDefs_Races\Races_Animal_Coastal.xml
6,Odyssey,ludeon.rimworld.odyssey,SeaTurtle,sea turtle,pawn,(none),250,AnimalThingBase,Animals,,Defs\ThingDefs_Races\Races_Animal_Coastal.xml
6,Odyssey,ludeon.rimworld.odyssey,Otter,otter,pawn,(none),60,AnimalThingBase,Animals,,Defs\ThingDefs_Races\Races_Animal_Coastal.xml
6,Odyssey,ludeon.rimworld.odyssey,Larva,larva,pawn,(none),35,BaseInsect,Animals,,Defs\ThingDefs_Races\Races_Animal_Insect.xml
6,Odyssey,ludeon.rimworld.odyssey,HiveQueen,hive queen,pawn,(none),2000,BaseInsect,Animals,,Defs\ThingDefs_Races\Races_Animal_Insect.xml
6,Odyssey,ludeon.rimworld.odyssey,Locust,locust,pawn,(none),120,BaseInsect,Animals,,Defs\ThingDefs_Races\Races_Animal_Insect.xml
6,Odyssey,ludeon.rimworld.odyssey,Drone_Hunter,hunter drone,pawn,(none),1200,BaseDrone,,,Defs\ThingDefs_Races\Races_Drones.xml
6,Odyssey,ludeon.rimworld.odyssey,Drone_Wasp,wasp,pawn,(none),1200,BaseDrone,,,Defs\ThingDefs_Races\Races_Drones.xml
6,Odyssey,ludeon.rimworld.odyssey,Drone_Sentry,sentry drone,pawn,(none),1200,BaseDrone,,,Defs\ThingDefs_Races\Races_Drones.xml
6,Odyssey,ludeon.rimworld.odyssey,Mech_Cyclops,cyclops,pawn,(none),1200,BaseMechanoidWalker,,,Defs\ThingDefs_Races\Races_Mechanoids_Medium.xml
7,Vehicle Framework,smashphil.vehicleframework,Mote_CannonPlume,Mote,mote,(none),,MoteBase,,,1.6\Defs\Effects\Mote_CannonPlume.xml
7,Vehicle Framework,smashphil.vehicleframework,MoteFishingNet,Mote,mote,(none),,MoteBaseExpand,,,1.6\Defs\Effects\Mote_FishingNet.xml
7,Vehicle Framework,smashphil.vehicleframework,Mote_CannonFlash,Mote,mote,(none),,MoteBase,,,1.6\Defs\Effects\Mote_Flash.xml
7,Vehicle Framework,smashphil.vehicleframework,Mote_Smoke_CannonSmall,smoke,mote,(none),,MoteBase,,,1.6\Defs\Effects\Mote_Gas.xml
7,Vehicle Framework,smashphil.vehicleframework,Mote_CannonSmoke,Mote,mote,(none),,MoteBase,,,1.6\Defs\Effects\Mote_Gas.xml
7,Vehicle Framework,smashphil.vehicleframework,MoteLaunchedTurret,Mote,parent:ThrownObjectBase,(none),,ThrownObjectBase,,,1.6\Defs\Effects\Mote_LaunchedObject.xml
7,Vehicle Framework,smashphil.vehicleframework,Mote_ChimneySmoke,Mote,mote,(none),,MoteBase,,,1.6\Defs\Effects\Mote_Smoke.xml
7,Vehicle Framework,smashphil.vehicleframework,Mote_RocketSmoke_Long,Mote,mote,(none),,MoteBase,,,1.6\Defs\Effects\Mote_Smoke.xml
7,Vehicle Framework,smashphil.vehicleframework,Mote_RocketSmoke_Low,Mote,mote,(none),,MoteBase,,,1.6\Defs\Effects\Mote_Smoke.xml
7,Vehicle Framework,smashphil.vehicleframework,Mote_ArtilleryExhaust,Mote,mote,(none),,MoteBaseSlowToSpeed,,,1.6\Defs\Effects\Mote_Smoke.xml
7,Vehicle Framework,smashphil.vehicleframework,Mote_ArtilleryExhaustThick,Mote,mote,(none),,MoteBaseSlowToSpeed,,,1.6\Defs\Effects\Mote_Smoke.xml
7,Vehicle Framework,smashphil.vehicleframework,ProjectileSkyfaller,Projectile skyfaller,other,(none),,,,,1.6\Defs\Projectiles\ProjectileSkyfaller.xml
7,Vehicle Framework,smashphil.vehicleframework,Airdrop,Airdrop,building,(none),,,,,1.6\Defs\Things_Buildings\Airdrop_Container.xml
12,Vanilla Expanded Framework,oskarpotocki.vanillafactionsexpanded.core,VFEA_AbilityFlyer,flying,parent:PawnFlyerBase,(none),,PawnFlyerBase,,,1.6\Defs\Abilities\GeneralAbilityDefs.xml
12,Vanilla Expanded Framework,oskarpotocki.vanillafactionsexpanded.core,VFEA_AbilityFlyer_Charge,flying,parent:PawnFlyerBase,(none),,PawnFlyerBase,,,1.6\Defs\Abilities\GeneralAbilityDefs.xml
12,Vanilla Expanded Framework,oskarpotocki.vanillafactionsexpanded.core,KCSG_PowerConduit,power conduit,building,(none),,PowerConduit,,Electricity,1.6\Defs\CustomStructureGeneration\ConduitDef.xml
12,Vanilla Expanded Framework,oskarpotocki.vanillafactionsexpanded.core,VEF_FlintlockSmoke,Mote,mote,(none),,MoteBase,,,1.6\Defs\Motes\Motes.xml
12,Vanilla Expanded Framework,oskarpotocki.vanillafactionsexpanded.core,KCSG_LongMote_DustPuff,Mote,mote,(none),,MoteBase,,,1.6\Defs\Motes\Motes.xml
12,Vanilla Expanded Framework,oskarpotocki.vanillafactionsexpanded.core,Mote_Firetrail,Mote,mote,(none),,ETE_MoteBase,,,1.6\Defs\Motes\Motes.xml
12,Vanilla Expanded Framework,oskarpotocki.vanillafactionsexpanded.core,Mote_Smoketrail,Mote,mote,(none),,ETE_MoteBase,,,1.6\Defs\Motes\Motes.xml
12,Vanilla Expanded Framework,oskarpotocki.vanillafactionsexpanded.core,Mote_FTSmoketrail,Mote,mote,(none),,ETE_MoteBase,,,1.6\Defs\Motes\Motes.xml
12,Vanilla Expanded Framework,oskarpotocki.vanillafactionsexpanded.core,Mote_GreenSmoketrail,Mote,mote,(none),,ETE_MoteBase,,,1.6\Defs\Motes\Motes.xml
12,Vanilla Expanded Framework,oskarpotocki.vanillafactionsexpanded.core,VEF_OutpostDeliverySpot,outpost delivery spot,building,(none),,BuildingBase,,,1.6\Defs\ThingDefs_Buildings\Buildings_Misc.xml
12,Vanilla Expanded Framework,oskarpotocki.vanillafactionsexpanded.core,VPEF_MinifiedFlower,minified flower,parent:MinifiedThing,(none),,MinifiedThing,,,1.6\Defs\ThingDefs_Items\Items_Unfinished.xml
13,Vanilla Furniture Expanded,vanillaexpanded.vfecore,Stone_DarklightCampfire,dark firepit,building,(none),,VFE_FirepitBase,,VFET_Fire,1.6\Mods\Ideology\Defs\Buildings_Furniture\Buildings_Ideology.xml
13,Vanilla Furniture Expanded,vanillaexpanded.vfecore,VFE_AnimalSarcophagus,animal sarcophagus,building,(none),,BuildingBase,,ComplexFurniture,1.6\Defs\Buildings_Furniture\Buildings_AnimalSarcophagus.xml
13,Vanilla Furniture Expanded,vanillaexpanded.vfecore,Bed_StoneSlab,chiseled bed,building,Neolithic,,VFE_ChiseledBedBase,BuildingsFurniture,VFET_Furniture,1.6\Defs\Buildings_Furniture\Buildings_BasicBeds.xml
13,Vanilla Furniture Expanded,vanillaexpanded.vfecore,VFE_Bed_StoneSlabDouble,chiseled double bed,building,Neolithic,,VFE_ChiseledBedBase,BuildingsFurniture,VFET_Furniture,1.6\Defs\Buildings_Furniture\Buildings_BasicBeds.xml
13,Vanilla Furniture Expanded,vanillaexpanded.vfecore,Bed_Simple,simple bed,building,Medieval,,VFE_SimpleBedBase,BuildingsFurniture,MF_BasicFurniture,1.6\Defs\Buildings_Furniture\Buildings_BasicBeds.xml
13,Vanilla Furniture Expanded,vanillaexpanded.vfecore,VFE_Bed_SimpleDouble,simple double bed,building,Medieval,,VFE_SimpleBedBase,BuildingsFurniture,MF_BasicFurniture,1.6\Defs\Buildings_Furniture\Buildings_BasicBeds.xml
13,Vanilla Furniture Expanded,vanillaexpanded.vfecore,Seat_Cushion,sitting cushion,building,(none),,FurnitureWithQualityBase,BuildingsFurniture,,1.6\Defs\Buildings_Furniture\Buildings_BasicSeats.xml
13,Vanilla Furniture Expanded,vanillaexpanded.vfecore,Seat_Bench,bench,building,(none),,FurnitureWithQualityBase,BuildingsFurniture,MF_BasicFurniture,1.6\Defs\Buildings_Furniture\Buildings_BasicSeats.xml
13,Vanilla Furniture Expanded,vanillaexpanded.vfecore,Seat_SquareChair,school chair,building,(none),,ArtableFurnitureBase,BuildingsFurniture,ComplexFurniture,1.6\Defs\Buildings_Furniture\Buildings_BasicSeats.xml
13,Vanilla Furniture Expanded,vanillaexpanded.vfecore,Table_1x1c,table (1x1),building,(none),,TableGatherSpotBase,BuildingsFurniture,,1.6\Defs\Buildings_Furniture\Buildings_BasicTables.xml
13,Vanilla Furniture Expanded,vanillaexpanded.vfecore,Table_Counter,counter,building,(none),,TableGatherSpotBase,BuildingsFurniture,ComplexFurniture,1.6\Defs\Buildings_Furniture\Buildings_BasicTables.xml
13,Vanilla Furniture Expanded,vanillaexpanded.vfecore,VFE_CoffeeTable,coffee table,building,(none),,FurnitureWithQualityBase,BuildingsFurniture,MF_ModernFurniture,1.6\Defs\Buildings_Furniture\Buildings_BasicTables.xml
13,Vanilla Furniture Expanded,vanillaexpanded.vfecore,Stone_Campfire,firepit,building,(none),,VFE_FirepitBase,,VFET_Fire,1.6\Defs\Buildings_Furniture\Buildings_Campfire.xml
13,Vanilla Furniture Expanded,vanillaexpanded.vfecore,Radio_Industrial,industrial radio,building,(none),,VFE_RadioBase,BuildingsJoy,TubeTelevision,1.6\Defs\Buildings_Furniture\Buildings_Joy.xml
13,Vanilla Furniture Expanded,vanillaexpanded.vfecore,Radio_Spacer,longwave radio,building,(none),,VFE_RadioBase,BuildingsJoy,FlatscreenTelevision,1.6\Defs\Buildings_Furniture\Buildings_Joy.xml
13,Vanilla Furniture Expanded,vanillaexpanded.vfecore,Joy_Arcade,arcade machine,building,(none),,BuildingBase,BuildingsJoy,TubeTelevision,1.6\Defs\Buildings_Furniture\Buildings_Joy.xml
13,Vanilla Furniture Expanded,vanillaexpanded.vfecore,Joy_InudstrialComputer,old computer,building,(none),,VFE_ComputerBase,BuildingsJoy,TubeTelevision,1.6\Defs\Buildings_Furniture\Buildings_Joy.xml
13,Vanilla Furniture Expanded,vanillaexpanded.vfecore,Joy_ModernComputer,modern computer,building,(none),,VFE_ComputerBase,BuildingsJoy,FlatscreenTelevision,1.6\Defs\Buildings_Furniture\Buildings_Joy.xml
13,Vanilla Furniture Expanded,vanillaexpanded.vfecore,Joy_Piano,upright piano,building,(none),,ArtableFurnitureBase,BuildingsFurniture,MF_ModernFurniture,1.6\Defs\Buildings_Furniture\Buildings_Joy.xml
13,Vanilla Furniture Expanded,vanillaexpanded.vfecore,Joy_RouletteTable,roulette table,building,(none),,ArtableFurnitureBase,BuildingsFurniture,MF_ModernFurniture,1.6\Defs\Buildings_Furniture\Buildings_Joy.xml
13,Vanilla Furniture Expanded,vanillaexpanded.vfecore,Joy_DartsBoard,darts board,building,(none),,BuildingBase,BuildingsJoy,ComplexFurniture,1.6\Defs\Buildings_Furniture\Buildings_Joy.xml
13,Vanilla Furniture Expanded,vanillaexpanded.vfecore,Joy_PunchingBag,punching bag,building,(none),,BuildingBase,,ComplexFurniture,1.6\Defs\Buildings_Furniture\Buildings_Joy.xml
13,Vanilla Furniture Expanded,vanillaexpanded.vfecore,VFE_Lounger,lounger,building,Industrial,,BedBase,BuildingsFurniture,MF_ModernFurniture,1.6\Defs\Buildings_Furniture\Buildings_Joy.xml
13,Vanilla Furniture Expanded,vanillaexpanded.vfecore,Misc_FileCabinet,filing cabinet,building,(none),,FurnitureWithQualityBase,BuildingsFurniture,MF_ModernFurniture,1.6\Defs\Buildings_Furniture\Buildings_Misc.xml
13,Vanilla Furniture Expanded,vanillaexpanded.vfecore,Shelf_WeaponRack,weapon rack,building,(none),,StorageShelfBase,BuildingsFurniture,ComplexFurniture,1.6\Defs\Buildings_Furniture\Buildings_Misc.xml
13,Vanilla Furniture Expanded,vanillaexpanded.vfecore,Bin_Small,small bin,building,(none),,FurnitureBase,BuildingsFurniture,MF_WasteDisposal,1.6\Defs\Buildings_Furniture\Buildings_Misc.xml
13,Vanilla Furniture Expanded,vanillaexpanded.vfecore,Bin_Large,large bin,building,(none),,FurnitureBase,BuildingsFurniture,MF_WasteDisposal,1.6\Defs\Buildings_Furniture\Buildings_Misc.xml
13,Vanilla Furniture Expanded,vanillaexpanded.vfecore,VFE_LongPlantPot,long plant pot,building,(none),,FurnitureWithQualityBase,BuildingsFurniture,MF_ModernFurniture,1.6\Defs\Buildings_Furniture\Buildings_Misc.xml
13,Vanilla Furniture Expanded,vanillaexpanded.vfecore,VFE_DeskLamp,desk lamp,building,(none),,LampBase,BuildingsFurniture,Electricity,1.6\Defs\Buildings_Furniture\Buildings_Misc.xml
13,Vanilla Furniture Expanded,vanillaexpanded.vfecore,VFE_FloorLamp,floor lamp,building,(none),,LampBase,BuildingsFurniture,FlatscreenTelevision,1.6\Defs\Buildings_Furniture\Buildings_Misc.xml
13,Vanilla Furniture Expanded,vanillaexpanded.vfecore,Light_Streetlamp,outdoor lamp,item,(none),,LampBase,BuildingsFurniture,Electricity;ColoredLights,1.6\Defs\Buildings_Furniture\Buildings_Misc.xml
13,Vanilla Furniture Expanded,vanillaexpanded.vfecore,Bed_Ergonomic,ergonomic bed,building,Industrial,,VFE_ErgonomicBedBase,BuildingsFurniture,MF_ModernFurniture,1.6\Defs\Buildings_Furniture\Buildings_Modern.xml
13,Vanilla Furniture Expanded,vanillaexpanded.vfecore,Bed_DoubleErgonomic,ergonomic double bed,building,Industrial,,VFE_ErgonomicBedBase,BuildingsFurniture,MF_ModernFurniture,1.6\Defs\Buildings_Furniture\Buildings_Modern.xml
13,Vanilla Furniture Expanded,vanillaexpanded.vfecore,Table_Wardrobe,wardrobe,building,(none),,VFE_WardrobeBase,BuildingsFurniture,ComplexFurniture,1.6\Defs\Buildings_Furniture\Buildings_Modern.xml
13,Vanilla Furniture Expanded,vanillaexpanded.vfecore,Seat_ModernChair,ergonomic chair,building,(none),,FurnitureWithQualityBase,BuildingsFurniture,MF_ModernFurniture,1.6\Defs\Buildings_Furniture\Buildings_Modern.xml
13,Vanilla Furniture Expanded,vanillaexpanded.vfecore,VFE_ModularCouch,modular couch,building,(none),,FurnitureWithQualityBase,BuildingsFurniture,MF_ModernFurniture,1.6\Defs\Buildings_Furniture\Buildings_ModularCouch.xml
13,Vanilla Furniture Expanded,vanillaexpanded.vfecore,Bed_Kingsize,royal poster bed,building,Medieval,,ArtableBedBase,BuildingsFurniture,MF_RoyalFurniture,1.6\Defs\Buildings_Furniture\Buildings_Royal.xml
13,Vanilla Furniture Expanded,vanillaexpanded.vfecore,Table_RoyalEndTable,royal end table,building,(none),,TableBase,BuildingsFurniture,MF_RoyalFurniture,1.6\Defs\Buildings_Furniture\Buildings_Royal.xml
13,Vanilla Furniture Expanded,vanillaexpanded.vfecore,Table_RoyalDresser,royal dresser,building,(none),,ArtableFurnitureBase,BuildingsFurniture,MF_RoyalFurniture,1.6\Defs\Buildings_Furniture\Buildings_Royal.xml
13,Vanilla Furniture Expanded,vanillaexpanded.vfecore,VFE_RoyalWardrobe,royal wardrobe,building,(none),,VFE_WardrobeBase,BuildingsFurniture,MF_RoyalFurniture,1.6\Defs\Buildings_Furniture\Buildings_Royal.xml
13,Vanilla Furniture Expanded,vanillaexpanded.vfecore,VFE_RoyalLamp,royal standing lamp,item,(none),,LampBase,BuildingsFurniture,MF_RoyalFurniture,1.6\Defs\Buildings_Furniture\Buildings_Royal.xml
13,Vanilla Furniture Expanded,vanillaexpanded.vfecore,Seat_RoyalChair,royal chair,building,(none),,ArtableFurnitureBase,BuildingsFurniture,MF_RoyalFurniture,1.6\Defs\Buildings_Furniture\Buildings_RoyalSeats.xml
13,Vanilla Furniture Expanded,vanillaexpanded.vfecore,Seat_RoyalArmchair,royal armchair,building,(none),,FurnitureWithQualityBase,BuildingsFurniture,MF_RoyalFurniture,1.6\Defs\Buildings_Furniture\Buildings_RoyalSeats.xml
13,Vanilla Furniture Expanded,vanillaexpanded.vfecore,Table_Royal1x1c,royal table (1x1),building,(none),,RoyalTableDesc,BuildingsFurniture,MF_RoyalFurniture,1.6\Defs\Buildings_Furniture\Buildings_RoyalTables.xml
13,Vanilla Furniture Expanded,vanillaexpanded.vfecore,Table_Royal1x2c,royal table (1x2),building,(none),,RoyalTableDesc,BuildingsFurniture,MF_RoyalFurniture,1.6\Defs\Buildings_Furniture\Buildings_RoyalTables.xml
13,Vanilla Furniture Expanded,vanillaexpanded.vfecore,Table_Royal2x2c,royal table (2x2),building,(none),,RoyalTableDesc,BuildingsFurniture,MF_RoyalFurniture,1.6\Defs\Buildings_Furniture\Buildings_RoyalTables.xml
13,Vanilla Furniture Expanded,vanillaexpanded.vfecore,Table_Royal2x4c,royal table (2x4),building,(none),,RoyalTableDesc,BuildingsFurniture,MF_RoyalFurniture,1.6\Defs\Buildings_Furniture\Buildings_RoyalTables.xml
13,Vanilla Furniture Expanded,vanillaexpanded.vfecore,Table_Royal3x3c,royal table (3x3),building,(none),,RoyalTableDesc,BuildingsFurniture,MF_RoyalFurniture,1.6\Defs\Buildings_Furniture\Buildings_RoyalTables.xml
13,Vanilla Furniture Expanded,vanillaexpanded.vfecore,Mote_HoldingChips,Mote,mote,(none),,MoteBase,,,1.6\Defs\Misc\Mote_Meta.xml
13,Vanilla Furniture Expanded,vanillaexpanded.vfecore,Mote_HoldingGloves,Mote,mote,(none),,MoteBase,,,1.6\Defs\Misc\Mote_Meta.xml
13,Vanilla Furniture Expanded,vanillaexpanded.vfecore,Mote_FlyingDart,Mote,mote,(none),,MoteBase,,,1.6\Defs\Misc\Mote_Meta.xml
13,Vanilla Furniture Expanded,vanillaexpanded.vfecore,Mote_MusicalNoteA,Mote,mote,(none),,MoteBase,,,1.6\Defs\Misc\Mote_Meta.xml
14,Vanilla Furniture Expanded - Farming,vanillaexpanded.vfefarming,VFE_PlanterBox,planter box,building,(none),,BuildingBase,,,1.6\Defs\Buildings\Buildings_Growers.xml
14,Vanilla Furniture Expanded - Farming,vanillaexpanded.vfefarming,VFE_Ecosystem,artificial ecosystem,building,(none),,BuildingBase,,VFE_Res_AdvancedHydroponics,1.6\Defs\Buildings\Buildings_Growers.xml
14,Vanilla Furniture Expanded - Farming,vanillaexpanded.vfefarming,VFE_PlanterBox_Tilable,tilable planter box,building,(none),,VFE_TilableHydroponics_Base,,,1.6\Defs\Buildings\Buildings_Growers_Tilable.xml
14,Vanilla Furniture Expanded - Farming,vanillaexpanded.vfefarming,VFE_Hydroponics_Tilable,tilable hydroponics basin,building,(none),,VFE_TilableHydroponics_Base,,Hydroponics,1.6\Defs\Buildings\Buildings_Growers_Tilable.xml
14,Vanilla Furniture Expanded - Farming,vanillaexpanded.vfefarming,VFE_Ecosystem_Tilable,tilable artificial ecosystem,building,(none),,VFE_TilableHydroponics_Base,,VFE_Res_AdvancedHydroponics,1.6\Defs\Buildings\Buildings_Growers_Tilable.xml
14,Vanilla Furniture Expanded - Farming,vanillaexpanded.vfefarming,VFE_Scarecrow,scarecrow,item,(none),,BuildingBase,BuildingsMisc,VFE_Res_FarmingTechniques,1.6\Defs\Buildings\Buildings_Misc.xml
14,Vanilla Furniture Expanded - Farming,vanillaexpanded.vfefarming,VFE_Sprinkler,sprinkler,item,(none),,,BuildingsMisc,VFE_Res_Sprinkler,1.6\Defs\Buildings\Buildings_Misc.xml
14,Vanilla Furniture Expanded - Farming,vanillaexpanded.vfefarming,VFEF_Mote_SprinklerWater,Mote,mote,(none),,MoteBase,,,1.6\Defs\Effects\Motes.xml
15,Vanilla Furniture Expanded - Medical Module,vanillaexpanded.vfemedical,Bed_OperatingTable,operating table,building,Industrial,,BedWithQualityBase,BuildingsFurniture,ComplexFurniture,1.6\Defs\Buildings_Beds.xml
15,Vanilla Furniture Expanded - Medical Module,vanillaexpanded.vfemedical,Bed_CryptoBed,cryptosleep suspender,building,Spacer,,BedWithQualityBase,BuildingsFurniture,Cryptosleep,1.6\Defs\Buildings_Beds.xml
15,Vanilla Furniture Expanded - Medical Module,vanillaexpanded.vfemedical,Facility_VitalsCentre,vitals centre,item,(none),,BuildingBase,BuildingsMisc,VitalsMonitor,1.6\Defs\Buildings_Facilities.xml
15,Vanilla Furniture Expanded - Medical Module,vanillaexpanded.vfemedical,Facility_IVDrip,intravenous drip stand,item,(none),,BuildingBase,BuildingsMisc,HospitalBed,1.6\Defs\Buildings_Facilities.xml
15,Vanilla Furniture Expanded - Medical Module,vanillaexpanded.vfemedical,Facility_ResearchCounter,research counter,building,(none),,BuildingBase,,SterileMaterials,1.6\Defs\Buildings_Facilities.xml
15,Vanilla Furniture Expanded - Medical Module,vanillaexpanded.vfemedical,VFEM_Wall_Sterile,sterile wall,building,(none),,BuildingBase,,SterileMaterials,1.6\Defs\Buildings_Structure.xml
16,Vanilla Furniture Expanded - Security,vanillaexpanded.vfesecurity,VFES_Complex_GraserCannon,graser cannon complex,building,Spacer,,BuildingBase,BuildingsSecurity,UltraMechtech,1.6\Mods\Biotech\Defs\Buildings_LaserTurrets.xml
16,Vanilla Furniture Expanded - Security,vanillaexpanded.vfesecurity,VFES_ComplexGraserCannon_Top,graser cannon,weapon,(none),,BaseWeaponTurret,,,1.6\Mods\Biotech\Defs\Buildings_LaserTurrets.xml
16,Vanilla Furniture Expanded - Security,vanillaexpanded.vfesecurity,VFES_Mote_WideGraserBeamBase,Mote,mote,(none),,MoteBase,,,1.6\Mods\Biotech\Defs\Buildings_LaserTurrets.xml
16,Vanilla Furniture Expanded - Security,vanillaexpanded.vfesecurity,VFES_Turret_NonLethalTurret,non-lethal turret,building,Industrial,,BuildingBase,BuildingsSecurity,GunTurrets;VWE_NonLethal,1.6\Mods\VWE_NonLethal\Defs\Buildings_NonLethalTurrets.xml
16,Vanilla Furniture Expanded - Security,vanillaexpanded.vfesecurity,VFES_Gun_NonLethalTurret,non-lethal turret gun,weapon,(none),,BaseWeaponTurret,,,1.6\Mods\VWE_NonLethal\Defs\Buildings_NonLethalTurrets.xml
16,Vanilla Furniture Expanded - Security,vanillaexpanded.vfesecurity,VFES_Mote_SpotLight,Mote,mote,(none),,MoteBase,,,1.6\Defs\Effects\Mote_Special.xml
16,Vanilla Furniture Expanded - Security,vanillaexpanded.vfesecurity,VFES_Turret_AntiAir,anti-air turret,building,(none),,BuildingBase,,MultibarrelWeapons,1.6\Defs\ThingDefs_Buildings\Buildings_AntiAir.xml
16,Vanilla Furniture Expanded - Security,vanillaexpanded.vfesecurity,VFES_Gun_PointDefense,point defense gun,weapon,(none),,BaseWeaponTurret,,,1.6\Defs\ThingDefs_Buildings\Buildings_AntiAir.xml
16,Vanilla Furniture Expanded - Security,vanillaexpanded.vfesecurity,VFES_Turret_AutomatedMortar,automated mortar,building,(none),,BuildingBase,BuildingsSecurity,Mortars;MicroelectronicsBasics,1.6\Defs\ThingDefs_Buildings\Buildings_Artillery.xml
16,Vanilla Furniture Expanded - Security,vanillaexpanded.vfesecurity,Gun_AutomatedMortar,automated mortar,weapon,(none),,BaseArtilleryWeapon,,,1.6\Defs\ThingDefs_Buildings\Buildings_Artillery.xml
16,Vanilla Furniture Expanded - Security,vanillaexpanded.vfesecurity,VFES_Turret_Artillery,artillery,building,(none),,BuildingBase,BuildingsSecurity,Mortars,1.6\Defs\ThingDefs_Buildings\Buildings_Artillery.xml
16,Vanilla Furniture Expanded - Security,vanillaexpanded.vfesecurity,VFES_Artillery_ArtilleryGun,artillery gun,weapon,(none),,BaseArtilleryWeapon,,,1.6\Defs\ThingDefs_Buildings\Buildings_Artillery.xml
16,Vanilla Furniture Expanded - Security,vanillaexpanded.vfesecurity,VFES_Turret_Concealed,concealed turret,building,(none),,VFES_BuildingConcealedBase,BuildingsSecurity,VFES_ConcealedDefenses,1.6\Defs\ThingDefs_Buildings\Buildings_Concealed.xml
16,Vanilla Furniture Expanded - Security,vanillaexpanded.vfesecurity,VFES_Bullet_ConcealedTurret,concealed turret bullet,projectile,(none),,BaseBullet,,,1.6\Defs\ThingDefs_Buildings\Buildings_Concealed.xml
16,Vanilla Furniture Expanded - Security,vanillaexpanded.vfesecurity,VFES_Gun_ConcealedTurret,concealed turret gun,weapon,(none),,BaseWeaponTurret,,,1.6\Defs\ThingDefs_Buildings\Buildings_Concealed.xml
16,Vanilla Furniture Expanded - Security,vanillaexpanded.vfesecurity,VFES_ConcealedBarrier,concealed barrier,building,(none),,VFES_BuildingConcealedBase,,VFES_ConcealedDefenses,1.6\Defs\ThingDefs_Buildings\Buildings_Concealed.xml
16,Vanilla Furniture Expanded - Security,vanillaexpanded.vfesecurity,VFES_SmallRepulsor,small repulsor,item,Ultra,,VFES_RepulsorBase,BuildingsSecurity,VFES_RepulsorTechnology,1.6\Defs\ThingDefs_Buildings\Buildings_Repulsors.xml
16,Vanilla Furniture Expanded - Security,vanillaexpanded.vfesecurity,VFES_LargeRepulsor,large repulsor,item,Ultra,,VFES_RepulsorBase,BuildingsSecurity,VFES_RepulsorTechnology,1.6\Defs\ThingDefs_Buildings\Buildings_Repulsors.xml
16,Vanilla Furniture Expanded - Security,vanillaexpanded.vfesecurity,VFES_BearTrap,bear trap,building,Medieval,,BuildingBase,BuildingsSecurity,ComplexFurniture,1.6\Defs\ThingDefs_Buildings\Buildings_Traps.xml
16,Vanilla Furniture Expanded - Security,vanillaexpanded.vfesecurity,VFES_CavalrySpikes,cavalry spikes,building,(none),,BuildingBase,BuildingsSecurity,VFES_SiegeEquipment,1.6\Defs\ThingDefs_Buildings\Buildings_Traps.xml
16,Vanilla Furniture Expanded - Security,vanillaexpanded.vfesecurity,VEFS_TrapLandmine,landmine,building,(none),,TrapIEDBase,BuildingsSecurity,IEDs,1.6\Defs\ThingDefs_Buildings\Buildings_Traps.xml
16,Vanilla Furniture Expanded - Security,vanillaexpanded.vfesecurity,VEFS_TrapShockmine,shockmine,building,(none),,TrapIEDBase,BuildingsSecurity,IEDs,1.6\Defs\ThingDefs_Buildings\Buildings_Traps.xml
16,Vanilla Furniture Expanded - Security,vanillaexpanded.vfesecurity,VFES_BarbedWire,razor wire,building,(none),,BuildingBase,,VWE_TrenchWarfare,1.6\Defs\ThingDefs_Buildings\Buildings_TrenchWarfare.xml
16,Vanilla Furniture Expanded - Security,vanillaexpanded.vfesecurity,VFES_Dugout,dugout,building,Industrial,,BuildingBase,,VWE_TrenchWarfare,1.6\Defs\ThingDefs_Buildings\Buildings_TrenchWarfare.xml
16,Vanilla Furniture Expanded - Security,vanillaexpanded.vfesecurity,VFES_Trench,trench,building,Industrial,,BuildingBase,,VWE_TrenchWarfare,1.6\Defs\ThingDefs_Buildings\Buildings_TrenchWarfare.xml
16,Vanilla Furniture Expanded - Security,vanillaexpanded.vfesecurity,VFES_Platform,platform,building,Industrial,,BuildingBase,,VWE_TrenchWarfare,1.6\Defs\ThingDefs_Buildings\Buildings_TrenchWarfare.xml
16,Vanilla Furniture Expanded - Security,vanillaexpanded.vfesecurity,VFES_AmmoCrate,ammo box,item,(none),,FurnitureBase,BuildingsFurniture,Gunsmithing,1.6\Defs\ThingDefs_Buildings\Buildings_TrenchWarfare.xml
16,Vanilla Furniture Expanded - Security,vanillaexpanded.vfesecurity,VFES_Turret_Catapult,catapult,building,Medieval,,BuildingBase,,VFES_SiegeEquipment,1.6\Defs\ThingDefs_Buildings\Buildings_Turrets.xml
16,Vanilla Furniture Expanded - Security,vanillaexpanded.vfesecurity,VFES_Artillery_Catapult,catapult,weapon,(none),,BaseArtilleryWeapon,,,1.6\Defs\ThingDefs_Buildings\Buildings_Turrets.xml
16,Vanilla Furniture Expanded - Security,vanillaexpanded.vfesecurity,VFES_Bullet_Catapult,massive boulder,projectile,(none),,BaseBullet,,,1.6\Defs\ThingDefs_Buildings\Buildings_Turrets.xml
16,Vanilla Furniture Expanded - Security,vanillaexpanded.vfesecurity,VFES_Turret_Ballista,ballista,building,Medieval,,BuildingBase,,VFES_SiegeEquipment,1.6\Defs\ThingDefs_Buildings\Buildings_Turrets.xml
16,Vanilla Furniture Expanded - Security,vanillaexpanded.vfesecurity,VFES_Gun_BallistaTurret,ballista,weapon,(none),,BaseWeaponTurret,,,1.6\Defs\ThingDefs_Buildings\Buildings_Turrets.xml
16,Vanilla Furniture Expanded - Security,vanillaexpanded.vfesecurity,VFES_Bullet_Ballista,ballista bolt,projectile,(none),,BaseBullet,,,1.6\Defs\ThingDefs_Buildings\Buildings_Turrets.xml
16,Vanilla Furniture Expanded - Security,vanillaexpanded.vfesecurity,VFES_Turret_MilitaryTurret,military turret,building,Industrial,,BuildingBase,BuildingsSecurity,GunTurrets;GasOperation,1.6\Defs\ThingDefs_Buildings\Buildings_Turrets.xml
16,Vanilla Furniture Expanded - Security,vanillaexpanded.vfesecurity,VFES_Gun_MilitaryTurret,military turret gun,weapon,(none),,BaseWeaponTurret,,,1.6\Defs\ThingDefs_Buildings\Buildings_Turrets.xml
16,Vanilla Furniture Expanded - Security,vanillaexpanded.vfesecurity,VFES_Turret_ArmoredTurret,armored turret,building,Industrial,,BuildingBase,BuildingsSecurity,GunTurrets,1.6\Defs\ThingDefs_Buildings\Buildings_Turrets.xml
16,Vanilla Furniture Expanded - Security,vanillaexpanded.vfesecurity,VFES_Gun_ArmoredTurret,military turret gun,weapon,(none),,BaseWeaponTurret,,,1.6\Defs\ThingDefs_Buildings\Buildings_Turrets.xml
16,Vanilla Furniture Expanded - Security,vanillaexpanded.vfesecurity,VFES_Turret_Searchlight,searchlight,building,Industrial,,BuildingBase,BuildingsSecurity,GunTurrets,1.6\Defs\ThingDefs_Buildings\Buildings_Turrets.xml
16,Vanilla Furniture Expanded - Security,vanillaexpanded.vfesecurity,VFES_Gun_Searchlight,searchlight,weapon,(none),,BaseWeaponTurret,,,1.6\Defs\ThingDefs_Buildings\Buildings_Turrets.xml
16,Vanilla Furniture Expanded - Security,vanillaexpanded.vfesecurity,VFES_Turret_Flame,flamer turret,building,Industrial,,BuildingBase,BuildingsSecurity,GunTurrets;BiofuelRefining,1.6\Defs\ThingDefs_Buildings\Buildings_Turrets.xml
16,Vanilla Furniture Expanded - Security,vanillaexpanded.vfesecurity,VFES_Gun_FlameTurret,flame turret gun,weapon,(none),,BaseWeaponTurret,,,1.6\Defs\ThingDefs_Buildings\Buildings_Turrets.xml
16,Vanilla Furniture Expanded - Security,vanillaexpanded.vfesecurity,VFES_Turret_ShotgunTurret,shotgun turret,building,Industrial,,BuildingBase,BuildingsSecurity,GunTurrets;GasOperation,1.6\Defs\ThingDefs_Buildings\Buildings_Turrets.xml
16,Vanilla Furniture Expanded - Security,vanillaexpanded.vfesecurity,VFES_Gun_ShotgunTurret,shotgun turret gun,weapon,(none),,BaseWeaponTurret,,,1.6\Defs\ThingDefs_Buildings\Buildings_Turrets.xml
16,Vanilla Furniture Expanded - Security,vanillaexpanded.vfesecurity,VFES_Turret_AutocannonDouble,double autocannon turret,building,Industrial,,BuildingBase,BuildingsSecurity,HeavyTurrets,1.6\Defs\ThingDefs_Buildings\Buildings_Turrets.xml
16,Vanilla Furniture Expanded - Security,vanillaexpanded.vfesecurity,VFES_TurretDoubleAutocannon_Top,double autocannon,weapon,(none),,BaseWeaponTurret,,,1.6\Defs\ThingDefs_Buildings\Buildings_Turrets.xml
16,Vanilla Furniture Expanded - Security,vanillaexpanded.vfesecurity,VFES_Complex_Hmg,HMG complex,building,Industrial,,BuildingBase,BuildingsSecurity,VWE_TrenchWarfare,1.6\Defs\ThingDefs_Buildings\Buildings_Turrets.xml
16,Vanilla Furniture Expanded - Security,vanillaexpanded.vfesecurity,VFES_ComplexHmg_Top,HMG,weapon,(none),,BaseWeaponTurret,,,1.6\Defs\ThingDefs_Buildings\Buildings_Turrets.xml
16,Vanilla Furniture Expanded - Security,vanillaexpanded.vfesecurity,VFES_Bullet_HMG,HMG bullet,projectile,(none),,BaseBullet,,,1.6\Defs\ThingDefs_Buildings\Buildings_Turrets.xml
16,Vanilla Furniture Expanded - Security,vanillaexpanded.vfesecurity,VFES_Complex_Minigun,minigun complex,building,Industrial,,BuildingBase,BuildingsSecurity,MultibarrelWeapons,1.6\Defs\ThingDefs_Buildings\Buildings_Turrets.xml
16,Vanilla Furniture Expanded - Security,vanillaexpanded.vfesecurity,VFES_ComplexMinigun_Top,minigun,weapon,(none),,BaseWeaponTurret,,,1.6\Defs\ThingDefs_Buildings\Buildings_Turrets.xml
16,Vanilla Furniture Expanded - Security,vanillaexpanded.vfesecurity,VFES_Turret_Minigun,minigun turret,building,Industrial,,BuildingBase,BuildingsSecurity,MultibarrelWeapons,1.6\Defs\ThingDefs_Buildings\Buildings_Turrets.xml
16,Vanilla Furniture Expanded - Security,vanillaexpanded.vfesecurity,VFES_TurretMinigun_Top,minigun,weapon,(none),,BaseWeaponTurret,,,1.6\Defs\ThingDefs_Buildings\Buildings_Turrets.xml
16,Vanilla Furniture Expanded - Security,vanillaexpanded.vfesecurity,VFES_Turret_ChargeTurret,charge turret,building,Spacer,,BuildingBase,BuildingsSecurity,ChargedShot,1.6\Defs\ThingDefs_Buildings\Buildings_Turrets.xml
16,Vanilla Furniture Expanded - Security,vanillaexpanded.vfesecurity,VFES_Gun_ChargeTurret,charged turret gun,weapon,(none),,BaseWeaponTurret,,,1.6\Defs\ThingDefs_Buildings\Buildings_Turrets.xml
16,Vanilla Furniture Expanded - Security,vanillaexpanded.vfesecurity,VFES_Bullet_ChargeTurretShot,charge shot,projectile,(none),,BaseBullet,,,1.6\Defs\ThingDefs_Buildings\Buildings_Turrets.xml
16,Vanilla Furniture Expanded - Security,vanillaexpanded.vfesecurity,VFES_Turret_ChargeRailgun,charge railgun,building,Spacer,,BuildingBase,BuildingsSecurity,VFES_Railgun,1.6\Defs\ThingDefs_Buildings\Buildings_Turrets.xml
16,Vanilla Furniture Expanded - Security,vanillaexpanded.vfesecurity,VFES_Gun_RailgunTurret,charged turret gun,weapon,(none),,BaseWeaponTurret,,,1.6\Defs\ThingDefs_Buildings\Buildings_Turrets.xml
16,Vanilla Furniture Expanded - Security,vanillaexpanded.vfesecurity,VFES_Bullet_ChargeRailgunShot,charge railgun shot,projectile,(none),,BaseBullet,,,1.6\Defs\ThingDefs_Buildings\Buildings_Turrets.xml
16,Vanilla Furniture Expanded - Security,vanillaexpanded.vfesecurity,VFES_Turret_TeslaBlaster,tesla blaster,building,Spacer,,BuildingBase,,VFES_EMPCannon,1.6\Defs\ThingDefs_Buildings\Buildings_Turrets.xml
16,Vanilla Furniture Expanded - Security,vanillaexpanded.vfesecurity,Bullet_TeslaBlaster,tesla blaster bolt,projectile,(none),,BaseBullet,,,1.6\Defs\ThingDefs_Buildings\Buildings_Turrets.xml
16,Vanilla Furniture Expanded - Security,vanillaexpanded.vfesecurity,Gun_TeslaBlaster,tesla blaster,weapon,(none),,BaseWeaponTurret,,,1.6\Defs\ThingDefs_Buildings\Buildings_Turrets.xml
16,Vanilla Furniture Expanded - Security,vanillaexpanded.vfesecurity,VFES_Complex_Charge,charge complex,building,Spacer,,BuildingBase,BuildingsSecurity,ChargedShot,1.6\Defs\ThingDefs_Buildings\Buildings_Turrets.xml
16,Vanilla Furniture Expanded - Security,vanillaexpanded.vfesecurity,VFES_ComplexCharge_Top,minigun,weapon,(none),,BaseWeaponTurret,,,1.6\Defs\ThingDefs_Buildings\Buildings_Turrets.xml
16,Vanilla Furniture Expanded - Security,vanillaexpanded.vfesecurity,VFES_Bullet_ChargeComplex,charge shot,projectile,(none),,BaseBullet,,,1.6\Defs\ThingDefs_Buildings\Buildings_Turrets.xml
17,Vanilla Furniture Expanded - Production,vanillaexpanded.vfeproduction,VFE_DrugCabinet,drug cabinet,item,(none),,BuildingBase,BuildingsMisc,ComplexFurniture,1.6\Defs\Buildings_Linkables.xml
17,Vanilla Furniture Expanded - Production,vanillaexpanded.vfeproduction,VFE_MachiningCabinet,machining cabinet,item,(none),,BuildingBase,BuildingsMisc,Machining,1.6\Defs\Buildings_Linkables.xml
17,Vanilla Furniture Expanded - Production,vanillaexpanded.vfeproduction,VFE_SmithyCabinet,smithing cabinet,item,(none),,BuildingBase,BuildingsMisc,Smithing,1.6\Defs\Buildings_Linkables.xml
17,Vanilla Furniture Expanded - Production,vanillaexpanded.vfeproduction,VFE_KitchenSinkCabinet,kitchen sink cabinet,item,(none),,BuildingBase,BuildingsMisc,ComplexFurniture,1.6\Defs\Buildings_Linkables.xml
17,Vanilla Furniture Expanded - Production,vanillaexpanded.vfeproduction,VFE_TailorCabinet,tailor cabinet,item,(none),,BuildingBase,BuildingsMisc,ComplexFurniture,1.6\Defs\Buildings_Linkables.xml
17,Vanilla Furniture Expanded - Production,vanillaexpanded.vfeproduction,VFE_FabricationCabinet,fabrication cabinet,item,(none),,BuildingBase,BuildingsMisc,Fabrication,1.6\Defs\Buildings_Linkables.xml
17,Vanilla Furniture Expanded - Production,vanillaexpanded.vfeproduction,VFE_TableMachiningLarge,large machining table,building,(none),,BenchBase,BuildingsProduction,Machining;VFE_Manufacturing,1.6\Defs\Buildings_Manufacturing.xml
17,Vanilla Furniture Expanded - Production,vanillaexpanded.vfeproduction,VFE_TableSmithyLarge,large electric smithy,building,(none),,BenchBase,BuildingsProduction,Smithing;VFE_Manufacturing,1.6\Defs\Buildings_Manufacturing.xml
17,Vanilla Furniture Expanded - Production,vanillaexpanded.vfeproduction,VFE_TableStoveLarge,large stove,building,(none),,BenchBase,BuildingsProduction,VFE_Manufacturing,1.6\Defs\Buildings_Manufacturing.xml
17,Vanilla Furniture Expanded - Production,vanillaexpanded.vfeproduction,VFE_TableTailorLarge,large tailoring table,building,(none),,BenchBase,BuildingsProduction,ComplexClothing;VFE_Manufacturing,1.6\Defs\Buildings_Manufacturing.xml
17,Vanilla Furniture Expanded - Production,vanillaexpanded.vfeproduction,VFE_ComponentFabricationBench,assembly bench,building,(none),,BenchBase,BuildingsProduction,Fabrication,1.6\Defs\Buildings_Production.xml
17,Vanilla Furniture Expanded - Production,vanillaexpanded.vfeproduction,VFE_TableButcherElectric,electric butcher,building,(none),,BenchBase,BuildingsProduction,Electricity,1.6\Defs\Buildings_Production.xml
17,Vanilla Furniture Expanded - Production,vanillaexpanded.vfeproduction,VFE_TableDrugLabElectric,electric drug lab,building,(none),,BenchBase,BuildingsProduction,Electricity;DrugProduction,1.6\Defs\Buildings_Production.xml
17,Vanilla Furniture Expanded - Production,vanillaexpanded.vfeproduction,VFE_FueledSmelter,fueled smelter,building,(none),,BenchBase,BuildingsProduction,Smithing,1.6\Defs\Buildings_Production.xml
17,Vanilla Furniture Expanded - Production,vanillaexpanded.vfeproduction,VFE_TableStonecutterElectric,electric stonecutter's table,building,(none),,BenchBase,BuildingsProduction,Stonecutting;Electricity,1.6\Defs\Buildings_Production.xml
21,[1.6] Advanced Pollution Pump,bart.app,AdvancedPollutionPump,advanced pollution pump,building,(none),,BuildingBase,,Electricity,Defs\Pump.xml
23,[sbz] Fridge,sbz.neatstoragefridge,sbz_Fridge,fridge,building,(none),,sbzFridgeBase,BuildingsNeatStorage,AirConditioning,1.6\Defs\ThingDefs_Buildings\Buildings_Fridge.xml
23,[sbz] Fridge,sbz.neatstoragefridge,sbz_LargeFridge,large fridge,building,(none),,sbzFridgeBase,BuildingsNeatStorage,AirConditioning,1.6\Defs\ThingDefs_Buildings\Buildings_Fridge.xml
23,[sbz] Fridge,sbz.neatstoragefridge,sbz_SingleChestFridge,single chest fridge,building,(none),,sbzFridgeBase,BuildingsNeatStorage,AirConditioning,1.6\Defs\ThingDefs_Buildings\Buildings_Fridge.xml
23,[sbz] Fridge,sbz.neatstoragefridge,sbz_DoubleChestFridge,double chest fridge,building,(none),,sbzFridgeBase,BuildingsNeatStorage,AirConditioning,1.6\Defs\ThingDefs_Buildings\Buildings_Fridge.xml
23,[sbz] Fridge,sbz.neatstoragefridge,sbz_SingleWallFridge,single wall fridge,building,(none),,sbzFridgeBase,BuildingsNeatStorage,AirConditioning,1.6\Defs\ThingDefs_Buildings\Buildings_Fridge.xml
23,[sbz] Fridge,sbz.neatstoragefridge,sbz_DoubleWallFridge,double wall fridge,building,(none),,sbzFridgeBase,BuildingsNeatStorage,AirConditioning,1.6\Defs\ThingDefs_Buildings\Buildings_Fridge.xml
23,[sbz] Fridge,sbz.neatstoragefridge,sbz_CorpseFridge,corpse fridge,building,(none),,AdaptiveStorageBase,BuildingsNeatStorage,AirConditioning,1.6\Defs\ThingDefs_Buildings\Buildings_Fridge.xml
24,[sbz] Gravship Storage,sbz.gravshipstorage,sbz_LargeGravshipCrate,large gravship crate,building,(none),,sbzGravshipCrateBase,BuildingsNeatStorage,ComplexFurniture,1.6\Defs\ThingDefs_Buildings\Buildings_GravshipCrate.xml
24,[sbz] Gravship Storage,sbz.gravshipstorage,sbz_GravshipCrate,gravship crate,building,(none),,sbzGravshipCrateBase,BuildingsNeatStorage,ComplexFurniture,1.6\Defs\ThingDefs_Buildings\Buildings_GravshipCrate.xml
24,[sbz] Gravship Storage,sbz.gravshipstorage,sbz_LongGravshipCrate,long gravship crate,building,(none),,sbzGravshipCrateBase,BuildingsNeatStorage,ComplexFurniture,1.6\Defs\ThingDefs_Buildings\Buildings_GravshipCrate.xml
24,[sbz] Gravship Storage,sbz.gravshipstorage,sbz_GravshipGlassShelf,gravship glass shelf,building,(none),,sbzGravshipShelfBase,BuildingsNeatStorage,ComplexFurniture,1.6\Defs\ThingDefs_Buildings\Buildings_GravshipGlassShelf.xml
24,[sbz] Gravship Storage,sbz.gravshipstorage,sbz_GravshipTwoTierShelf,gravship 2-tier shelf,building,(none),,sbzGravshipShelfBase,BuildingsNeatStorage,ComplexFurniture,1.6\Defs\ThingDefs_Buildings\Buildings_GravshipShelf.xml
24,[sbz] Gravship Storage,sbz.gravshipstorage,sbz_GravshipShelf,gravship shelf,building,(none),,sbzGravshipShelfBase,BuildingsNeatStorage,ComplexFurniture,1.6\Defs\ThingDefs_Buildings\Buildings_GravshipShelf.xml
24,[sbz] Gravship Storage,sbz.gravshipstorage,sbz_SmallGravshipShelf,small gravship shelf,building,(none),,sbzSmallGravshipShelfBase,BuildingsNeatStorage,ComplexFurniture,1.6\Defs\ThingDefs_Buildings\Buildings_GravshipShelf.xml
24,[sbz] Gravship Storage,sbz.gravshipstorage,sbz_GravshipWeaponRack,gravship Weapon rack,building,(none),,AdaptiveStorageBase,BuildingsNeatStorage,Machining,1.6\Defs\ThingDefs_Buildings\Buildings_GravshipWeaponRack.xml
25,[sbz] Neat Storage,sbz.neatstorage,sbz_CorpseSpot,corpse dump spot,building,(none),,AdaptiveStorageBase,,,1.6\Defs\ThingDefs_Buildings\Buildings_Corpse.xml
25,[sbz] Neat Storage,sbz.neatstorage,sbz_TallCrate,tall crate,building,(none),,sbzCrateBase,BuildingsNeatStorage,ComplexFurniture,1.6\Defs\ThingDefs_Buildings\Buildings_CrateAndPallet.xml
25,[sbz] Neat Storage,sbz.neatstorage,sbz_Crate,large crate,building,(none),,sbzCrateBase,BuildingsNeatStorage,ComplexFurniture,1.6\Defs\ThingDefs_Buildings\Buildings_CrateAndPallet.xml
25,[sbz] Neat Storage,sbz.neatstorage,sbz_MidCrate,crate,building,(none),,sbzCrateBase,BuildingsNeatStorage,ComplexFurniture,1.6\Defs\ThingDefs_Buildings\Buildings_CrateAndPallet.xml
25,[sbz] Neat Storage,sbz.neatstorage,sbz_SmallCrate,small crate,building,(none),,sbzCrateBase,BuildingsNeatStorage,ComplexFurniture,1.6\Defs\ThingDefs_Buildings\Buildings_CrateAndPallet.xml
25,[sbz] Neat Storage,sbz.neatstorage,sbz_Pallet,Pallet,building,(none),,sbzCrateBase,BuildingsNeatStorage,ComplexFurniture,1.6\Defs\ThingDefs_Buildings\Buildings_CrateAndPallet.xml
25,[sbz] Neat Storage,sbz.neatstorage,sbz_MiniPallet,mini pallet,building,(none),,sbzCrateBase,BuildingsNeatStorage,ComplexFurniture,1.6\Defs\ThingDefs_Buildings\Buildings_CrateAndPallet.xml
25,[sbz] Neat Storage,sbz.neatstorage,sbz_HalfPallet,half pallet,building,(none),,sbzCrateBase,BuildingsNeatStorage,ComplexFurniture,1.6\Defs\ThingDefs_Buildings\Buildings_CrateAndPallet.xml
25,[sbz] Neat Storage,sbz.neatstorage,sbz_OpenShelf,open shelf,building,(none),,sbzDisplayShelfBase,BuildingsNeatStorage,ComplexFurniture,1.6\Defs\ThingDefs_Buildings\Buildings_DisplayShelf.xml
25,[sbz] Neat Storage,sbz.neatstorage,sbz_TwoTierDisplayShelf,2-tier display shelf,building,(none),,sbzDisplayShelfBase,BuildingsNeatStorage,ComplexFurniture,1.6\Defs\ThingDefs_Buildings\Buildings_DisplayShelf.xml
25,[sbz] Neat Storage,sbz.neatstorage,sbz_DisplayShelf,display shelf,building,(none),,sbzDisplayShelfBase,BuildingsNeatStorage,ComplexFurniture,1.6\Defs\ThingDefs_Buildings\Buildings_DisplayShelf.xml
25,[sbz] Neat Storage,sbz.neatstorage,sbz_SmallDisplayShelf,small display shelf,building,(none),,sbzSmallDisplayShelfBase,BuildingsNeatStorage,ComplexFurniture,1.6\Defs\ThingDefs_Buildings\Buildings_DisplayShelf.xml
25,[sbz] Neat Storage,sbz.neatstorage,sbz_TallDisplayShelf,tall display shelf,building,(none),,sbzDisplayShelfBase,BuildingsNeatStorage,ComplexFurniture,1.6\Defs\ThingDefs_Buildings\Buildings_DisplayShelf.xml
25,[sbz] Neat Storage,sbz.neatstorage,sbz_NarrowTallDisplayShelf,narrow tall display shelf,building,(none),,sbzSmallDisplayShelfBase,BuildingsNeatStorage,ComplexFurniture,1.6\Defs\ThingDefs_Buildings\Buildings_DisplayShelf.xml
25,[sbz] Neat Storage,sbz.neatstorage,sbz_WideHangerShelf,hanger shelf,building,(none),,sbzDisplayShelfBase,BuildingsNeatStorage,ComplexFurniture,1.6\Defs\ThingDefs_Buildings\Buildings_DisplayShelf.xml
25,[sbz] Neat Storage,sbz.neatstorage,sbz_HangerShelf,narrow hanger shelf,building,(none),,sbzSmallDisplayShelfBase,BuildingsNeatStorage,ComplexFurniture,1.6\Defs\ThingDefs_Buildings\Buildings_DisplayShelf.xml
25,[sbz] Neat Storage,sbz.neatstorage,sbz_DisplayCabinet,display cabinet,building,(none),,sbzDisplayShelfBase,BuildingsNeatStorage,ComplexFurniture,1.6\Defs\ThingDefs_Buildings\Buildings_DisplayShelf.xml
25,[sbz] Neat Storage,sbz.neatstorage,sbz_NarrowDisplayCabinet,narrow display cabinet,building,(none),,sbzSmallDisplayShelfBase,BuildingsNeatStorage,ComplexFurniture,1.6\Defs\ThingDefs_Buildings\Buildings_DisplayShelf.xml
25,[sbz] Neat Storage,sbz.neatstorage,sbz_DisplayTable,display case,building,(none),,sbzSmallDisplayShelfBase,BuildingsNeatStorage,ComplexFurniture,1.6\Defs\ThingDefs_Buildings\Buildings_DisplayTable.xml
25,[sbz] Neat Storage,sbz.neatstorage,sbz_RoundPedestal,round pedestal,building,(none),,sbzSmallDisplayShelfBase,BuildingsNeatStorage,ComplexFurniture,1.6\Defs\ThingDefs_Buildings\Buildings_DisplayTable.xml
25,[sbz] Neat Storage,sbz.neatstorage,sbz_MeatHook,meat hook,building,(none),,AdaptiveStorageBase,BuildingsNeatStorage,Smithing,1.6\Defs\ThingDefs_Buildings\Buildings_Others.xml
25,[sbz] Neat Storage,sbz.neatstorage,sbz_TextileRack,textile rack,building,(none),,sbzSmallDisplayShelfBase,BuildingsNeatStorage,Smithing,1.6\Defs\ThingDefs_Buildings\Buildings_Others.xml
25,[sbz] Neat Storage,sbz.neatstorage,sbz_Safe,Safe,building,(none),,AdaptiveStorageBase,BuildingsNeatStorage,Machining,1.6\Defs\ThingDefs_Buildings\Buildings_Others.xml
25,[sbz] Neat Storage,sbz.neatstorage,sbz_Drum,Drum,building,(none),,AdaptiveStorageBase,BuildingsNeatStorage,Machining,1.6\Defs\ThingDefs_Buildings\Buildings_Others.xml
25,[sbz] Neat Storage,sbz.neatstorage,sbz_HorizontalWeaponRack,horizontal weapon rack,building,(none),,sbzWeaponRackBase,BuildingsNeatStorage,Machining,1.6\Defs\ThingDefs_Buildings\Buildings_WeaponRack.xml
25,[sbz] Neat Storage,sbz.neatstorage,sbz_VerticalWeaponRack,vertical weapon rack,building,(none),,sbzWeaponRackBase,BuildingsNeatStorage,Machining,1.6\Defs\ThingDefs_Buildings\Buildings_WeaponRack.xml
25,[sbz] Neat Storage,sbz.neatstorage,sbz_WeaponRack,weapon rack,building,(none),,AdaptiveStorageBase,BuildingsNeatStorage,ComplexFurniture,1.6\Defs\ThingDefs_Buildings\Buildings_WeaponRack.xml
26,Vanilla Furniture Expanded - Power,vanillaexpanded.vfepower,VPE_Mote_GasPuff,Mote,mote,(none),,MoteBase,,,1.6\Defs\Effects\Mote_Visual.xml
26,Vanilla Furniture Expanded - Power,vanillaexpanded.vfepower,VFE_AdvancedWindTurbine,advanced wind turbine,building,(none),,BuildingBase,,VFE_AdvancedPowerSources,1.6\Defs\ThingDefs_Buildings\Buildings_AdvancedPower.xml
26,Vanilla Furniture Expanded - Power,vanillaexpanded.vfepower,VFE_AdvancedSolarGenerator,advanced solar generator,parent:BuildingBase,(none),,BuildingBase,,SolarPanels;VFE_AdvancedPowerSources,1.6\Defs\ThingDefs_Buildings\Buildings_AdvancedPower.xml
26,Vanilla Furniture Expanded - Power,vanillaexpanded.vfepower,VFE_AdvancedWatermillGenerator,advanced watermill generator,building,(none),,BuildingBase,,VFE_AdvancedPowerSources;WatermillGenerator,1.6\Defs\ThingDefs_Buildings\Buildings_AdvancedPower.xml
26,Vanilla Furniture Expanded - Power,vanillaexpanded.vfepower,VPE_AdvancedGeothermalGenerator,advanced geothermal generator,building,(none),,BuildingBase,,VFE_AdvancedPowerSources;GeothermalPower,1.6\Defs\ThingDefs_Buildings\Buildings_AdvancedPower.xml
26,Vanilla Furniture Expanded - Power,vanillaexpanded.vfepower,VFE_LargeBattery,large battery,item,(none),,BuildingBase,BuildingsPower,Batteries,1.6\Defs\ThingDefs_Buildings\Buildings_Batteries.xml
26,Vanilla Furniture Expanded - Power,vanillaexpanded.vfepower,VFE_SmallBattery,small battery,item,(none),,BuildingBase,BuildingsPower,Batteries,1.6\Defs\ThingDefs_Buildings\Buildings_Batteries.xml
26,Vanilla Furniture Expanded - Power,vanillaexpanded.vfepower,VFE_AdvancedBattery,advanced battery,item,(none),,BuildingBase,BuildingsPower,VFE_AdvancedBatteries,1.6\Defs\ThingDefs_Buildings\Buildings_Batteries.xml
26,Vanilla Furniture Expanded - Power,vanillaexpanded.vfepower,VFE_LargeAdvancedBattery,large advanced battery,item,(none),,BuildingBase,BuildingsPower,VFE_AdvancedBatteries,1.6\Defs\ThingDefs_Buildings\Buildings_Batteries.xml
26,Vanilla Furniture Expanded - Power,vanillaexpanded.vfepower,VPE_NuclearGenerator,nuclear reactor,building,(none),,BuildingBase,,VFE_NuclearPower,1.6\Defs\ThingDefs_Buildings\Buildings_Nuclear.xml
26,Vanilla Furniture Expanded - Power,vanillaexpanded.vfepower,VFE_PortableWoodFiredGenerator,portable wood-fired generator,item,(none),,BuildingBase,BuildingsPower,Electricity,1.6\Defs\ThingDefs_Buildings\Buildings_Power.xml
26,Vanilla Furniture Expanded - Power,vanillaexpanded.vfepower,VFE_PortableChemfuelPoweredGenerator,portable chemfuel powered generator,item,(none),,BuildingBase,BuildingsPower,Electricity,1.6\Defs\ThingDefs_Buildings\Buildings_Power.xml
26,Vanilla Furniture Expanded - Power,vanillaexpanded.vfepower,VFE_IndustrialWoodFiredGenerator,industrial wood-fired generator,parent:BuildingBase,(none),,BuildingBase,,VFE_IndustrialGenerators,1.6\Defs\ThingDefs_Buildings\Buildings_Power.xml
26,Vanilla Furniture Expanded - Power,vanillaexpanded.vfepower,VFE_IndustrialChemfuelPoweredGenerator,industrial chemfuel powered generator,parent:BuildingBase,(none),,BuildingBase,,VFE_IndustrialGenerators,1.6\Defs\ThingDefs_Buildings\Buildings_Power.xml
26,Vanilla Furniture Expanded - Power,vanillaexpanded.vfepower,VFE_TidalGenerator,tidal generator,building,(none),,VPE_WaterBuildingBase,,VFE_TidalPower,1.6\Defs\ThingDefs_Buildings\Buildings_Power.xml
26,Vanilla Furniture Expanded - Power,vanillaexpanded.vfepower,VFE_SmallVanometricPowerCell,small vanometric power cell,item,(none),400,BuildingBase,BuildingsSpecial,,1.6\Defs\ThingDefs_Buildings\Buildings_Special.xml
26,Vanilla Furniture Expanded - Power,vanillaexpanded.vfepower,VFE_LargeVanometricPowerCell,large vanometric power cell,item,(none),2400,BuildingBase,BuildingsSpecial,,1.6\Defs\ThingDefs_Buildings\Buildings_Special.xml
26,Vanilla Furniture Expanded - Power,vanillaexpanded.vfepower,VPE_ArchotechViolenceGenerator,archotech violence generator,item,(none),3400,BuildingBase,BuildingsSpecial,,1.6\Defs\ThingDefs_Buildings\Buildings_Special.xml
27,Vanilla Chemfuel Expanded,vanillaexpanded.vchemfuele,VCHE_ChemfuelPipe,chemfuel pipe,building,(none),,BuildingBase,,BiofuelRefining,1.6\Defs\NetDefs\ChemfuelNet.xml
27,Vanilla Chemfuel Expanded,vanillaexpanded.vchemfuele,VCHE_UndergroundChemfuelPipe,hidden chemfuel pipe,building,(none),,BuildingBase,,BiofuelRefining,1.6\Defs\NetDefs\ChemfuelNet.xml
27,Vanilla Chemfuel Expanded,vanillaexpanded.vchemfuele,VCHE_ChemfuelValve,chemfuel valve,building,(none),,BuildingBase,,BiofuelRefining,1.6\Defs\NetDefs\ChemfuelNet.xml
27,Vanilla Chemfuel Expanded,vanillaexpanded.vchemfuele,PS_ChemfuelTank,chemfuel tank,parent:BuildingBase,(none),,BuildingBase,,BiofuelRefining,1.6\Defs\NetDefs\ChemfuelNet.xml
27,Vanilla Chemfuel Expanded,vanillaexpanded.vchemfuele,VCHE_ChemfuelTap,chemfuel tap,building,(none),,FurnitureBase,BuildingsFurniture,BiofuelRefining,1.6\Defs\NetDefs\ChemfuelNet.xml
27,Vanilla Chemfuel Expanded,vanillaexpanded.vchemfuele,VCHE_ChemfuelDrain,chemfuel drain,building,(none),,FurnitureBase,BuildingsFurniture,BiofuelRefining,1.6\Defs\NetDefs\ChemfuelNet.xml
27,Vanilla Chemfuel Expanded,vanillaexpanded.vchemfuele,VCHE_DeepchemPipe,deepchem pipe,building,(none),,BuildingBase,,BiofuelRefining,1.6\Defs\NetDefs\DeepchemNet.xml
27,Vanilla Chemfuel Expanded,vanillaexpanded.vchemfuele,VCHE_UndergroundDeepchemPipe,hidden deepchem pipe,building,(none),,BuildingBase,,BiofuelRefining,1.6\Defs\NetDefs\DeepchemNet.xml
27,Vanilla Chemfuel Expanded,vanillaexpanded.vchemfuele,VCHE_DeepchemValve,deepchem valve,building,(none),,BuildingBase,,BiofuelRefining,1.6\Defs\NetDefs\DeepchemNet.xml
27,Vanilla Chemfuel Expanded,vanillaexpanded.vchemfuele,PS_DeepchemTank,deepchem tank,parent:BuildingBase,(none),,BuildingBase,,BiofuelRefining,1.6\Defs\NetDefs\DeepchemNet.xml
27,Vanilla Chemfuel Expanded,vanillaexpanded.vchemfuele,PS_DeepchemRefinery,deepchem refinery,parent:BuildingBase,(none),,BuildingBase,,BiofuelRefining,1.6\Defs\NetDefs\DeepchemNet.xml
27,Vanilla Chemfuel Expanded,vanillaexpanded.vchemfuele,VCHE_DeepchemPumpjack,deepchem pumpjack,building,(none),,BuildingBase,BuildingsProduction,BiofuelRefining,1.6\Defs\NetDefs\DeepchemNet.xml
27,Vanilla Chemfuel Expanded,vanillaexpanded.vchemfuele,VCHE_DeepchemTap,deepchem tap,building,(none),,FurnitureBase,BuildingsFurniture,BiofuelRefining,1.6\Defs\NetDefs\DeepchemNet.xml
27,Vanilla Chemfuel Expanded,vanillaexpanded.vchemfuele,VCHE_DeepchemDrain,deepchem drain,building,(none),,FurnitureBase,BuildingsFurniture,BiofuelRefining,1.6\Defs\NetDefs\DeepchemNet.xml
27,Vanilla Chemfuel Expanded,vanillaexpanded.vchemfuele,VCHE_Deepchem,deepchem,item,(none),4,ResourceBase,Manufactured,,1.6\Defs\ThingDefs_Item\Items_Resource_Manufactured.xml
29,Vanilla Apparel Expanded — Accessories,vanillaexpanded.vaeaccessories,VAEA_Apparel_Backpack,backpack,apparel,Neolithic,,ApparelBase,ApparelUtility,,1.6\Defs\ThingDefs_Misc\Apparel_Utility.xml
29,Vanilla Apparel Expanded — Accessories,vanillaexpanded.vaeaccessories,VAEA_Apparel_BattleBanner,battle banner,apparel,Neolithic,,ApparelBase,ApparelUtility,,1.6\Defs\ThingDefs_Misc\Apparel_Utility.xml
29,Vanilla Apparel Expanded — Accessories,vanillaexpanded.vaeaccessories,VAEA_Apparel_MedicBag,medic bag,apparel,Industrial,,ApparelBase,ApparelUtility,MedicineProduction,1.6\Defs\ThingDefs_Misc\Apparel_Utility.xml
29,Vanilla Apparel Expanded — Accessories,vanillaexpanded.vaeaccessories,VAEA_Apparel_Quiver,quiver,apparel,Neolithic,,ApparelBase,ApparelUtility,,1.6\Defs\ThingDefs_Misc\Apparel_Utility.xml
29,Vanilla Apparel Expanded — Accessories,vanillaexpanded.vaeaccessories,VAEA_Apparel_ToolBelt,tool belt,apparel,Industrial,,ApparelBase,ApparelUtility,Machining,1.6\Defs\ThingDefs_Misc\Apparel_Utility.xml
29,Vanilla Apparel Expanded — Accessories,vanillaexpanded.vaeaccessories,VAEA_Apparel_AmmoPack,ammo pack,apparel,Industrial,,ApparelBase,ApparelUtility,Machining,1.6\Defs\ThingDefs_Misc\Apparel_Utility.xml
29,Vanilla Apparel Expanded — Accessories,vanillaexpanded.vaeaccessories,VAEA_Apparel_ExplosiveBelt,explosive belt,apparel,Industrial,,ApparelBase,ApparelUtility,Mortars,1.6\Defs\ThingDefs_Misc\Apparel_Utility.xml
29,Vanilla Apparel Expanded — Accessories,vanillaexpanded.vaeaccessories,VAEA_Apparel_RangedShieldBelt,ranged shield belt,apparel,Medieval,,ApparelBase,ApparelUtility,ShieldBelt,1.6\Defs\ThingDefs_Misc\Apparel_Utility.xml
29,Vanilla Apparel Expanded — Accessories,vanillaexpanded.vaeaccessories,VAEA_Apparel_RessurectorBelt,ressurector belt,apparel,Ultra,1700,ApparelBase,ApparelUtility,,1.6\Defs\ThingDefs_Misc\Apparel_Utility.xml
29,Vanilla Apparel Expanded — Accessories,vanillaexpanded.vaeaccessories,VAEA_Apparel_MiniTurretPack,mini-turret pack,apparel,Industrial,,ApparelBase,ApparelUtility,,1.6\Defs\ThingDefs_Misc\Apparel_Utility.xml
30,Vanilla Factions Expanded - Pirates,oskarpotocki.vfe.pirates,VFEP_WarcasketGun_TearGasGrenadeLauncher,warcasket tear gas grenade launcher,weapon,Industrial,1650,VFEP_BaseWarcasketGun,WeaponsRanged,,1.6\Mods\VWENL\Defs\NLRangedWarcasket.xml
30,Vanilla Factions Expanded - Pirates,oskarpotocki.vfe.pirates,VFEP_Box_TearGasGrenadeLauncher,warcasket tear gas grenade launcher,building,(none),1650,VFEP_WarcasketWeaponBoxBase,BuildingsMisc,VWE_NonLethal,1.6\Mods\VWENL\Defs\NLRangedWarcasket.xml
30,Vanilla Factions Expanded - Pirates,oskarpotocki.vfe.pirates,VFEP_Bullet_GrapplingHook,grappling hook,projectile,(none),,BaseBullet,,,1.6\Defs\AbilityDefs\Abilities.xml
30,Vanilla Factions Expanded - Pirates,oskarpotocki.vfe.pirates,VFEP_GrapplingPawn,flying,parent:PawnFlyerBase,(none),,PawnFlyerBase,,,1.6\Defs\AbilityDefs\Abilities.xml
30,Vanilla Factions Expanded - Pirates,oskarpotocki.vfe.pirates,VFEP_PowerJumpPawn,flying,parent:PawnFlyerBase,(none),,PawnFlyerBase,,,1.6\Defs\AbilityDefs\Abilities.xml
30,Vanilla Factions Expanded - Pirates,oskarpotocki.vfe.pirates,VFEP_PawnIncoming,,parent:SkyfallerBase,(none),,SkyfallerBase,,,1.6\Defs\AbilityDefs\Abilities.xml
30,Vanilla Factions Expanded - Pirates,oskarpotocki.vfe.pirates,VFEP_PawnLeaving,,parent:SkyfallerBase,(none),,SkyfallerBase,,,1.6\Defs\AbilityDefs\Abilities.xml
30,Vanilla Factions Expanded - Pirates,oskarpotocki.vfe.pirates,VFEP_ActiveDropPawn,drop pawn,other,(none),,,,,1.6\Defs\AbilityDefs\Abilities.xml
30,Vanilla Factions Expanded - Pirates,oskarpotocki.vfe.pirates,VFEP_Bullet_GauntletChargeCanon,gauntlet charge cannon bullet,projectile,(none),,BaseBullet,,,1.6\Defs\ThingDefs_Buildings\Buildings_Gauntlet.xml
30,Vanilla Factions Expanded - Pirates,oskarpotocki.vfe.pirates,VFEP_GauntletChargeCanon,gauntlet charge cannon,weapon,(none),,BaseWeaponTurret,,,1.6\Defs\ThingDefs_Buildings\Buildings_Gauntlet.xml
30,Vanilla Factions Expanded - Pirates,oskarpotocki.vfe.pirates,VFEP_CrashedShip_Black,crashed ship,building,(none),,VFEP_CrashedShip,,,1.6\Defs\ThingDefs_Buildings\Buildings_Gauntlet.xml
30,Vanilla Factions Expanded - Pirates,oskarpotocki.vfe.pirates,VFEP_CrashedShip_Green,crashed ship,building,(none),,VFEP_CrashedShip,,,1.6\Defs\ThingDefs_Buildings\Buildings_Gauntlet.xml
30,Vanilla Factions Expanded - Pirates,oskarpotocki.vfe.pirates,VFEP_CrashedShip_Orange,crashed ship,building,(none),,VFEP_CrashedShip,,,1.6\Defs\ThingDefs_Buildings\Buildings_Gauntlet.xml
30,Vanilla Factions Expanded - Pirates,oskarpotocki.vfe.pirates,VFEP_CrashedShip_Red,crashed ship,building,(none),,VFEP_CrashedShip,,,1.6\Defs\ThingDefs_Buildings\Buildings_Gauntlet.xml
30,Vanilla Factions Expanded - Pirates,oskarpotocki.vfe.pirates,VFEP_WarcasketFoundry,warcasket foundry,building,(none),,VFEP_FoundryBase,,VFEP_Warcaskets,1.6\Defs\ThingDefs_Buildings\Buildings_Production.xml
30,Vanilla Factions Expanded - Pirates,oskarpotocki.vfe.pirates,VFEP_Turret_FieldGun,field gun,building,(none),,BaseArtilleryBuilding,BuildingsSecurity,Mortars,1.6\Defs\ThingDefs_Buildings\Buildings_Security_Turrets.xml
30,Vanilla Factions Expanded - Pirates,oskarpotocki.vfe.pirates,VFEP_Artillery_FieldGun,field gun,weapon,(none),,BaseArtilleryWeapon,,,1.6\Defs\ThingDefs_Buildings\Buildings_Security_Turrets.xml
30,Vanilla Factions Expanded - Pirates,oskarpotocki.vfe.pirates,VFEP_Turret_Cannon,cannon,building,(none),,VFEP_BaseCannonBuilding,BuildingsSecurity,Smithing,1.6\Defs\ThingDefs_Buildings\Buildings_Security_Turrets.xml
30,Vanilla Factions Expanded - Pirates,oskarpotocki.vfe.pirates,VFEP_Artillery_Cannon,cannon,weapon,(none),,BaseArtilleryWeapon,,,1.6\Defs\ThingDefs_Buildings\Buildings_Security_Turrets.xml
30,Vanilla Factions Expanded - Pirates,oskarpotocki.vfe.pirates,VFEP_Bullet_Cannonball,cannonball,projectile,(none),,BaseBullet,,,1.6\Defs\ThingDefs_Buildings\Buildings_Security_Turrets.xml
30,Vanilla Factions Expanded - Pirates,oskarpotocki.vfe.pirates,VFEP_ShipChunkDebris,ship chunk debris,building,(none),,VFEP_BuildingChunkBase,,,1.6\Defs\ThingDefs_Buildings\Buildings_ShipChunks.xml
30,Vanilla Factions Expanded - Pirates,oskarpotocki.vfe.pirates,VFEP_ShipChunkBattery,ship chunk battery,building,(none),,VFEP_BuildingChunkBase,,,1.6\Defs\ThingDefs_Buildings\Buildings_ShipChunks.xml
30,Vanilla Factions Expanded - Pirates,oskarpotocki.vfe.pirates,VFEP_ShipChunkCryptosleepCasket,ship chunk cryptosleep casket,building,(none),,VFEP_BuildingChunkBase,,,1.6\Defs\ThingDefs_Buildings\Buildings_ShipChunks.xml
30,Vanilla Factions Expanded - Pirates,oskarpotocki.vfe.pirates,VFEP_ShipChunkVolatileEngine,ship chunk volatile engine,building,(none),,VFEP_BuildingChunkBase,,,1.6\Defs\ThingDefs_Buildings\Buildings_ShipChunks.xml
30,Vanilla Factions Expanded - Pirates,oskarpotocki.vfe.pirates,VFEP_Filth_Fuel,chemfuel puddle,parent:BaseFilth,(none),,BaseFilth,,,1.6\Defs\ThingDefs_Buildings\Buildings_ShipChunks.xml
30,Vanilla Factions Expanded - Pirates,oskarpotocki.vfe.pirates,VFEP_ShipChunkFuelTank,ship chunk fuel tank,building,(none),,VFEP_BuildingChunkBase,,,1.6\Defs\ThingDefs_Buildings\Buildings_ShipChunks.xml
30,Vanilla Factions Expanded - Pirates,oskarpotocki.vfe.pirates,VFEP_ShipChunkGauntletTurret,ship chunk gauntlet turret,building,(none),,VFEP_BuildingChunkBase,,,1.6\Defs\ThingDefs_Buildings\Buildings_ShipChunks.xml
30,Vanilla Factions Expanded - Pirates,oskarpotocki.vfe.pirates,VFEP_ShipChunkReactor,ship chunk reactor,building,(none),,VFEP_BuildingChunkBase,,,1.6\Defs\ThingDefs_Buildings\Buildings_ShipChunks.xml
30,Vanilla Factions Expanded - Pirates,oskarpotocki.vfe.pirates,VFEP_ShipMedicalCrate,ship medical crate,building,(none),,VFEP_BuildingChunkBase,,,1.6\Defs\ThingDefs_Buildings\Buildings_ShipChunks.xml
30,Vanilla Factions Expanded - Pirates,oskarpotocki.vfe.pirates,VFEP_ShipNutrientPasteCrate,ship nutrient paste crate,building,(none),,VFEP_BuildingChunkBase,,,1.6\Defs\ThingDefs_Buildings\Buildings_ShipChunks.xml
30,Vanilla Factions Expanded - Pirates,oskarpotocki.vfe.pirates,VFEP_Box_Autorifle,warcasket autorifle,building,(none),1250,VFEP_WarcasketWeaponBoxBase,BuildingsMisc,VFEP_WarcasketWeaponry,1.6\Defs\ThingDefs_Buildings\Buildings_Special.xml
30,Vanilla Factions Expanded - Pirates,oskarpotocki.vfe.pirates,VFEP_Box_UraniumSlugRifle,warcasket uranium slug rifle,building,(none),1650,VFEP_WarcasketWeaponBoxBase,BuildingsMisc,VFEP_WarcasketWeaponry,1.6\Defs\ThingDefs_Buildings\Buildings_Special.xml
30,Vanilla Factions Expanded - Pirates,oskarpotocki.vfe.pirates,VFEP_Box_Slugthrower,warcasket slugthrower,building,(none),1100,VFEP_WarcasketWeaponBoxBase,BuildingsMisc,VFEP_WarcasketWeaponry,1.6\Defs\ThingDefs_Buildings\Buildings_Special.xml
30,Vanilla Factions Expanded - Pirates,oskarpotocki.vfe.pirates,VFEP_Box_Minigun,warcasket minigun,building,(none),2240,VFEP_WarcasketWeaponBoxBase,BuildingsMisc,VFEP_WarcasketWeaponry,1.6\Defs\ThingDefs_Buildings\Buildings_Special.xml
30,Vanilla Factions Expanded - Pirates,oskarpotocki.vfe.pirates,VFEP_Box_GrenadeLauncher,warcasket grenade launcher,building,(none),1890,VFEP_WarcasketWeaponBoxBase,BuildingsMisc,VFEP_WarcasketWeaponry,1.6\Defs\ThingDefs_Buildings\Buildings_Special.xml
30,Vanilla Factions Expanded - Pirates,oskarpotocki.vfe.pirates,VFEP_Box_HeavyFlamer,warcasket heavy flamer,building,(none),2450,VFEP_WarcasketWeaponBoxBase,BuildingsMisc,VFEP_WarcasketWeaponry,1.6\Defs\ThingDefs_Buildings\Buildings_Special.xml
30,Vanilla Factions Expanded - Pirates,oskarpotocki.vfe.pirates,VFEP_Box_CombatKnife,warcasket combat knife,building,(none),870,VFEP_WarcasketWeaponBoxBase,BuildingsMisc,VFEP_WarcasketWeaponry,1.6\Defs\ThingDefs_Buildings\Buildings_Special.xml
30,Vanilla Factions Expanded - Pirates,oskarpotocki.vfe.pirates,VFEP_Box_Broadsword,warcasket broadsword,building,(none),1460,VFEP_WarcasketWeaponBoxBase,BuildingsMisc,VFEP_WarcasketWeaponry,1.6\Defs\ThingDefs_Buildings\Buildings_Special.xml
30,Vanilla Factions Expanded - Pirates,oskarpotocki.vfe.pirates,VFEP_Box_ChargeLance,warcasket charge lance,building,(none),2250,VFEP_WarcasketWeaponBoxBase,BuildingsMisc,VFEP_SpacerWarcasketWeaponry,1.6\Defs\ThingDefs_Buildings\Buildings_Special.xml
30,Vanilla Factions Expanded - Pirates,oskarpotocki.vfe.pirates,VFEP_Box_HandheldCannon,warcasket handheld cannon,building,(none),1350,VFEP_WarcasketWeaponBoxBase,BuildingsMisc,VFEP_WarcasketWeaponry,1.6\Defs\ThingDefs_Buildings\Buildings_Special.xml
30,Vanilla Factions Expanded - Pirates,oskarpotocki.vfe.pirates,VFEP_Box_ChargeBlaster,warcasket charge blaster,building,(none),2200,VFEP_WarcasketWeaponBoxBase,BuildingsMisc,VFEP_SpacerWarcasketWeaponry,1.6\Defs\ThingDefs_Buildings\Buildings_Special.xml
30,Vanilla Factions Expanded - Pirates,oskarpotocki.vfe.pirates,VFEP_Box_GravityHammer,warcasket gravity hammer,building,(none),3000,VFEP_WarcasketWeaponBoxBase,BuildingsMisc,VFEP_WarcasketWeaponry,1.6\Defs\ThingDefs_Buildings\Buildings_Special.xml
30,Vanilla Factions Expanded - Pirates,oskarpotocki.vfe.pirates,VFEP_Rum,rum,food/drug,Neolithic,6,VFEP_DrugToolBase,Drugs,,1.6\Defs\ThingDefs_Items\Alcohol_Rum.xml
30,Vanilla Factions Expanded - Pirates,oskarpotocki.vfe.pirates,VFEP_Proj_GrenadierGrenade,frag grenade,projectile,(none),,BaseFragGrenadeProjectile,,,1.6\Defs\ThingDefs_Misc\Apparel_Various.xml
30,Vanilla Factions Expanded - Pirates,oskarpotocki.vfe.pirates,VFEP_Apparel_Privateer,privateer armor,apparel,Spacer,,ArmorMachineableBase,ApparelArmor,PoweredArmor,1.6\Defs\ThingDefs_Misc\Apparel_Various.xml
30,Vanilla Factions Expanded - Pirates,oskarpotocki.vfe.pirates,VFEP_Apparel_Rumsuit,rumsuit,apparel,Industrial,,ArmorMachineableBase,Apparel,VFEP_SweatFermentation,1.6\Defs\ThingDefs_Misc\Apparel_Various.xml
30,Vanilla Factions Expanded - Pirates,oskarpotocki.vfe.pirates,VFEP_SpidermineProjectile,projectile,projectile,(none),,BaseGrenadeProjectile,,,1.6\Defs\ThingDefs_Misc\Apparel_Various.xml
30,Vanilla Factions Expanded - Pirates,oskarpotocki.vfe.pirates,VFEP_Ship_Black,ship (incoming),parent:VFEP_Ship,(none),,VFEP_Ship,,,1.6\Defs\ThingDefs_Misc\Etheral_Skyfallers.xml
30,Vanilla Factions Expanded - Pirates,oskarpotocki.vfe.pirates,VFEP_Ship_Green,ship (incoming),parent:VFEP_Ship,(none),,VFEP_Ship,,,1.6\Defs\ThingDefs_Misc\Etheral_Skyfallers.xml
30,Vanilla Factions Expanded - Pirates,oskarpotocki.vfe.pirates,VFEP_Ship_Orange,ship (incoming),parent:VFEP_Ship,(none),,VFEP_Ship,,,1.6\Defs\ThingDefs_Misc\Etheral_Skyfallers.xml
30,Vanilla Factions Expanded - Pirates,oskarpotocki.vfe.pirates,VFEP_Ship_Red,ship (incoming),parent:VFEP_Ship,(none),,VFEP_Ship,,,1.6\Defs\ThingDefs_Misc\Etheral_Skyfallers.xml
30,Vanilla Factions Expanded - Pirates,oskarpotocki.vfe.pirates,VFEP_SideDropPod,drop pod (incoming),parent:SkyfallerBase,(none),,SkyfallerBase,,,1.6\Defs\ThingDefs_Misc\Etheral_Skyfallers.xml
30,Vanilla Factions Expanded - Pirates,oskarpotocki.vfe.pirates,VFEP_IShipChunkDebris,ship chunk debris (incoming),parent:SkyfallerBase,(none),,SkyfallerBase,,,1.6\Defs\ThingDefs_Misc\Etheral_Skyfallers.xml
30,Vanilla Factions Expanded - Pirates,oskarpotocki.vfe.pirates,VFEP_IShipChunkBattery,ship chunk battery (incoming),parent:VFEP_ChunkBase,(none),,VFEP_ChunkBase,,,1.6\Defs\ThingDefs_Misc\Etheral_Skyfallers.xml
30,Vanilla Factions Expanded - Pirates,oskarpotocki.vfe.pirates,VFEP_IShipChunkCryptosleepCasket,ship chunk cryptosleep casket (incoming),parent:VFEP_ChunkBase,(none),,VFEP_ChunkBase,,,1.6\Defs\ThingDefs_Misc\Etheral_Skyfallers.xml
30,Vanilla Factions Expanded - Pirates,oskarpotocki.vfe.pirates,VFEP_IShipChunkVolatileEngine,ship chunk volatile engine (incoming),parent:VFEP_ChunkBase,(none),,VFEP_ChunkBase,,,1.6\Defs\ThingDefs_Misc\Etheral_Skyfallers.xml
30,Vanilla Factions Expanded - Pirates,oskarpotocki.vfe.pirates,VFEP_IShipChunkFuelTank,ship chunk fuel tank (incoming),parent:VFEP_ChunkBase,(none),,VFEP_ChunkBase,,,1.6\Defs\ThingDefs_Misc\Etheral_Skyfallers.xml
30,Vanilla Factions Expanded - Pirates,oskarpotocki.vfe.pirates,VFEP_IShipChunkGauntletTurret,ship chunk gauntlet turret (incoming),parent:VFEP_ChunkBase,(none),,VFEP_ChunkBase,,,1.6\Defs\ThingDefs_Misc\Etheral_Skyfallers.xml
30,Vanilla Factions Expanded - Pirates,oskarpotocki.vfe.pirates,VFEP_IShipChunkReactor,ship chunk Reactor (incoming),parent:VFEP_ChunkBase,(none),,VFEP_ChunkBase,,,1.6\Defs\ThingDefs_Misc\Etheral_Skyfallers.xml
30,Vanilla Factions Expanded - Pirates,oskarpotocki.vfe.pirates,VFEP_IShipMedicalCrate,ship chunk medical crate (incoming),parent:VFEP_ChunkBase,(none),,VFEP_ChunkBase,,,1.6\Defs\ThingDefs_Misc\Etheral_Skyfallers.xml
30,Vanilla Factions Expanded - Pirates,oskarpotocki.vfe.pirates,VFEP_IShipNutrientPasteCrate,ship chunk nutrient paste crate (incoming),parent:VFEP_ChunkBase,(none),,VFEP_ChunkBase,,,1.6\Defs\ThingDefs_Misc\Etheral_Skyfallers.xml
30,Vanilla Factions Expanded - Pirates,oskarpotocki.vfe.pirates,VFEP_WarcasketMeleeWeapon_CombatKnife,warcasket combat knife,weapon,Industrial,870,VFEP_BaseMeleeWeapon_Warcasket,WeaponsMelee,,1.6\Defs\ThingDefs_Misc\Weapons\MeleeWarcasket.xml
30,Vanilla Factions Expanded - Pirates,oskarpotocki.vfe.pirates,VFEP_WarcasketMeleeWeapon_Broadsword,warcasket broadsword,weapon,Industrial,1460,VFEP_BaseMeleeWeapon_Warcasket,WeaponsMelee,,1.6\Defs\ThingDefs_Misc\Weapons\MeleeWarcasket.xml
30,Vanilla Factions Expanded - Pirates,oskarpotocki.vfe.pirates,VFEP_WarcasketMeleeWeapon_GravityHammer,warcasket gravity hammer,weapon,Industrial,3000,VFEP_BaseMeleeWeapon_Warcasket,WeaponsMelee,,1.6\Defs\ThingDefs_Misc\Weapons\MeleeWarcasket.xml
30,Vanilla Factions Expanded - Pirates,oskarpotocki.vfe.pirates,VFEP_WarcasketMeleeWeapon_PlasmaSword,warcasket plasma sword,weapon,Industrial,3600,VFEP_BaseMeleeWeapon_Warcasket,WeaponsMelee,,1.6\Defs\ThingDefs_Misc\Weapons\MeleeWarcasket.xml
30,Vanilla Factions Expanded - Pirates,oskarpotocki.vfe.pirates,VFEPGun_MiniBlaster,mini-blaster,weapon,Spacer,300,BaseGunWithQuality,WeaponsRanged,,1.6\Defs\ThingDefs_Misc\Weapons\RangedMechanoid.xml
30,Vanilla Factions Expanded - Pirates,oskarpotocki.vfe.pirates,VFEP_WarcasketGun_Autorifle,warcasket autorifle,weapon,Industrial,1250,VFEP_BaseWarcasketGun,WeaponsRanged,,1.6\Defs\ThingDefs_Misc\Weapons\RangedWarcasket.xml
30,Vanilla Factions Expanded - Pirates,oskarpotocki.vfe.pirates,VFEP_Bullet_WarcasketAutorifle,warcasket autorifle bullet,projectile,(none),,BaseBullet,,,1.6\Defs\ThingDefs_Misc\Weapons\RangedWarcasket.xml
30,Vanilla Factions Expanded - Pirates,oskarpotocki.vfe.pirates,VFEP_WarcasketGun_UraniumSlugRifle,warcasket uranium slug rifle,weapon,Industrial,1650,VFEP_BaseWarcasketGun,WeaponsRanged,,1.6\Defs\ThingDefs_Misc\Weapons\RangedWarcasket.xml
30,Vanilla Factions Expanded - Pirates,oskarpotocki.vfe.pirates,VFEP_Bullet_WarcasketUraniumSlugRifle,uranium slug,projectile,(none),,BaseBullet,,,1.6\Defs\ThingDefs_Misc\Weapons\RangedWarcasket.xml
30,Vanilla Factions Expanded - Pirates,oskarpotocki.vfe.pirates,VFEP_WarcasketGun_Slugthrower,warcasket slugthrower,weapon,Industrial,1100,VFEP_BaseWarcasketGun,WeaponsRanged,,1.6\Defs\ThingDefs_Misc\Weapons\RangedWarcasket.xml
30,Vanilla Factions Expanded - Pirates,oskarpotocki.vfe.pirates,VFEP_Bullet_WarcasketSlugthrower,warcasket slugthrower blast,projectile,(none),,BaseBullet,,,1.6\Defs\ThingDefs_Misc\Weapons\RangedWarcasket.xml
30,Vanilla Factions Expanded - Pirates,oskarpotocki.vfe.pirates,VFEP_WarcasketGun_Minigun,warcasket minigun,weapon,Industrial,2240,VFEP_BaseWarcasketGun,WeaponsRanged,,1.6\Defs\ThingDefs_Misc\Weapons\RangedWarcasket.xml
30,Vanilla Factions Expanded - Pirates,oskarpotocki.vfe.pirates,VFEP_Bullet_WarcasketMinigun,warcasket minigun bullet,projectile,(none),,BaseBullet,,,1.6\Defs\ThingDefs_Misc\Weapons\RangedWarcasket.xml
30,Vanilla Factions Expanded - Pirates,oskarpotocki.vfe.pirates,VFEP_WarcasketGun_GrenadeLauncher,warcasket grenade launcher,weapon,Industrial,1890,VFEP_BaseWarcasketGun,WeaponsRanged,,1.6\Defs\ThingDefs_Misc\Weapons\RangedWarcasket.xml
30,Vanilla Factions Expanded - Pirates,oskarpotocki.vfe.pirates,VFEP_WarcasketGun_HeavyFlamer,warcasket heavy flamer,weapon,Industrial,2450,VFEP_BaseWarcasketGun,WeaponsRanged,,1.6\Defs\ThingDefs_Misc\Weapons\RangedWarcasket.xml
30,Vanilla Factions Expanded - Pirates,oskarpotocki.vfe.pirates,VFEP_WarcasketGun_ChargeLance,warcasket charge lance,weapon,Industrial,2250,VFEP_BaseWarcasketGun,WeaponsRanged,,1.6\Defs\ThingDefs_Misc\Weapons\RangedWarcasket.xml
30,Vanilla Factions Expanded - Pirates,oskarpotocki.vfe.pirates,VFEP_Bullet_WarcasketChargeLance,warcasket charge lance shot,projectile,(none),,BaseBullet,,,1.6\Defs\ThingDefs_Misc\Weapons\RangedWarcasket.xml
30,Vanilla Factions Expanded - Pirates,oskarpotocki.vfe.pirates,VFEP_WarcasketGun_HandheldCannon,warcasket handheld cannon,weapon,Industrial,1350,VFEP_BaseWarcasketGun,WeaponsRanged,,1.6\Defs\ThingDefs_Misc\Weapons\RangedWarcasket.xml
30,Vanilla Factions Expanded - Pirates,oskarpotocki.vfe.pirates,VFEP_Bullet_HandheldCannonCannonball,cannonball,projectile,(none),,BaseBullet,,,1.6\Defs\ThingDefs_Misc\Weapons\RangedWarcasket.xml
30,Vanilla Factions Expanded - Pirates,oskarpotocki.vfe.pirates,VFEP_WarcasketGun_ChargeBlaster,warcasket charge blaster,weapon,Industrial,2200,VFEP_BaseWarcasketGun,WeaponsRanged,,1.6\Defs\ThingDefs_Misc\Weapons\RangedWarcasket.xml
30,Vanilla Factions Expanded - Pirates,oskarpotocki.vfe.pirates,VFEP_Bullet_WarcasketChargeBlaster,warcasket charge blaster shot,projectile,(none),,BaseBullet,,,1.6\Defs\ThingDefs_Misc\Weapons\RangedWarcasket.xml
30,Vanilla Factions Expanded - Pirates,oskarpotocki.vfe.pirates,VFEP_Mech_Wardrone,wardrone,pawn,(none),1200,VFEP_BaseDrone,,,1.6\Defs\ThingDefs_Races\Races_Mechanoid.xml
30,Vanilla Factions Expanded - Pirates,oskarpotocki.vfe.pirates,VFEP_Mech_Spidermine,spidermine,pawn,(none),1200,VFEP_BaseDrone,,,1.6\Defs\ThingDefs_Races\Races_Mechanoid.xml
31,Vanilla Nutrient Paste Expanded,vanillaexpanded.vnutriente,VNPE_NutrientPastePipe,nutrient paste pipe,building,(none),,BuildingBase,,NutrientPaste,1.6\Defs\ThingDef_Buildings\Buildings_Net.xml
31,Vanilla Nutrient Paste Expanded,vanillaexpanded.vnutriente,VNPE_UndergroundNutrientPastePipe,hidden nutrient paste pipe,building,(none),,BuildingBase,,NutrientPaste,1.6\Defs\ThingDef_Buildings\Buildings_Net.xml
31,Vanilla Nutrient Paste Expanded,vanillaexpanded.vnutriente,VNPE_NutrientPasteValve,nutrient paste valve,building,(none),,BuildingBase,,NutrientPaste,1.6\Defs\ThingDef_Buildings\Buildings_Net.xml
31,Vanilla Nutrient Paste Expanded,vanillaexpanded.vnutriente,VNPE_NutrientPasteGrinder,nutrient paste grinder,building,(none),,BuildingBase,,NutrientPaste,1.6\Defs\ThingDef_Buildings\Buildings_Production.xml
31,Vanilla Nutrient Paste Expanded,vanillaexpanded.vnutriente,VNPE_NutrientPasteTap,nutrient paste tap,building,(none),,BuildingBase,,NutrientPaste,1.6\Defs\ThingDef_Buildings\Buildings_Production.xml
31,Vanilla Nutrient Paste Expanded,vanillaexpanded.vnutriente,VNPE_NutrientPasteFeeder,nutrient paste feeder,building,(none),,FurnitureBase,BuildingsFurniture,NutrientPaste,1.6\Defs\ThingDef_Buildings\Buildings_Production.xml
31,Vanilla Nutrient Paste Expanded,vanillaexpanded.vnutriente,VNPE_NutrientPasteDripper,nutrient paste dripper,building,(none),,BuildingBase,BuildingsMisc,NutrientPaste,1.6\Defs\ThingDef_Buildings\Buildings_Production.xml
31,Vanilla Nutrient Paste Expanded,vanillaexpanded.vnutriente,VNPE_NutrientPasteVat,nutrient paste vat,parent:BuildingBase,(none),,BuildingBase,,NutrientPaste,1.6\Defs\ThingDef_Buildings\Buildings_Storage.xml
31,Vanilla Nutrient Paste Expanded,vanillaexpanded.vnutriente,VNPE_Filth_Paste,nutrient sludge,parent:BaseFilth,(none),,BaseFilth,,,1.6\Defs\ThingDefs_Misc\Filth_Paste.xml
32,Vanilla Quests Expanded - Ancients,vanillaquestsexpanded.ancients,VQEA_Bullet_HellsphereCannonGun,hellsphere cannon shot,projectile,(none),,BaseBullet,,,1.6\Defs\AbilityDefs\Abilities.xml
32,Vanilla Quests Expanded - Ancients,vanillaquestsexpanded.ancients,VQEA_MatterPhasing,Mote,mote,(none),,VQEA_MoteGlowDistortBackground,,,1.6\Defs\Effects\Motes.xml
32,Vanilla Quests Expanded - Ancients,vanillaquestsexpanded.ancients,VQEA_AncientLaboratoryCasket_Empty,empty ancient laboratory casket,building,(none),,VQEA_AncientsBuildingBase,,,1.6\Defs\ThingDefs_Buildings\Buildings_Cryptopods.xml
32,Vanilla Quests Expanded - Ancients,vanillaquestsexpanded.ancients,VQEA_AncientLaboratoryCasket,ancient laboratory casket,building,(none),,VQEA_AncientsBuildingBase,,,1.6\Defs\ThingDefs_Buildings\Buildings_Cryptopods.xml
32,Vanilla Quests Expanded - Ancients,vanillaquestsexpanded.ancients,VQEA_CandidateCryptosleepCasket_Empty,empty candidate cryptosleep casket,building,(none),,VQEA_AncientsBuildingBase,,,1.6\Defs\ThingDefs_Buildings\Buildings_Cryptopods.xml
32,Vanilla Quests Expanded - Ancients,vanillaquestsexpanded.ancients,VQEA_CandidateCryptosleepCasket,candidate cryptosleep casket,building,(none),,VQEA_AncientsBuildingBase,,,1.6\Defs\ThingDefs_Buildings\Buildings_Cryptopods.xml
32,Vanilla Quests Expanded - Ancients,vanillaquestsexpanded.ancients,VQEA_RuinedArchogenInjector,ruined archogen injector,building,(none),,VQEA_AncientsBuildingBase,,,1.6\Defs\ThingDefs_Buildings\Buildings_Decorative.xml
32,Vanilla Quests Expanded - Ancients,vanillaquestsexpanded.ancients,VQEA_RuinedNeurostabilizerArray,ruined neurostabilizer array,building,(none),,VQEA_AncientsBuildingBase,,,1.6\Defs\ThingDefs_Buildings\Buildings_Decorative.xml
32,Vanilla Quests Expanded - Ancients,vanillaquestsexpanded.ancients,VQEA_RuinedCognitiveRecoveryArray,ruined cognitive recovery array,building,(none),,VQEA_AncientsBuildingBase,,,1.6\Defs\ThingDefs_Buildings\Buildings_Decorative.xml
32,Vanilla Quests Expanded - Ancients,vanillaquestsexpanded.ancients,VQEA_RuinedRapidInfusionPump,ruined rapid infusion pump,building,(none),,VQEA_AncientsBuildingBase,,,1.6\Defs\ThingDefs_Buildings\Buildings_Decorative.xml
32,Vanilla Quests Expanded - Ancients,vanillaquestsexpanded.ancients,VQEA_RuinedArchiteRecycler,ruined archite recycler,building,(none),,VQEA_AncientsBuildingBase,,,1.6\Defs\ThingDefs_Buildings\Buildings_Decorative.xml
32,Vanilla Quests Expanded - Ancients,vanillaquestsexpanded.ancients,VQEA_RuinedGenomicAttenuator,ruined genomic attenuator,building,(none),,VQEA_AncientsBuildingBase,,,1.6\Defs\ThingDefs_Buildings\Buildings_Decorative.xml
32,Vanilla Quests Expanded - Ancients,vanillaquestsexpanded.ancients,VQEA_RuinedRejectionBufferCoil,ruined rejection buffer coil,building,(none),,VQEA_AncientsBuildingBase,,,1.6\Defs\ThingDefs_Buildings\Buildings_Decorative.xml
32,Vanilla Quests Expanded - Ancients,vanillaquestsexpanded.ancients,VQEA_RuinedSpliceframeUplink,ruined spliceframe uplink,building,(none),,VQEA_AncientsBuildingBase,,,1.6\Defs\ThingDefs_Buildings\Buildings_Decorative.xml
32,Vanilla Quests Expanded - Ancients,vanillaquestsexpanded.ancients,VQEA_RuinedMutagenInhibitorCore,ruined mutagen inhibitor core,building,(none),,VQEA_AncientsBuildingBase,,,1.6\Defs\ThingDefs_Buildings\Buildings_Decorative.xml
32,Vanilla Quests Expanded - Ancients,vanillaquestsexpanded.ancients,VQEA_RuinedTraitSelectionPrism,ruined trait selection prism,building,(none),,VQEA_AncientsBuildingBase,,,1.6\Defs\ThingDefs_Buildings\Buildings_Decorative.xml
32,Vanilla Quests Expanded - Ancients,vanillaquestsexpanded.ancients,VQEA_RuinedAberrationRedirector,ruined aberration redirector,building,(none),,VQEA_AncientsBuildingBase,,,1.6\Defs\ThingDefs_Buildings\Buildings_Decorative.xml
32,Vanilla Quests Expanded - Ancients,vanillaquestsexpanded.ancients,VQEA_RuinedComplexityHarmonizer,ruined complexity harmonizer,building,(none),,VQEA_AncientsBuildingBase,,,1.6\Defs\ThingDefs_Buildings\Buildings_Decorative.xml
32,Vanilla Quests Expanded - Ancients,vanillaquestsexpanded.ancients,VQEA_RuinedArchitePathingArray,ruined archite pathing array,building,(none),,VQEA_AncientsBuildingBase,,,1.6\Defs\ThingDefs_Buildings\Buildings_Decorative.xml
32,Vanilla Quests Expanded - Ancients,vanillaquestsexpanded.ancients,VQEA_AncientFauxPlant,ancient faux plant,building,(none),,VQEA_AncientsBuildingBase,,,1.6\Defs\ThingDefs_Buildings\Buildings_Decorative.xml
32,Vanilla Quests Expanded - Ancients,vanillaquestsexpanded.ancients,VQEA_AncientHospitalArmchair,ancient hospital armchair,building,(none),,VQEA_AncientsBuildingBase,BuildingsFurniture,,1.6\Defs\ThingDefs_Buildings\Buildings_Decorative.xml
32,Vanilla Quests Expanded - Ancients,vanillaquestsexpanded.ancients,VQEA_AncientHospitalBench,ancient hospital bench,building,(none),,VQEA_AncientsBuildingBase,BuildingsFurniture,,1.6\Defs\ThingDefs_Buildings\Buildings_Decorative.xml
32,Vanilla Quests Expanded - Ancients,vanillaquestsexpanded.ancients,VQEA_AncientHospitalCrib,ancient hospital crib,building,(none),,VQEA_AncientsBuildingBase,BuildingsFurniture,,1.6\Defs\ThingDefs_Buildings\Buildings_Decorative.xml
32,Vanilla Quests Expanded - Ancients,vanillaquestsexpanded.ancients,VQEA_AncientIncubator,ancient incubator,building,(none),,VQEA_AncientsBuildingBase,,,1.6\Defs\ThingDefs_Buildings\Buildings_Decorative.xml
32,Vanilla Quests Expanded - Ancients,vanillaquestsexpanded.ancients,VQEA_AncientIVStand,ancient IV stand,building,(none),,VQEA_AncientsBuildingBase,,,1.6\Defs\ThingDefs_Buildings\Buildings_Decorative.xml
32,Vanilla Quests Expanded - Ancients,vanillaquestsexpanded.ancients,VQEA_AncientKitchenette,ancient kitchenette,building,(none),,VQEA_AncientsBuildingBase,,,1.6\Defs\ThingDefs_Buildings\Buildings_Decorative.xml
32,Vanilla Quests Expanded - Ancients,vanillaquestsexpanded.ancients,VQEA_AncientSink,ancient small sink,building,(none),,VQEA_AncientsBuildingBase,,,1.6\Defs\ThingDefs_Buildings\Buildings_Decorative.xml
32,Vanilla Quests Expanded - Ancients,vanillaquestsexpanded.ancients,VQEA_AncientMedicalPartition,ancient medical partition,building,(none),,VQEA_AncientsBuildingBase,,,1.6\Defs\ThingDefs_Buildings\Buildings_Decorative.xml
32,Vanilla Quests Expanded - Ancients,vanillaquestsexpanded.ancients,VQEA_AncientOfficeDesk,ancient office desk,building,(none),,VQEA_AncientsBuildingBase,,,1.6\Defs\ThingDefs_Buildings\Buildings_Decorative.xml
32,Vanilla Quests Expanded - Ancients,vanillaquestsexpanded.ancients,VQEA_AncientRepairBench,ancient repair desk,building,(none),,VQEA_AncientsBuildingBase,,,1.6\Defs\ThingDefs_Buildings\Buildings_Decorative.xml
32,Vanilla Quests Expanded - Ancients,vanillaquestsexpanded.ancients,VQEA_AncientResearchCountertop,ancient research countertop,building,(none),,VQEA_AncientsBuildingBase,,,1.6\Defs\ThingDefs_Buildings\Buildings_Decorative.xml
32,Vanilla Quests Expanded - Ancients,vanillaquestsexpanded.ancients,VQEA_BustedControlPanel,busted control panel,building,(none),,VQEA_AncientsBuildingBase,,,1.6\Defs\ThingDefs_Buildings\Buildings_Decorative.xml
32,Vanilla Quests Expanded - Ancients,vanillaquestsexpanded.ancients,VQEA_AncientOfficePrinter,ancient office printer,building,(none),,VQEA_AncientsBuildingBase,,,1.6\Defs\ThingDefs_Buildings\Buildings_Decorative.xml
32,Vanilla Quests Expanded - Ancients,vanillaquestsexpanded.ancients,VQEA_AncientTripWarning,trip warning sign,building,(none),,VQEA_AncientsBuildingBase,,,1.6\Defs\ThingDefs_Buildings\Buildings_Decorative.xml
32,Vanilla Quests Expanded - Ancients,vanillaquestsexpanded.ancients,VQEA_AncientStorageHeater,ancient storage heater,building,(none),,VQEA_AncientsBuildingBase,BuildingsTemperature,,1.6\Defs\ThingDefs_Buildings\Buildings_Decorative.xml
32,Vanilla Quests Expanded - Ancients,vanillaquestsexpanded.ancients,VQEA_AncientToyBox,ancient toy box,building,(none),,VQEA_AncientsBuildingBase,BuildingsFurniture,,1.6\Defs\ThingDefs_Buildings\Buildings_Decorative.xml
32,Vanilla Quests Expanded - Ancients,vanillaquestsexpanded.ancients,VQEA_AncientVitalsMonitor,ancient vitals monitor,building,(none),,VQEA_AncientsBuildingBase,,,1.6\Defs\ThingDefs_Buildings\Buildings_Decorative.xml
32,Vanilla Quests Expanded - Ancients,vanillaquestsexpanded.ancients,VQEA_AncientWaterCooler,ancient water cooler,building,(none),,VQEA_AncientsBuildingBase,,,1.6\Defs\ThingDefs_Buildings\Buildings_Decorative.xml
32,Vanilla Quests Expanded - Ancients,vanillaquestsexpanded.ancients,VQEA_CreepyBabyToy,creepy baby toy,building,(none),,VQEA_AncientsBuildingBase,BuildingsFurniture,,1.6\Defs\ThingDefs_Buildings\Buildings_Decorative.xml
32,Vanilla Quests Expanded - Ancients,vanillaquestsexpanded.ancients,VQEA_LargeWoodenMilitaryCrate,rotten military crate,building,(none),,VQEA_AncientsBuildingBase,,,1.6\Defs\ThingDefs_Buildings\Buildings_Decorative.xml
32,Vanilla Quests Expanded - Ancients,vanillaquestsexpanded.ancients,VQEA_WoodenMilitaryCrate,rotten military box,building,(none),,VQEA_AncientsBuildingBase,,,1.6\Defs\ThingDefs_Buildings\Buildings_Decorative.xml
32,Vanilla Quests Expanded - Ancients,vanillaquestsexpanded.ancients,VQEA_RubbishPile,trash bags,building,(none),,VQEA_AncientsBuildingBase,,,1.6\Defs\ThingDefs_Buildings\Buildings_Decorative.xml
32,Vanilla Quests Expanded - Ancients,vanillaquestsexpanded.ancients,VQEA_RustedWheeledTray,rusted wheeled tray,building,(none),,VQEA_AncientsBuildingBase,,,1.6\Defs\ThingDefs_Buildings\Buildings_Decorative.xml
32,Vanilla Quests Expanded - Ancients,vanillaquestsexpanded.ancients,VQEA_VaultTerminal,vault terminal,building,(none),,VQEA_AncientsBuildingBase,,,1.6\Defs\ThingDefs_Buildings\Buildings_Decorative.xml
32,Vanilla Quests Expanded - Ancients,vanillaquestsexpanded.ancients,VQEA_VaultTerminalBank,vault terminal bank,building,(none),,VQEA_AncientsBuildingBase,,,1.6\Defs\ThingDefs_Buildings\Buildings_Decorative.xml
32,Vanilla Quests Expanded - Ancients,vanillaquestsexpanded.ancients,VQEA_WarpedMopBucket,warped mop bucket,building,(none),,VQEA_AncientsBuildingBase,,,1.6\Defs\ThingDefs_Buildings\Buildings_Decorative.xml
32,Vanilla Quests Expanded - Ancients,vanillaquestsexpanded.ancients,VQEA_RustedHospitalBed,rusted hospital bed,building,Medieval,,VQEA_AncientsBuildingBase,BuildingsFurniture,,1.6\Defs\ThingDefs_Buildings\Buildings_Decorative.xml
32,Vanilla Quests Expanded - Ancients,vanillaquestsexpanded.ancients,VQEA_WheeledBed,wheeled bed,building,Medieval,,VQEA_AncientsBuildingBase,BuildingsFurniture,,1.6\Defs\ThingDefs_Buildings\Buildings_Decorative.xml
32,Vanilla Quests Expanded - Ancients,vanillaquestsexpanded.ancients,VQEA_EmptyContainment,empty containment,building,(none),,VQEA_AncientsBuildingBase,,,1.6\Defs\ThingDefs_Buildings\Buildings_Decorative.xml
32,Vanilla Quests Expanded - Ancients,vanillaquestsexpanded.ancients,VQEA_AncientFoosballTable,ancient foosball table,building,(none),,VQEA_AncientsBuildingBase,BuildingsJoy,,1.6\Defs\ThingDefs_Buildings\Buildings_Joy.xml
32,Vanilla Quests Expanded - Ancients,vanillaquestsexpanded.ancients,VQEA_ArchogenInjector,archogen injector,building,(none),1450,VQEA_LabAncientsBuildingBase,VQEA_BuildingsLab,,1.6\Defs\ThingDefs_Buildings\Buildings_Laboratory.xml
32,Vanilla Quests Expanded - Ancients,vanillaquestsexpanded.ancients,VQEA_NeurostabilizerArray,neurostabilizer array,building,(none),345,VQEA_LabAncientsBuildingBase,VQEA_BuildingsLab,,1.6\Defs\ThingDefs_Buildings\Buildings_Laboratory.xml
32,Vanilla Quests Expanded - Ancients,vanillaquestsexpanded.ancients,VQEA_CognitiveRecoveryArray,cognitive recovery array,building,(none),320,VQEA_LabAncientsBuildingBase,VQEA_BuildingsLab,,1.6\Defs\ThingDefs_Buildings\Buildings_Laboratory.xml
32,Vanilla Quests Expanded - Ancients,vanillaquestsexpanded.ancients,VQEA_RapidInfusionPump,rapid infusion pump,building,(none),380,VQEA_LabAncientsBuildingBase,VQEA_BuildingsLab,,1.6\Defs\ThingDefs_Buildings\Buildings_Laboratory.xml
32,Vanilla Quests Expanded - Ancients,vanillaquestsexpanded.ancients,VQEA_ArchiteRecycler,archite recycler,building,(none),450,VQEA_LabAncientsBuildingBase,VQEA_BuildingsLab,,1.6\Defs\ThingDefs_Buildings\Buildings_Laboratory.xml
32,Vanilla Quests Expanded - Ancients,vanillaquestsexpanded.ancients,VQEA_GenomicAttenuator,genomic attenuator,building,(none),550,VQEA_LabAncientsBuildingBase,VQEA_BuildingsLab,,1.6\Defs\ThingDefs_Buildings\Buildings_Laboratory.xml
32,Vanilla Quests Expanded - Ancients,vanillaquestsexpanded.ancients,VQEA_RejectionBufferCoil,rejection buffer coil,building,(none),400,VQEA_LabAncientsBuildingBase,VQEA_BuildingsLab,,1.6\Defs\ThingDefs_Buildings\Buildings_Laboratory.xml
32,Vanilla Quests Expanded - Ancients,vanillaquestsexpanded.ancients,VQEA_SpliceframeUplink,spliceframe uplink,building,(none),600,VQEA_LabAncientsBuildingBase,VQEA_BuildingsLab,,1.6\Defs\ThingDefs_Buildings\Buildings_Laboratory.xml
32,Vanilla Quests Expanded - Ancients,vanillaquestsexpanded.ancients,VQEA_MutagenInhibitorCore,mutagen inhibitor core,building,(none),1000,VQEA_LabAncientsBuildingBase,VQEA_BuildingsLab,,1.6\Defs\ThingDefs_Buildings\Buildings_Laboratory.xml
32,Vanilla Quests Expanded - Ancients,vanillaquestsexpanded.ancients,VQEA_TraitSelectionPrism,trait selection prism,building,(none),1250,VQEA_LabAncientsBuildingBase,VQEA_BuildingsLab,,1.6\Defs\ThingDefs_Buildings\Buildings_Laboratory.xml
32,Vanilla Quests Expanded - Ancients,vanillaquestsexpanded.ancients,VQEA_AberrationRedirector,aberration redirector,building,(none),1000,VQEA_LabAncientsBuildingBase,VQEA_BuildingsLab,,1.6\Defs\ThingDefs_Buildings\Buildings_Laboratory.xml
32,Vanilla Quests Expanded - Ancients,vanillaquestsexpanded.ancients,VQEA_ComplexityHarmonizer,complexity harmonizer,building,(none),1250,VQEA_LabAncientsBuildingBase,VQEA_BuildingsLab,,1.6\Defs\ThingDefs_Buildings\Buildings_Laboratory.xml
32,Vanilla Quests Expanded - Ancients,vanillaquestsexpanded.ancients,VQEA_ArchitePathingArray,archite pathing array,building,(none),1565,VQEA_LabAncientsBuildingBase,VQEA_BuildingsLab,,1.6\Defs\ThingDefs_Buildings\Buildings_Laboratory.xml
32,Vanilla Quests Expanded - Ancients,vanillaquestsexpanded.ancients,VQEA_AncientWonderdoc,ancient wonderdoc,building,(none),3500,VQEA_AncientsBuildingBase,,,1.6\Defs\ThingDefs_Buildings\Buildings_Laboratory.xml
32,Vanilla Quests Expanded - Ancients,vanillaquestsexpanded.ancients,VQEA_BustedAncientWonderdoc,busted ancient wonderdoc,building,(none),1000,VQEA_AncientsBuildingBase,,,1.6\Defs\ThingDefs_Buildings\Buildings_Laboratory.xml
32,Vanilla Quests Expanded - Ancients,vanillaquestsexpanded.ancients,VQEA_AncientSunLamp,ancient sun lamp,building,(none),,VQEA_AncientsBuildingBase,BuildingsFurniture,,1.6\Defs\ThingDefs_Buildings\Buildings_Lights.xml
32,Vanilla Quests Expanded - Ancients,vanillaquestsexpanded.ancients,VQEA_AncientVaultLamp,ancient vault lamp,building,(none),,VQEA_AncientsBuildingBase,,,1.6\Defs\ThingDefs_Buildings\Buildings_Lights.xml
32,Vanilla Quests Expanded - Ancients,vanillaquestsexpanded.ancients,VQEA_AncientPipelineJunction_Off,ancient pipeline junction,building,(none),,VQEA_AncientsBuildingBase,,,1.6\Defs\ThingDefs_Buildings\Buildings_Lootables.xml
32,Vanilla Quests Expanded - Ancients,vanillaquestsexpanded.ancients,VQEA_AncientPipelineJunction_On,ancient pipeline junction,building,(none),,VQEA_AncientsBuildingBase,,,1.6\Defs\ThingDefs_Buildings\Buildings_Lootables.xml
32,Vanilla Quests Expanded - Ancients,vanillaquestsexpanded.ancients,VQEA_ArchiteCapsuleContainment_Empty,archite capsule containment,building,(none),,VQEA_AncientsBuildingBase,,,1.6\Defs\ThingDefs_Buildings\Buildings_Lootables.xml
32,Vanilla Quests Expanded - Ancients,vanillaquestsexpanded.ancients,VQEA_ArchiteCapsuleContainment,archite capsule containment,building,(none),,VQEA_AncientsBuildingBase,,,1.6\Defs\ThingDefs_Buildings\Buildings_Lootables.xml
32,Vanilla Quests Expanded - Ancients,vanillaquestsexpanded.ancients,VQEA_AncientGenepackCrate_Empty,ancient genepack crate,building,(none),,VQEA_AncientsBuildingBase,,,1.6\Defs\ThingDefs_Buildings\Buildings_Lootables.xml
32,Vanilla Quests Expanded - Ancients,vanillaquestsexpanded.ancients,VQEA_AncientGenepackCrate,ancient genepack crate,building,(none),,VQEA_AncientsBuildingBase,,,1.6\Defs\ThingDefs_Buildings\Buildings_Lootables.xml
32,Vanilla Quests Expanded - Ancients,vanillaquestsexpanded.ancients,VQEA_StorageShelf_Empty,empty storage shelf,building,(none),,VQEA_AncientsBuildingBase,,,1.6\Defs\ThingDefs_Buildings\Buildings_Lootables.xml
32,Vanilla Quests Expanded - Ancients,vanillaquestsexpanded.ancients,VQEA_StorageShelf_Meals,survival meals shelf,building,(none),,VQEA_AncientsBuildingBase,,,1.6\Defs\ThingDefs_Buildings\Buildings_Lootables.xml
32,Vanilla Quests Expanded - Ancients,vanillaquestsexpanded.ancients,VQEA_StorageShelf_Medicine,medicine shelf,building,(none),,VQEA_AncientsBuildingBase,,,1.6\Defs\ThingDefs_Buildings\Buildings_Lootables.xml
32,Vanilla Quests Expanded - Ancients,vanillaquestsexpanded.ancients,VQEA_StorageShelf_Neutroamine,neutroamine shelf,building,(none),,VQEA_AncientsBuildingBase,,,1.6\Defs\ThingDefs_Buildings\Buildings_Lootables.xml
32,Vanilla Quests Expanded - Ancients,vanillaquestsexpanded.ancients,VQEA_StorageShelf_Gowns,patient gowns shelf,building,(none),,VQEA_AncientsBuildingBase,,,1.6\Defs\ThingDefs_Buildings\Buildings_Lootables.xml
32,Vanilla Quests Expanded - Ancients,vanillaquestsexpanded.ancients,VQEA_AncientOrganBox_Empty,empty ancient organ box,building,(none),,VQEA_AncientsBuildingBase,,,1.6\Defs\ThingDefs_Buildings\Buildings_Lootables.xml
32,Vanilla Quests Expanded - Ancients,vanillaquestsexpanded.ancients,VQEA_AncientOrganBox,ancient organ box,building,(none),,VQEA_AncientsBuildingBase,,,1.6\Defs\ThingDefs_Buildings\Buildings_Lootables.xml
32,Vanilla Quests Expanded - Ancients,vanillaquestsexpanded.ancients,VQEA_PneumaticTubeLaunchPort,pneumatic tube launch port,building,(none),,VQEA_AncientsBuildingBase,,,1.6\Defs\ThingDefs_Buildings\Buildings_PneumaticTubes.xml
32,Vanilla Quests Expanded - Ancients,vanillaquestsexpanded.ancients,VQEA_PneumaticTubes,pneumatic tubes,building,(none),,VQEA_AncientsBuildingBase,,,1.6\Defs\ThingDefs_Buildings\Buildings_PneumaticTubes.xml
32,Vanilla Quests Expanded - Ancients,vanillaquestsexpanded.ancients,VQEA_PneumaticTubes_Long,pneumatic tubes,building,(none),,VQEA_AncientsBuildingBase,,,1.6\Defs\ThingDefs_Buildings\Buildings_PneumaticTubes.xml
32,Vanilla Quests Expanded - Ancients,vanillaquestsexpanded.ancients,VQEA_PneumaticTubes_Triple,pneumatic tubes,building,(none),,VQEA_AncientsBuildingBase,,,1.6\Defs\ThingDefs_Buildings\Buildings_PneumaticTubes.xml
32,Vanilla Quests Expanded - Ancients,vanillaquestsexpanded.ancients,VQEA_PneumaticTubes_Corner,pneumatic tubes,building,(none),,VQEA_AncientsBuildingBase,,,1.6\Defs\ThingDefs_Buildings\Buildings_PneumaticTubes.xml
32,Vanilla Quests Expanded - Ancients,vanillaquestsexpanded.ancients,VQEA_PneumaticTubes_Underground,underground pneumatic tubes,building,(none),,VQEA_AncientsBuildingBase,,,1.6\Defs\ThingDefs_Buildings\Buildings_PneumaticTubes.xml
32,Vanilla Quests Expanded - Ancients,vanillaquestsexpanded.ancients,VQEA_PneumaticTubes_Wall,pneumatic tubes,building,(none),,VQEA_AncientsBuildingBase,,,1.6\Defs\ThingDefs_Buildings\Buildings_PneumaticTubes.xml
32,Vanilla Quests Expanded - Ancients,vanillaquestsexpanded.ancients,VQEA_PneumaticTubes_Terminus,empty pneumatic tubes terminus,building,(none),,VQEA_AncientsBuildingBase,,,1.6\Defs\ThingDefs_Buildings\Buildings_PneumaticTubes.xml
32,Vanilla Quests Expanded - Ancients,vanillaquestsexpanded.ancients,VQEA_PneumaticTubes_Terminus_Closed,closed pneumatic tubes terminus,building,(none),,VQEA_AncientsBuildingBase,,,1.6\Defs\ThingDefs_Buildings\Buildings_PneumaticTubes.xml
32,Vanilla Quests Expanded - Ancients,vanillaquestsexpanded.ancients,VQEA_AncientChemfuelGenerator,ancient chemfuel generator,building,(none),,VQEA_AncientsBuildingBase,BuildingsPower,,1.6\Defs\ThingDefs_Buildings\Buildings_Power.xml
32,Vanilla Quests Expanded - Ancients,vanillaquestsexpanded.ancients,VQEA_AncientBioBattery,ancient biobattery,building,(none),800,BuildingBase,BuildingsPower,,1.6\Defs\ThingDefs_Buildings\Buildings_Power.xml
32,Vanilla Quests Expanded - Ancients,vanillaquestsexpanded.ancients,VQEA_AncientWorkshop,ancient workshop,building,(none),650,BenchBase,BuildingsProduction,,1.6\Defs\ThingDefs_Buildings\Buildings_Production.xml
32,Vanilla Quests Expanded - Ancients,vanillaquestsexpanded.ancients,VqEA_AncientCookingStation,ancient cooking station,building,(none),450,BenchBase,BuildingsProduction,,1.6\Defs\ThingDefs_Buildings\Buildings_Production.xml
32,Vanilla Quests Expanded - Ancients,vanillaquestsexpanded.ancients,VQEA_AncientGreenbed,ancient greenbed,building,(none),180,BuildingBase,BuildingsProduction,,1.6\Defs\ThingDefs_Buildings\Buildings_Production.xml
32,Vanilla Quests Expanded - Ancients,vanillaquestsexpanded.ancients,VQEA_AncientBroadcastingStation,ancient broadcasting station,building,(none),,VQEA_AncientsBuildingBase,,,1.6\Defs\ThingDefs_Buildings\Buildings_QuestStructures.xml
32,Vanilla Quests Expanded - Ancients,vanillaquestsexpanded.ancients,VQEA_AncientBroadcastingStation_Off,disabled ancient broadcasting station,building,(none),,VQEA_AncientsBuildingBase,,,1.6\Defs\ThingDefs_Buildings\Buildings_QuestStructures.xml
32,Vanilla Quests Expanded - Ancients,vanillaquestsexpanded.ancients,VQEA_AncientVaultWall,ancient vault wall,building,(none),,VQEA_AncientsBuildingBase,,,1.6\Defs\ThingDefs_Buildings\Buildings_Structure.xml
32,Vanilla Quests Expanded - Ancients,vanillaquestsexpanded.ancients,VQEA_AncientVaultDoor,ancient vault door,building,(none),,VQEA_AncientsBuildingBaseDoor,,,1.6\Defs\ThingDefs_Buildings\Buildings_Structure.xml
32,Vanilla Quests Expanded - Ancients,vanillaquestsexpanded.ancients,VQEA_LockedAncientVaultDoor,locked ancient vault door,building,(none),,VQEA_AncientsBuildingBase,,,1.6\Defs\ThingDefs_Buildings\Buildings_Structure.xml
32,Vanilla Quests Expanded - Ancients,vanillaquestsexpanded.ancients,VQEA_AncientVaultDoor_Large,ancient large vault door,building,(none),,VQEA_AncientsBuildingBaseDoor,,,1.6\Defs\ThingDefs_Buildings\Buildings_Structure.xml
32,Vanilla Quests Expanded - Ancients,vanillaquestsexpanded.ancients,VQEA_LockedAncientVaultDoor_Large,locked ancient large vault door,building,(none),,VQEA_AncientsBuildingBase,,,1.6\Defs\ThingDefs_Buildings\Buildings_Structure.xml
32,Vanilla Quests Expanded - Ancients,vanillaquestsexpanded.ancients,VQEA_SplicelingContainment,spliceling containment,building,(none),,VQEA_TrapIEDBase,,,1.6\Defs\ThingDefs_Buildings\Buildings_Traps.xml
32,Vanilla Quests Expanded - Ancients,vanillaquestsexpanded.ancients,VQEA_SplicehulkContainment,splicehulk containment,building,(none),,VQEA_TrapIEDBase,,,1.6\Defs\ThingDefs_Buildings\Buildings_Traps.xml
32,Vanilla Quests Expanded - Ancients,vanillaquestsexpanded.ancients,VQEA_SplicefiendContainment,splicefiend containment,building,(none),,VQEA_TrapIEDBase,,,1.6\Defs\ThingDefs_Buildings\Buildings_Traps.xml
32,Vanilla Quests Expanded - Ancients,vanillaquestsexpanded.ancients,VQEA_SplicetootsContainment,splicetoots containment,building,(none),,VQEA_TrapIEDBase,,,1.6\Defs\ThingDefs_Buildings\Buildings_Traps.xml
32,Vanilla Quests Expanded - Ancients,vanillaquestsexpanded.ancients,VQEA_AncientEmergencyPurifier,ancient emergency purifier,building,(none),,VQEA_AncientsBuildingBase,,,1.6\Defs\ThingDefs_Buildings\Buildings_Traps.xml
32,Vanilla Quests Expanded - Ancients,vanillaquestsexpanded.ancients,VQEA_AncientEmergencyPurifier_Off,ancient emergency purifier,building,(none),,VQEA_AncientsBuildingBase,,,1.6\Defs\ThingDefs_Buildings\Buildings_Traps.xml
32,Vanilla Quests Expanded - Ancients,vanillaquestsexpanded.ancients,VQEA_LockedVaultDoor,sealed vault door,building,(none),,VQEA_AncientsBuildingBase,,,1.6\Defs\ThingDefs_Buildings\Buildings_VaultEntrances.xml
32,Vanilla Quests Expanded - Ancients,vanillaquestsexpanded.ancients,VQEA_VaultRamp,vault ramp,building,(none),,VQEA_AncientsBuildingBase,,,1.6\Defs\ThingDefs_Buildings\Buildings_VaultEntrances.xml
32,Vanilla Quests Expanded - Ancients,vanillaquestsexpanded.ancients,VQEA_VaultExitRamp,vault exit ramp,building,(none),,VQEA_AncientsBuildingBase,,,1.6\Defs\ThingDefs_Buildings\Buildings_VaultEntrances.xml
32,Vanilla Quests Expanded - Ancients,vanillaquestsexpanded.ancients,VQEA_Apparel_PatientGown,patient gown,apparel,Industrial,100,VQEA_ApparelBase,ApparelMisc,,1.6\Defs\ThingDefs_Misc\Apparel_Various.xml
32,Vanilla Quests Expanded - Ancients,vanillaquestsexpanded.ancients,VQEA_PawnLevitator,flying,parent:PawnFlyerBase,(none),,PawnFlyerBase,,,1.6\Defs\ThingDefs_Misc\Ethereal_Various.xml
32,Vanilla Quests Expanded - Ancients,vanillaquestsexpanded.ancients,VQEA_Filth_DriedBlood,dried-up blood,parent:BaseFilth,(none),,BaseFilth,,,1.6\Defs\ThingDefs_Misc\Filth_Various.xml
32,Vanilla Quests Expanded - Ancients,vanillaquestsexpanded.ancients,VQEA_Filth_OldDocuments,old documents,parent:BaseFilth,(none),,BaseFilth,,,1.6\Defs\ThingDefs_Misc\Filth_Various.xml
32,Vanilla Quests Expanded - Ancients,vanillaquestsexpanded.ancients,VQEA_MeleeWeapon_Scalpel,scalpel,weapon,Industrial,,BaseMeleeWeapon_Sharp_Quality,WeaponsMelee,,1.6\Defs\ThingDefs_Misc\Weapons_Various.xml
32,Vanilla Quests Expanded - Ancients,vanillaquestsexpanded.ancients,VQEA_Spliceling,spliceling,pawn,(none),10,AnimalThingBase,Animals,,1.6\Defs\ThingDefs_Races\Races_Animal_Mutants.xml
32,Vanilla Quests Expanded - Ancients,vanillaquestsexpanded.ancients,VQEA_Splicehulk,splicehulk,pawn,(none),10,AnimalThingBase,Animals,,1.6\Defs\ThingDefs_Races\Races_Animal_Mutants.xml
32,Vanilla Quests Expanded - Ancients,vanillaquestsexpanded.ancients,VQEA_Splicefiend,splicefiend,pawn,(none),10,AnimalThingBase,Animals,,1.6\Defs\ThingDefs_Races\Races_Animal_Mutants.xml
32,Vanilla Quests Expanded - Ancients,vanillaquestsexpanded.ancients,VQEA_Splicetoot,splicetoot,pawn,(none),10,AnimalThingBase,Animals,,1.6\Defs\ThingDefs_Races\Races_Animal_Mutants.xml
33,Vanilla Vehicles Expanded,oskarpotocki.vanillavehiclesexpanded,VVE_GarageCabinet,garage cabinet,building,(none),,BuildingBase,BuildingsMisc,VVE_BasicVehicles,1.6\Defs\ThingDefs_Buildings\Buildings_Misc.xml
33,Vanilla Vehicles Expanded,oskarpotocki.vanillavehiclesexpanded,VVE_RefuelingPump,refueling pump,building,(none),,BuildingBase,BuildingsMisc,BiofuelRefining,1.6\Defs\ThingDefs_Buildings\Buildings_Misc.xml
33,Vanilla Vehicles Expanded,oskarpotocki.vanillavehiclesexpanded,VVE_GarageBench,garage bench,building,(none),,BenchBase,BuildingsProduction,VVE_BasicVehicles,1.6\Defs\ThingDefs_Buildings\Buildings_Production.xml
33,Vanilla Vehicles Expanded,oskarpotocki.vanillavehiclesexpanded,VVE_TankTrap,tank trap,parent:BuildingBase,(none),,BuildingBase,,Smithing,1.6\Defs\ThingDefs_Buildings\Buildings_Security.xml
33,Vanilla Vehicles Expanded,oskarpotocki.vanillavehiclesexpanded,VVE_GarageDoor,garage door (1x4),building,(none),,VVE_GarageDoorAbstract,,VVE_BasicVehicles,1.6\Defs\ThingDefs_Buildings\Buildings_Structure.xml
33,Vanilla Vehicles Expanded,oskarpotocki.vanillavehiclesexpanded,VVE_GarageDoorOpened,garage door (1x4),building,(none),,VVE_GarageDoorBase,,VVE_BasicVehicles,1.6\Defs\ThingDefs_Buildings\Buildings_Structure.xml
33,Vanilla Vehicles Expanded,oskarpotocki.vanillavehiclesexpanded,VVE_GarageDoorLarge,garage door (1x5),building,(none),,VVE_GarageDoorBase,,VVE_BasicVehicles,1.6\Defs\ThingDefs_Buildings\Buildings_Structure.xml
33,Vanilla Vehicles Expanded,oskarpotocki.vanillavehiclesexpanded,VVE_GarageDoorLargeOpened,garage door (1x5),building,(none),,VVE_GarageDoorLargeBase,,VVE_BasicVehicles,1.6\Defs\ThingDefs_Buildings\Buildings_Structure.xml
33,Vanilla Vehicles Expanded,oskarpotocki.vanillavehiclesexpanded,VVE_GarageAutoDoor,auto garage door (1x4),building,(none),,VVE_GarageDoorAbstract,,VVE_BasicVehicles,1.6\Defs\ThingDefs_Buildings\Buildings_Structure.xml
33,Vanilla Vehicles Expanded,oskarpotocki.vanillavehiclesexpanded,VVE_GarageAutoDoorOpened,auto garage door (1x4),building,(none),,VVE_GarageAutoDoorBase,,VVE_BasicVehicles,1.6\Defs\ThingDefs_Buildings\Buildings_Structure.xml
33,Vanilla Vehicles Expanded,oskarpotocki.vanillavehiclesexpanded,VVE_GarageAutoDoorLarge,auto garage door (1x5),building,(none),,VVE_GarageAutoDoorBase,,VVE_BasicVehicles,1.6\Defs\ThingDefs_Buildings\Buildings_Structure.xml
33,Vanilla Vehicles Expanded,oskarpotocki.vanillavehiclesexpanded,VVE_GarageAutoDoorLargeOpened,auto garage door (1x5),building,(none),,VVE_GarageAutoDoorLargeBase,,VVE_BasicVehicles,1.6\Defs\ThingDefs_Buildings\Buildings_Structure.xml
33,Vanilla Vehicles Expanded,oskarpotocki.vanillavehiclesexpanded,VVE_EngineBlock,engine block,item,(none),325,VVE_CarPartBase,VVE_CarParts,VVE_BasicVehicles,1.6\Defs\ThingDefs_Items\Items_Resource_CarParts.xml
33,Vanilla Vehicles Expanded,oskarpotocki.vanillavehiclesexpanded,VVE_CarAlternator,car alternator,item,(none),95,VVE_CarPartBase,VVE_CarParts,VVE_BasicVehicles,1.6\Defs\ThingDefs_Items\Items_Resource_CarParts.xml
33,Vanilla Vehicles Expanded,oskarpotocki.vanillavehiclesexpanded,VVE_CarExhaust,car exhaust,item,(none),80,VVE_CarPartBase,VVE_CarParts,VVE_BasicVehicles,1.6\Defs\ThingDefs_Items\Items_Resource_CarParts.xml
33,Vanilla Vehicles Expanded,oskarpotocki.vanillavehiclesexpanded,VVE_CarSuspension,car suspension,item,(none),90,VVE_CarPartBase,VVE_CarParts,VVE_BasicVehicles,1.6\Defs\ThingDefs_Items\Items_Resource_CarParts.xml
33,Vanilla Vehicles Expanded,oskarpotocki.vanillavehiclesexpanded,VVE_CarWheel,car wheel,item,(none),70,VVE_CarPartBase,VVE_CarParts,VVE_BasicVehicles,1.6\Defs\ThingDefs_Items\Items_Resource_CarParts.xml
33,Vanilla Vehicles Expanded,oskarpotocki.vanillavehiclesexpanded,VVE_CarBattery,car battery,item,(none),120,VVE_CarPartBase,VVE_CarParts,Batteries,1.6\Defs\ThingDefs_Items\Items_Resource_CarParts.xml
33,Vanilla Vehicles Expanded,oskarpotocki.vanillavehiclesexpanded,VVE_CarFuelTank,car fuel tank,item,(none),95,VVE_CarPartBase,VVE_CarParts,BiofuelRefining,1.6\Defs\ThingDefs_Items\Items_Resource_CarParts.xml
33,Vanilla Vehicles Expanded,oskarpotocki.vanillavehiclesexpanded,VVE_CarTransmission,car transmission,item,(none),170,VVE_CarPartBase,VVE_CarParts,AdvancedFabrication,1.6\Defs\ThingDefs_Items\Items_Resource_CarParts.xml
33,Vanilla Vehicles Expanded,oskarpotocki.vanillavehiclesexpanded,VVE_CarRadiator,car radiator,item,(none),90,VVE_CarPartBase,VVE_CarParts,AirConditioning,1.6\Defs\ThingDefs_Items\Items_Resource_CarParts.xml
33,Vanilla Vehicles Expanded,oskarpotocki.vanillavehiclesexpanded,VVE_CarWiring,car wiring,item,(none),125,VVE_CarPartBase,VVE_CarParts,MicroelectronicsBasics,1.6\Defs\ThingDefs_Items\Items_Resource_CarParts.xml
33,Vanilla Vehicles Expanded,oskarpotocki.vanillavehiclesexpanded,Bullet_Roadkill_MainTurret,high-explosive shell,projectile,(none),,BaseBullet,,,1.6\Defs\VehicleDefs\Tier1\Roadkill\Roadkill_MainTurret.xml
33,Vanilla Vehicles Expanded,oskarpotocki.vanillavehiclesexpanded,Rocket_Scytheman_MainTurret,swarmer rocket,projectile,(none),,BaseBullet,,,1.6\Defs\VehicleDefs\Tier1\Scytheman\Scytheman_MainTurret.xml
33,Vanilla Vehicles Expanded,oskarpotocki.vanillavehiclesexpanded,Bullet_Bulldog_MainTurret,high-explosive shell,projectile,(none),,BaseBullet,,,1.6\Defs\VehicleDefs\Tier2\Bulldog\Bulldog_MainTurret.xml
34,Vanilla Weapons Expanded - Non-Lethal,vanillaexpanded.vwenl,VWENLBeamGraphic,taser beam,other,(none),,,,,1.6\Defs\Motes\VWE_Abstracts_Taser.xml
34,Vanilla Weapons Expanded - Non-Lethal,vanillaexpanded.vwenl,VWENL_TearGasCloud,tear gas,parent:VWENL_BaseGas,(none),,VWENL_BaseGas,,,1.6\Defs\ThingDefs_Misc\Grenades\Gas_Various.xml
34,Vanilla Weapons Expanded - Non-Lethal,vanillaexpanded.vwenl,VWE_TearGasGrenade,tear gas grenades,weapon,Industrial,,BaseMakeableGrenade,Grenades,VWE_NonLethal,1.6\Defs\ThingDefs_Misc\Grenades\NonLethalGrenade.xml
34,Vanilla Weapons Expanded - Non-Lethal,vanillaexpanded.vwenl,VWENL_Projectile_TearGasGrenade,tear gas grenade,projectile,(none),,BaseGrenadeProjectile,,,1.6\Defs\ThingDefs_Misc\Grenades\NonLethalGrenade.xml
34,Vanilla Weapons Expanded - Non-Lethal,vanillaexpanded.vwenl,VWE_Bullet_Taser,taser shot,class:LaserBeamDef,(none),,VWENL_Bullet_TaserGeneric,,,1.6\Defs\ThingDefs_Misc\VWE_Weapons_Ranged_NonLethal.xml
34,Vanilla Weapons Expanded - Non-Lethal,vanillaexpanded.vwenl,VWE_Gun_Taser,taser gun,weapon,Industrial,800,BaseHumanMakeableGun,WeaponsRanged,VWE_NonLethal,1.6\Defs\ThingDefs_Misc\VWE_Weapons_Ranged_NonLethal.xml
34,Vanilla Weapons Expanded - Non-Lethal,vanillaexpanded.vwenl,VWE_Gun_RubberBulletPistol,non-lethal pistol,weapon,Industrial,,BaseHumanMakeableGun,WeaponsRanged,VWE_NonLethal,1.6\Defs\ThingDefs_Misc\VWE_Weapons_Ranged_NonLethal.xml
34,Vanilla Weapons Expanded - Non-Lethal,vanillaexpanded.vwenl,VWE_Bullet_RubberPistol,rubber bullet,projectile,(none),,BaseBullet,,,1.6\Defs\ThingDefs_Misc\VWE_Weapons_Ranged_NonLethal.xml
34,Vanilla Weapons Expanded - Non-Lethal,vanillaexpanded.vwenl,VWE_Gun_DartGun,dart gun,weapon,Industrial,,BaseHumanMakeableGun,WeaponsRanged,VWE_NonLethal,1.6\Defs\ThingDefs_Misc\VWE_Weapons_Ranged_NonLethal.xml
34,Vanilla Weapons Expanded - Non-Lethal,vanillaexpanded.vwenl,VWE_Bullet_DartGun,tranquilizer dart,projectile,(none),,BaseBullet,,,1.6\Defs\ThingDefs_Misc\VWE_Weapons_Ranged_NonLethal.xml
34,Vanilla Weapons Expanded - Non-Lethal,vanillaexpanded.vwenl,VWE_Gun_TearGasLauncher,tear gas launcher,weapon,Industrial,,BaseHumanMakeableGun,WeaponsRanged,VWE_NonLethal,1.6\Defs\ThingDefs_Misc\VWE_Weapons_Ranged_NonLethal.xml
34,Vanilla Weapons Expanded - Non-Lethal,vanillaexpanded.vwenl,VWE_MeleeWeapon_StunBaton,stun baton,weapon,Industrial,,BaseWeapon,WeaponsMelee,VWE_NonLethal,1.6\Defs\ThingDefs_Misc\VWE_Weapons_Ranged_NonLethal.xml
36,Vanilla Races Expanded - Sanguophage,vanillaracesexpanded.sanguophage,VRE_PsychofluidWell,psychofluid well,building,(none),,DeathrestBuildingBase,BuildingsMisc,Deathrest,1.6\Mods\Royalty\Defs\ThingDefs_Buildings\Buildings_Deathrest_Royalty.xml
36,Vanilla Races Expanded - Sanguophage,vanillaracesexpanded.sanguophage,VRE_HemogenPipe,hemogen pipe,building,(none),,BuildingBase,,Deathrest,1.6\Defs\NetDefs\BloodNet.xml
36,Vanilla Races Expanded - Sanguophage,vanillaracesexpanded.sanguophage,VRE_UndergroundHemogenPipe,hidden hemogen pipe,building,(none),,BuildingBase,,Deathrest,1.6\Defs\NetDefs\BloodNet.xml
36,Vanilla Races Expanded - Sanguophage,vanillaracesexpanded.sanguophage,VRE_HemogenValve,hemogen valve,building,(none),,BuildingBase,,Deathrest,1.6\Defs\NetDefs\BloodNet.xml
36,Vanilla Races Expanded - Sanguophage,vanillaracesexpanded.sanguophage,VRE_HemogenVat,hemogen vat,parent:BuildingBase,(none),,BuildingBase,,Deathrest,1.6\Defs\NetDefs\BloodNet.xml
36,Vanilla Races Expanded - Sanguophage,vanillaracesexpanded.sanguophage,VRE_HemogenTap,hemogen tap,building,(none),,FurnitureBase,BuildingsFurniture,Deathrest,1.6\Defs\NetDefs\BloodNet.xml
36,Vanilla Races Expanded - Sanguophage,vanillaracesexpanded.sanguophage,VRE_HemogenDrain,hemogen drain,building,(none),,FurnitureBase,BuildingsFurniture,Deathrest,1.6\Defs\NetDefs\BloodNet.xml
36,Vanilla Races Expanded - Sanguophage,vanillaracesexpanded.sanguophage,VRE_Draincasket,draincasket,building,(none),,BuildingBase,,Deathrest,1.6\Defs\NetDefs\BloodNet.xml
36,Vanilla Races Expanded - Sanguophage,vanillaracesexpanded.sanguophage,VRE_InvocationMatrix,invocation matrix,building,(none),,DeathrestBuildingBase,BuildingsMisc,Deathrest,1.6\Defs\ThingDefs_Buildings\Buildings_Deathrest.xml
36,Vanilla Races Expanded - Sanguophage,vanillaracesexpanded.sanguophage,VRE_HemodynamicAccelerator,hemodynamic accelerator,building,(none),,DeathrestBuildingBase,BuildingsMisc,Deathrest,1.6\Defs\ThingDefs_Buildings\Buildings_Deathrest.xml
36,Vanilla Races Expanded - Sanguophage,vanillaracesexpanded.sanguophage,VRE_HemogenSolidifier,hemogen solidifier,building,(none),,DeathrestBuildingBase,BuildingsMisc,Deathrest,1.6\Defs\ThingDefs_Buildings\Buildings_Deathrest.xml
36,Vanilla Races Expanded - Sanguophage,vanillaracesexpanded.sanguophage,VRE_SmallHemogenAmplifier,small hemogen amplifier,building,(none),,DeathrestBuildingBase,BuildingsMisc,Deathrest,1.6\Defs\ThingDefs_Buildings\Buildings_Deathrest.xml
36,Vanilla Races Expanded - Sanguophage,vanillaracesexpanded.sanguophage,VRE_SmallHemopump,small hemopump,building,(none),,DeathrestBuildingBase,BuildingsMisc,Deathrest,1.6\Defs\ThingDefs_Buildings\Buildings_Deathrest.xml
36,Vanilla Races Expanded - Sanguophage,vanillaracesexpanded.sanguophage,VRE_HemogenPack_Animal,hemogen pack (animal),food/drug,(none),5,,Foods,,1.6\Defs\ThingDefs_Items\Items_Food.xml
36,Vanilla Races Expanded - Sanguophage,vanillaracesexpanded.sanguophage,VRE_HemogenPack_Corpse,hemogen pack (corpse),food/drug,(none),5,,Foods,,1.6\Defs\ThingDefs_Items\Items_Food.xml
36,Vanilla Races Expanded - Sanguophage,vanillaracesexpanded.sanguophage,VRE_HemogenPack_Sanguophage,hemogen pack (sanguophage),food/drug,(none),5,,Foods,,1.6\Defs\ThingDefs_Items\Items_Food.xml
36,Vanilla Races Expanded - Sanguophage,vanillaracesexpanded.sanguophage,VRE_FilthGoo,viscuous goo,parent:BaseFilth,(none),,BaseFilth,,,1.6\Defs\ThingDefs_Misc\Filth_Various.xml
36,Vanilla Races Expanded - Sanguophage,vanillaracesexpanded.sanguophage,VRE_Proj_Goo,goo,projectile,(none),,,,,1.6\Defs\ThingDefs_Misc\Projectiles.xml
37,Vanilla Races Expanded - Waster,vanillaracesexpanded.waster,VRE_BurnBarrel,burn barrel,parent:BuildingBase,(none),,BuildingBase,,ToxGas,1.6\Defs\ThingDefs_Buildings\Buildings_Furniture.xml
38,Vanilla Races Expanded - Saurid,vanillaracesexpanded.saurid,VRESaurids_HumanEgg,human egg (fert.),food/drug,(none),100,,EggsFertilized,,1.6\Defs\ThingDefs_Items\ItemDef_HumanEgg.xml
39,Vanilla Factions Expanded - Settlers,oskarpotocki.vanillafactionsexpanded.settlersmodule,Chemshine,chemshine,food/drug,Neolithic,10,DrugBase,Drugs,,1.6\Defs\Drugs\Alcohol_Chemshine.xml
39,Vanilla Factions Expanded - Settlers,oskarpotocki.vanillafactionsexpanded.settlersmodule,ChemBoiler,chemboiler,item,(none),,BuildingBase,BuildingsTemperature,ComplexFurniture,1.6\Defs\ThingDefs_Buildings\ChemBoiler.xml
39,Vanilla Factions Expanded - Settlers,oskarpotocki.vanillafactionsexpanded.settlersmodule,Chemlamp,chemlamp,building,(none),,BuildingBase,BuildingsFurniture,ComplexFurniture,1.6\Defs\ThingDefs_Buildings\Chemlamp.xml
39,Vanilla Factions Expanded - Settlers,oskarpotocki.vanillafactionsexpanded.settlersmodule,ChemlampPost,chemlamp post,building,(none),,BuildingBase,BuildingsFurniture,ComplexFurniture,1.6\Defs\ThingDefs_Buildings\ChemlampPost.xml
39,Vanilla Factions Expanded - Settlers,oskarpotocki.vanillafactionsexpanded.settlersmodule,Building_ChemshineBarrel,chemshine barrel,item,(none),,BuildingBase,BuildingsProduction,BiofuelRefining,1.6\Defs\ThingDefs_Buildings\ChemshineBarrel.xml
39,Vanilla Factions Expanded - Settlers,oskarpotocki.vanillafactionsexpanded.settlersmodule,DoorSaloon,saloon door,building,(none),,DoorBase,,,1.6\Defs\ThingDefs_Buildings\DoorSaloon.xml
39,Vanilla Factions Expanded - Settlers,oskarpotocki.vanillafactionsexpanded.settlersmodule,Post,post,building,(none),,BuildingBase,,,1.6\Defs\ThingDefs_Buildings\Post.xml
39,Vanilla Factions Expanded - Settlers,oskarpotocki.vanillafactionsexpanded.settlersmodule,StoolBar,bar stool,building,(none),,FurnitureWithQualityBase,BuildingsFurniture,ComplexFurniture,1.6\Defs\ThingDefs_Buildings\StoolBar.xml
39,Vanilla Factions Expanded - Settlers,oskarpotocki.vanillafactionsexpanded.settlersmodule,TableCircular,circular table,building,(none),,TableGatherSpotBase,BuildingsFurniture,,1.6\Defs\ThingDefs_Buildings\TableCircular.xml
39,Vanilla Factions Expanded - Settlers,oskarpotocki.vanillafactionsexpanded.settlersmodule,TableFaro,faro table,building,(none),,FurnitureWithQualityBase,BuildingsFurniture,ComplexFurniture,1.6\Defs\ThingDefs_Buildings\TableFaro.xml
39,Vanilla Factions Expanded - Settlers,oskarpotocki.vanillafactionsexpanded.settlersmodule,TableFiveFingerFilet,five finger fillet table,building,(none),,FurnitureWithQualityBase,BuildingsFurniture,ComplexFurniture,1.6\Defs\ThingDefs_Buildings\TableFiveFingerFilet.xml
39,Vanilla Factions Expanded - Settlers,oskarpotocki.vanillafactionsexpanded.settlersmodule,Mote_HoldingKnife,Mote,mote,(none),,MoteBase,,,1.6\Defs\ThingDefs_Buildings\TableFiveFingerFilet.xml
39,Vanilla Factions Expanded - Settlers,oskarpotocki.vanillafactionsexpanded.settlersmodule,Gun_GatlingGun,gatling gun,weapon,(none),,BaseWeaponTurret,,,1.6\Defs\ThingDefs_Buildings\TurretGatlingGun.xml
39,Vanilla Factions Expanded - Settlers,oskarpotocki.vanillafactionsexpanded.settlersmodule,Bullet_GatlingGun,gattling bullet,projectile,(none),,BaseBullet,,,1.6\Defs\ThingDefs_Buildings\TurretGatlingGun.xml
39,Vanilla Factions Expanded - Settlers,oskarpotocki.vanillafactionsexpanded.settlersmodule,Turret_GatlingGun,gatling gun turret,building,(none),,BuildingBase,BuildingsSecurity,Gunsmithing,1.6\Defs\ThingDefs_Buildings\TurretGatlingGun.xml
39,Vanilla Factions Expanded - Settlers,oskarpotocki.vanillafactionsexpanded.settlersmodule,Windmill,windmill,building,(none),,BuildingBase,,Electricity,1.6\Defs\ThingDefs_Buildings\Windmill.xml
39,Vanilla Factions Expanded - Settlers,oskarpotocki.vanillafactionsexpanded.settlersmodule,VFES_Headgear_Bandana,bandana,apparel,Industrial,,HatMakeableBase,Headgear,ComplexClothing,1.6\Defs\ThingDefs_Misc\Apparel_Headgear.xml
39,Vanilla Factions Expanded - Settlers,oskarpotocki.vanillafactionsexpanded.settlersmodule,VFES_Headgear_Sombrero,sombrero,apparel,Industrial,,HatMakeableBase,Headgear,ComplexClothing,1.6\Defs\ThingDefs_Misc\Apparel_Headgear.xml
39,Vanilla Factions Expanded - Settlers,oskarpotocki.vanillafactionsexpanded.settlersmodule,VFES_Headgear_FlatCap,flat cap,apparel,Industrial,,HatMakeableBase,Headgear,ComplexClothing,1.6\Defs\ThingDefs_Misc\Apparel_Headgear.xml
39,Vanilla Factions Expanded - Settlers,oskarpotocki.vanillafactionsexpanded.settlersmodule,Apparel_Vest,vest,apparel,Medieval,,ApparelMakeableBase,Apparel,ComplexClothing,1.6\Defs\ThingDefs_Misc\Apparel_Various.xml
39,Vanilla Factions Expanded - Settlers,oskarpotocki.vanillafactionsexpanded.settlersmodule,Apparel_GreatDress,great dress,apparel,Medieval,,ApparelMakeableBase,Apparel,ComplexClothing,1.6\Defs\ThingDefs_Misc\Apparel_Various.xml
39,Vanilla Factions Expanded - Settlers,oskarpotocki.vanillafactionsexpanded.settlersmodule,VFES_Gun_DoubleActionRevolver,double-action revolver,weapon,Industrial,,BaseHumanMakeableGun,WeaponsRanged,Gunsmithing,1.6\Defs\ThingDefs_Misc\Weapons\RangedIndustrial.xml
39,Vanilla Factions Expanded - Settlers,oskarpotocki.vanillafactionsexpanded.settlersmodule,VFES_Gun_DoubleBarreledShotgun,double-barreled shotgun,weapon,Industrial,,BaseHumanMakeableGun,WeaponsRanged,Gunsmithing,1.6\Defs\ThingDefs_Misc\Weapons\RangedIndustrial.xml
39,Vanilla Factions Expanded - Settlers,oskarpotocki.vanillafactionsexpanded.settlersmodule,VFES_Gun_HuntingRifle,hunting rifle,weapon,Industrial,,BaseHumanMakeableGun,WeaponsRanged,Gunsmithing,1.6\Defs\ThingDefs_Misc\Weapons\RangedIndustrial.xml
39,Vanilla Factions Expanded - Settlers,oskarpotocki.vanillafactionsexpanded.settlersmodule,VFES_Weapon_GrenadeDynamite,dynamite,weapon,Industrial,,BaseMakeableGrenade,Grenades,,1.6\Defs\ThingDefs_Misc\Weapons\RangedIndustrialGrenades.xml
39,Vanilla Factions Expanded - Settlers,oskarpotocki.vanillafactionsexpanded.settlersmodule,VFES_Proj_Dynamite,frag grenade,projectile,(none),,BaseGrenadeProjectile,,,1.6\Defs\ThingDefs_Misc\Weapons\RangedIndustrialGrenades.xml
39,Vanilla Factions Expanded - Settlers,oskarpotocki.vanillafactionsexpanded.settlersmodule,VFES_Tomahawk,tomahawk,weapon,Neolithic,,BaseWeaponNeolithic,WeaponsRanged,Smithing,1.6\Defs\ThingDefs_Misc\Weapons\RangedMedieval.xml
39,Vanilla Factions Expanded - Settlers,oskarpotocki.vanillafactionsexpanded.settlersmodule,VFES_Tomahawk_Thrown,throwing tomahawk,projectile,(none),,BaseProjectileNeolithic,,,1.6\Defs\ThingDefs_Misc\Weapons\RangedMedieval.xml
39,Vanilla Factions Expanded - Settlers,oskarpotocki.vanillafactionsexpanded.settlersmodule,Plant_Chemroot,chemroot,plant,(none),,PlantBase,Plants,,1.6\Defs\ThingDefs_Plants\Chemroot.xml
40,Ushankas Glittertech Expansion,ushanka.glittertechexpansion,USH_Turret_ADP,ADP chain pylon,building,(none),,BuildingBase,,USH_NeuromodifiersBasicsRes;USH_HeavyGlittertechRes,1.6\Defs\Buildings\ADPPylon.xml
40,Ushankas Glittertech Expansion,ushanka.glittertechexpansion,USH_Gun_ADPTurret,ADP pylon core,weapon,(none),,BaseWeaponTurret,,,1.6\Defs\Buildings\ADPPylon.xml
40,Ushankas Glittertech Expansion,ushanka.glittertechexpansion,USH_ADP_ChainBolt,ADP chain bolt,projectile,(none),,BaseBullet,,,1.6\Defs\Buildings\ADPPylon.xml
40,Ushankas Glittertech Expansion,ushanka.glittertechexpansion,USH_GlittercrateIncoming,glitterworld crate (incoming),parent:SkyfallerBase,(none),,SkyfallerBase,,,1.6\Defs\Buildings\Glittercrate.xml
40,Ushankas Glittertech Expansion,ushanka.glittertechexpansion,USH_Glittercrate,glitterworld crate,building,(none),,CrateBase,,,1.6\Defs\Buildings\Glittercrate.xml
40,Ushankas Glittertech Expansion,ushanka.glittertechexpansion,USH_DarkGlitterpanel,dark glitterpanel,item,(none),,USH_GlitterpanelBase,BuildingsMisc,USH_DarkGlitterpanelsRes,1.6\Defs\Buildings\Glitterpanels.xml
40,Ushankas Glittertech Expansion,ushanka.glittertechexpansion,USH_LightGlitterpanel,light glitterpanel,item,(none),,USH_GlitterpanelBase,BuildingsMisc,USH_LightGlitterpanelsRes,1.6\Defs\Buildings\Glitterpanels.xml
40,Ushankas Glittertech Expansion,ushanka.glittertechexpansion,USH_FabricsGlitterpanel,fabrics glitterpanel,item,(none),,USH_GlitterpanelBase,BuildingsMisc,USH_GlittertechUtilitiesRes,1.6\Defs\Buildings\Glitterpanels.xml
40,Ushankas Glittertech Expansion,ushanka.glittertechexpansion,USH_NeuralGlitterpanel,neural glitterpanel,item,(none),,USH_GlitterpanelBase,BuildingsMisc,USH_ResurrectorRes,1.6\Defs\Buildings\Glitterpanels.xml
40,Ushankas Glittertech Expansion,ushanka.glittertechexpansion,USH_AwareGlitterpanel,Aware glitterpanel,item,(none),,USH_GlitterpanelBase,BuildingsMisc,USH_SkinRes,1.6\Defs\Buildings\Glitterpanels.xml
40,Ushankas Glittertech Expansion,ushanka.glittertechexpansion,USH_GlittershipChunkIncoming,glitterworld debris (incoming),parent:SkyfallerBase,(none),,SkyfallerBase,,,1.6\Defs\Buildings\GlittershipChunk.xml
40,Ushankas Glittertech Expansion,ushanka.glittertechexpansion,USH_GlittershipChunk,glitterworld debris,building,(none),,BuildingBase,,,1.6\Defs\Buildings\GlittershipChunk.xml
40,Ushankas Glittertech Expansion,ushanka.glittertechexpansion,USH_GlittertechRepairer,glittertech repairer,building,(none),,BuildingBase,BuildingsSecurity,USH_MolecularDisassemblerRes,1.6\Defs\Buildings\GlittertechRepairer.xml
40,Ushankas Glittertech Expansion,ushanka.glittertechexpansion,USH_GlittertechTargeter,orbital targeter,building,(none),,BuildingBase,,USH_HeavyGlittertechRes,1.6\Defs\Buildings\GlittertechTargeter.xml
40,Ushankas Glittertech Expansion,ushanka.glittertechexpansion,USH_TargeterDish,orbital targeter dish,weapon,(none),,BaseWeaponTurret,,,1.6\Defs\Buildings\GlittertechTargeter.xml
40,Ushankas Glittertech Expansion,ushanka.glittertechexpansion,USH_GlittertechFabricator,glittertech fabricator,building,(none),,BenchBase,BuildingsProduction,USH_GlittertechFabrication,1.6\Defs\Buildings\GlitterworldFabricator.xml
40,Ushankas Glittertech Expansion,ushanka.glittertechexpansion,USH_MemoryPylon,memory pylon,item,(none),,BuildingBase,BuildingsJoy,USH_DeepMindScanningRes,1.6\Defs\Buildings\MemoryPylon.xml
40,Ushankas Glittertech Expansion,ushanka.glittertechexpansion,USH_MolecularDisassembler,molecular disassembler,building,(none),,BenchBase,BuildingsProduction,USH_MolecularDisassemblerRes,1.6\Defs\Buildings\MolecularDisassembler.xml
40,Ushankas Glittertech Expansion,ushanka.glittertechexpansion,USH_NeuroclearConsole,Neuroclear console,item,(none),,BuildingBase,BuildingsMisc,USH_NeuromodifiersBasicsRes,1.6\Defs\Buildings\NeuroclearConsole.xml
40,Ushankas Glittertech Expansion,ushanka.glittertechexpansion,USH_NeutroamineExtractor,neutroamine extractor,building,(none),,BenchBase,BuildingsProduction,USH_GlittertechUtilitiesRes,1.6\Defs\Buildings\NeutroamineExtractor.xml
40,Ushankas Glittertech Expansion,ushanka.glittertechexpansion,USH_ResearchProbe,research probe,item,(none),,BuildingBase,BuildingsMisc,USH_GlittertechUtilitiesRes,1.6\Defs\Buildings\ResearchProbe.xml
40,Ushankas Glittertech Expansion,ushanka.glittertechexpansion,USH_SolarFlareBank,solar flare bank,parent:BuildingBase,(none),,BuildingBase,,USH_HeavyGlittertechRes,1.6\Defs\Buildings\SolarFlareBank.xml
40,Ushankas Glittertech Expansion,ushanka.glittertechexpansion,USH_Telepad,telepad,building,(none),,BuildingBase,BuildingsMisc,USH_TelepadRes,1.6\Defs\Buildings\Telepad.xml
40,Ushankas Glittertech Expansion,ushanka.glittertechexpansion,USH_TrapIED_ADP,IED ADP trap,building,(none),,TrapIEDBase,BuildingsSecurity,USH_NeuromodifiersBasicsRes,1.6\Defs\Buildings\TrapIEDADP.xml
40,Ushankas Glittertech Expansion,ushanka.glittertechexpansion,USH_Shell_ADP,ADP shell,item,Industrial,355,ShellBase,MortarShells,,1.6\Defs\Items\ADPShell.xml
40,Ushankas Glittertech Expansion,ushanka.glittertechexpansion,USH_Bullet_Shell_ADP,ADP shell,projectile,(none),,BaseBullet,,,1.6\Defs\Items\ADPShell.xml
40,Ushankas Glittertech Expansion,ushanka.glittertechexpansion,USH_AddictionRemover,addiction remover,food/drug,Ultra,,DrugBase,Drugs,,1.6\Defs\Items\AddictionRemover.xml
40,Ushankas Glittertech Expansion,ushanka.glittertechexpansion,USH_UnfinishedHealthItemGlitter,unfinished glittertech body part,item,(none),,UnfinishedBase,Unfinished,,1.6\Defs\Items\BodyParts\Bases.xml
40,Ushankas Glittertech Expansion,ushanka.glittertechexpansion,USH_CryogenicNexus,cryogenic nexus,bodypart,Ultra,,USH_GlittertechBodyPartBase,BodyPartsUltra,,1.6\Defs\Items\BodyParts\CryogenicNexus.xml
40,Ushankas Glittertech Expansion,ushanka.glittertechexpansion,USH_Glitterlink,glitterlink,bodypart,Ultra,,USH_GlittertechBodyPartBase,BodyPartsUltra,USH_SkinRes,1.6\Defs\Items\BodyParts\Glitterlink.xml
40,Ushankas Glittertech Expansion,ushanka.glittertechexpansion,USH_GoldenSkinReplacement,golden skin replacement,bodypart,Ultra,,USH_GlittertechBodyPartBase,BodyPartsUltra,USH_SkinRes,1.6\Defs\Items\BodyParts\GoldenSkinReplacement.xml
40,Ushankas Glittertech Expansion,ushanka.glittertechexpansion,USH_GoldenTeethReplacement,golden teeth replacement,bodypart,Ultra,,USH_GlittertechBodyPartBase,BodyPartsUltra,USH_TeethRes,1.6\Defs\Items\BodyParts\GoldenTeethReplacement.xml
40,Ushankas Glittertech Expansion,ushanka.glittertechexpansion,USH_MemoryProjector,memory projector,bodypart,Ultra,,USH_GlittertechBodyPartBase,BodyPartsUltra,,1.6\Defs\Items\BodyParts\MemoryProjector.xml
40,Ushankas Glittertech Expansion,ushanka.glittertechexpansion,USH_PlasteelSkinReplacement,plasteel skin replacement,bodypart,Ultra,,USH_GlittertechBodyPartBase,BodyPartsUltra,USH_SkinRes,1.6\Defs\Items\BodyParts\PlasteelSkinReplacement.xml
40,Ushankas Glittertech Expansion,ushanka.glittertechexpansion,USH_PlasteelTeethReplacement,plasteel teeth replacement,bodypart,Ultra,,USH_GlittertechBodyPartBase,BodyPartsUltra,USH_TeethRes,1.6\Defs\Items\BodyParts\PlasteelTeethReplacement.xml
40,Ushankas Glittertech Expansion,ushanka.glittertechexpansion,USH_TelepadIntegrator,telepad integrator,bodypart,Ultra,,USH_GlittertechBodyPartBase,BodyPartsUltra,USH_TelepadRes,1.6\Defs\Items\BodyParts\TelepadIntegrator.xml
40,Ushankas Glittertech Expansion,ushanka.glittertechexpansion,USH_GammaSerum,gamma serum,food/drug,Ultra,,DrugBase,Drugs,,1.6\Defs\Items\GammaSerum.xml
40,Ushankas Glittertech Expansion,ushanka.glittertechexpansion,USH_Glittercore,glittercore,item,(none),380,ResourceBase,Manufactured,,1.6\Defs\Items\Glittercore.xml
40,Ushankas Glittertech Expansion,ushanka.glittertechexpansion,USH_Glitterheart,glitterheart,item,(none),1200,ResourceBase,Manufactured,,1.6\Defs\Items\Glitterheart.xml
40,Ushankas Glittertech Expansion,ushanka.glittertechexpansion,USH_MemoryCellEmpty,memory cell (empty),item,Ultra,,ResourceBase,ItemsMisc,,1.6\Defs\Items\MemoryCellEmpty.xml
40,Ushankas Glittertech Expansion,ushanka.glittertechexpansion,USH_MemoryCellPositive,memory cell,parent:USH_MemoryCellBase,Ultra,,USH_MemoryCellBase,,,1.6\Defs\Items\MemoryCells.xml
40,Ushankas Glittertech Expansion,ushanka.glittertechexpansion,USH_MemoryCellNegative,memory cell,parent:USH_MemoryCellBase,Ultra,,USH_MemoryCellBase,,,1.6\Defs\Items\MemoryCells.xml
40,Ushankas Glittertech Expansion,ushanka.glittertechexpansion,USH_PhilosophersStone,philosopher's stone,item,(none),,ResourceBase,Manufactured,,1.6\Defs\Items\PhilosophersStone.xml
40,Ushankas Glittertech Expansion,ushanka.glittertechexpansion,USH_PowerStored,power stored,other,(none),,,,,1.6\Defs\Items\PowerStored.xml
40,Ushankas Glittertech Expansion,ushanka.glittertechexpansion,USH_Shimmertalk,shimmertalk,food/drug,Ultra,,DrugPillBase,Drugs,,1.6\Defs\Items\Shimmertalk.xml
40,Ushankas Glittertech Expansion,ushanka.glittertechexpansion,USH_UpgradeDamage,upgrade lens (power),item,(none),,USH_UpgradeBase,Manufactured,,1.6\Defs\Items\UpgradeLenses.xml
40,Ushankas Glittertech Expansion,ushanka.glittertechexpansion,USH_UpgradeRange,upgrade lens (spotting),item,(none),,USH_UpgradeBase,Manufactured,,1.6\Defs\Items\UpgradeLenses.xml
40,Ushankas Glittertech Expansion,ushanka.glittertechexpansion,USH_UpgradeSpeed,upgrade lens (quickdraw),item,(none),,USH_UpgradeBase,Manufactured,,1.6\Defs\Items\UpgradeLenses.xml
40,Ushankas Glittertech Expansion,ushanka.glittertechexpansion,USH_UpgradeStability,upgrade lens (stability),item,(none),,USH_UpgradeBase,Manufactured,,1.6\Defs\Items\UpgradeLenses.xml
40,Ushankas Glittertech Expansion,ushanka.glittertechexpansion,USH_UpgradeArmor,upgrade lens (piercing),item,(none),,USH_UpgradeBase,Manufactured,,1.6\Defs\Items\UpgradeLenses.xml
41,TechBlock,fridgebaron.techblock,TB_BlockBench,Technological Understanding,building,(none),,BenchBase,BuildingsProduction,,Defs\ThingDefs_Buildings\Buildings_Impossible.xml
42,Replace Stuff - Continued,memegoddess.replacestuff,Cooler_Over,over-wall cooler,building,(none),,Cooler,,,1.6\Defs\OverWallCoolerVent.xml
42,Replace Stuff - Continued,memegoddess.replacestuff,Cooler_Over2W,over-wall cooler (wide),building,(none),,Cooler_Over,,,1.6\Defs\OverWallCoolerVent.xml
42,Replace Stuff - Continued,memegoddess.replacestuff,Vent_Over,over-wall vent,building,(none),,Vent,,,1.6\Defs\OverWallCoolerVent.xml
42,Replace Stuff - Continued,memegoddess.replacestuff,Vent_Over2W,over-wall vent (wide),building,(none),,Vent_Over,,,1.6\Defs\OverWallCoolerVent.xml
45,Vanilla Gravship Expanded - Chapter 1,vanillaexpanded.gravship,VGE_OperatorSubpersonaCore,operator subpersona core,item,(none),,GravshipComponentBase,BuildingsMisc,VGE_GravshipWeaponry;HighMechtech,1.6\Mods\Biotech\Defs\ThingDefs_Buildings\Buildings_Biotech.xml
45,Vanilla Gravship Expanded - Chapter 1,vanillaexpanded.gravship,VGE_GravshipBasicRecharger,compact mech recharger,building,(none),,VGE_GravshipBaseMechCharger,,BasicMechtech,1.6\Mods\Biotech\Defs\ThingDefs_Buildings\Buildings_Biotech.xml
45,Vanilla Gravship Expanded - Chapter 1,vanillaexpanded.gravship,VGE_GravshipStandardRecharger,compact large mech recharger,building,(none),,VGE_GravshipBaseMechCharger,,StandardMechtech,1.6\Mods\Biotech\Defs\ThingDefs_Buildings\Buildings_Biotech.xml
45,Vanilla Gravship Expanded - Chapter 1,vanillaexpanded.gravship,VGE_CompactGeneBank,compact gene bank,building,(none),,GeneBuildingBase,BuildingsProduction,VGE_CompactWorkspaces,1.6\Mods\Biotech\Defs\ThingDefs_Buildings\Buildings_Biotech.xml
45,Vanilla Gravship Expanded - Chapter 1,vanillaexpanded.gravship,VGE_Astronaut,astronaut,pawn,(none),800,LightMechanoid,,,1.6\Mods\Biotech\Defs\ThingDefs_RacesMechanoids\Races_Astronaut.xml
45,Vanilla Gravship Expanded - Chapter 1,vanillaexpanded.gravship,VGE_EngineeringCommand_Mote,Mote,mote,(none),,MoteBase,,,1.6\Mods\Ideology\Defs\HediffDefs\Hediffs_Casts.xml
45,Vanilla Gravship Expanded - Chapter 1,vanillaexpanded.gravship,VGE_EngineeringCommand_LinkLine,Mote,mote,(none),,MoteBase,,,1.6\Mods\Ideology\Defs\HediffDefs\Hediffs_Casts.xml
45,Vanilla Gravship Expanded - Chapter 1,vanillaexpanded.gravship,VGE_CompactBiosculpterPod,compact biosculpter pod,building,(none),,BuildingBase,BuildingsMisc,VGE_CompactWorkspaces;Biosculpting,1.6\Mods\Ideology\Defs\ThingDefs_Buildings\Buildings_Ideology.xml
45,Vanilla Gravship Expanded - Chapter 1,vanillaexpanded.gravship,VGE_Apparel_Vacsuit_Prestige,prestige vacsuit,apparel,Spacer,840,ApparelBase,ApparelArmor,VGE_OxygenNetwork,1.6\Mods\Royalty\Defs\ThingDefs_Misc\Apparel_Royal.xml
45,Vanilla Gravship Expanded - Chapter 1,vanillaexpanded.gravship,VGE_Apparel_VacsuitHelmet_Prestige,prestige vacsuit helmet,apparel,Spacer,420,ArmorHelmetMakeableBase,ArmorHeadgear,VGE_OxygenNetwork,1.6\Mods\Royalty\Defs\ThingDefs_Misc\Apparel_Royal.xml
45,Vanilla Gravship Expanded - Chapter 1,vanillaexpanded.gravship,VGE_OxygenMote,Mote,mote,(none),,MoteBase,,,1.6\Defs\Effects\Motes_Visual.xml
45,Vanilla Gravship Expanded - Chapter 1,vanillaexpanded.gravship,VGE_AstrofuelPipe,astrofuel pipe,building,(none),,BuildingBase,,BasicGravtech,1.6\Defs\NetDefs\AstrofuelNet.xml
45,Vanilla Gravship Expanded - Chapter 1,vanillaexpanded.gravship,VGE_HiddenAstrofuelPipe,hidden astrofuel pipe,building,(none),8,BuildingBase,,StandardGravtech,1.6\Defs\NetDefs\AstrofuelNet.xml
45,Vanilla Gravship Expanded - Chapter 1,vanillaexpanded.gravship,VGE_AstrofuelValve,astrofuel valve,building,(none),,BuildingBase,,BasicGravtech,1.6\Defs\NetDefs\AstrofuelNet.xml
45,Vanilla Gravship Expanded - Chapter 1,vanillaexpanded.gravship,VGE_GiantAstrofuelTank,giant astrofuel tank,building,(none),,FuelTankBase,BuildingsMisc,VGE_AstrofuelRefining,1.6\Defs\NetDefs\AstrofuelNet.xml
45,Vanilla Gravship Expanded - Chapter 1,vanillaexpanded.gravship,VGE_AstrofuelTap,astrofuel tap,building,(none),,GravshipComponentBase,BuildingsMisc,BasicGravtech,1.6\Defs\NetDefs\AstrofuelNet.xml
45,Vanilla Gravship Expanded - Chapter 1,vanillaexpanded.gravship,VGE_AstrofuelDrain,astrofuel drain,building,(none),,GravshipComponentBase,BuildingsMisc,BasicGravtech,1.6\Defs\NetDefs\AstrofuelNet.xml
45,Vanilla Gravship Expanded - Chapter 1,vanillaexpanded.gravship,VGE_AstrofuelGenerator,astrofuel generator,building,(none),,GravshipComponentBase,BuildingsMisc,VGE_GravshipPower,1.6\Defs\NetDefs\AstrofuelNet.xml
45,Vanilla Gravship Expanded - Chapter 1,vanillaexpanded.gravship,VGE_IndustrialAstrofuelGenerator,industrial astrofuel generator,building,(none),,GravshipComponentBase,BuildingsMisc,VGE_AstrofuelRefining,1.6\Defs\NetDefs\AstrofuelNet.xml
45,Vanilla Gravship Expanded - Chapter 1,vanillaexpanded.gravship,VGE_AstrofuelSynthesizer,astrofuel synthesizer,building,(none),,GravshipComponentBase,BuildingsMisc,VGE_AstrofuelRefining,1.6\Defs\NetDefs\AstrofuelNet.xml
45,Vanilla Gravship Expanded - Chapter 1,vanillaexpanded.gravship,VGE_Astropurifier,astropurifier,building,(none),,GravshipComponentBase,BuildingsMisc,,1.6\Defs\NetDefs\AstrofuelNet.xml
45,Vanilla Gravship Expanded - Chapter 1,vanillaexpanded.gravship,VGE_GiantThruster,giant thruster,building,(none),,ThrusterBase,BuildingsMisc,AdvancedGravtech,1.6\Defs\NetDefs\AstrofuelNet.xml
45,Vanilla Gravship Expanded - Chapter 1,vanillaexpanded.gravship,VGE_OxygenPipe,oxygen pipe,building,(none),,BuildingBase,,VGE_OxygenNetwork,1.6\Defs\NetDefs\OxygenNet.xml
45,Vanilla Gravship Expanded - Chapter 1,vanillaexpanded.gravship,VGE_HiddenOxygenPipe,hidden oxygen pipe,building,(none),3,BuildingBase,,VGE_OxygenNetwork;StandardGravtech,1.6\Defs\NetDefs\OxygenNet.xml
45,Vanilla Gravship Expanded - Chapter 1,vanillaexpanded.gravship,VGE_OxygenValve,oxygen valve,building,(none),,BuildingBase,,VGE_OxygenNetwork,1.6\Defs\NetDefs\OxygenNet.xml
45,Vanilla Gravship Expanded - Chapter 1,vanillaexpanded.gravship,VGE_SmallOxygenTank,small oxygen tank,building,(none),,GravshipComponentBase,BuildingsMisc,VGE_OxygenNetwork,1.6\Defs\NetDefs\OxygenNet.xml
45,Vanilla Gravship Expanded - Chapter 1,vanillaexpanded.gravship,VGE_LargeOxygenTank,large oxygen tank,building,(none),,GravshipComponentBase,BuildingsMisc,StandardGravtech,1.6\Defs\NetDefs\OxygenNet.xml
45,Vanilla Gravship Expanded - Chapter 1,vanillaexpanded.gravship,VGE_OxygenCanisterFiller,oxygen canister filler,building,(none),,FurnitureBase,BuildingsFurniture,VGE_OxygenNetwork,1.6\Defs\NetDefs\OxygenNet.xml
45,Vanilla Gravship Expanded - Chapter 1,vanillaexpanded.gravship,VGE_OxygenCanisterEmptier,oxygen canister emptier,building,(none),,FurnitureBase,BuildingsFurniture,VGE_OxygenNetwork,1.6\Defs\NetDefs\OxygenNet.xml
45,Vanilla Gravship Expanded - Chapter 1,vanillaexpanded.gravship,VGE_OxygenHarvester,oxygen harvester,building,(none),,GravshipComponentBase,BuildingsMisc,VGE_OxygenNetwork,1.6\Defs\NetDefs\OxygenNet.xml
45,Vanilla Gravship Expanded - Chapter 1,vanillaexpanded.gravship,VGE_LifeSupportSystem,algae oxygenator,building,(none),,GravshipComponentBase,BuildingsMisc,StandardGravtech,1.6\Defs\NetDefs\OxygenNet.xml
45,Vanilla Gravship Expanded - Chapter 1,vanillaexpanded.gravship,VGE_IndustrialOxygenPump,industrial oxygen pump,building,(none),200,BuildingBase,,VGE_OxygenNetwork,1.6\Defs\NetDefs\OxygenNet.xml
45,Vanilla Gravship Expanded - Chapter 1,vanillaexpanded.gravship,VGE_OxygenReclaimer,oxygen reclaimer,item,(none),,GravshipComponentBase,BuildingsMisc,,1.6\Defs\NetDefs\OxygenNet.xml
45,Vanilla Gravship Expanded - Chapter 1,vanillaexpanded.gravship,VGE_Agrocell,agrocell,building,(none),,BuildingBase,,AdvancedGravtech;Hydroponics,1.6\Defs\ThingDefs_Buildings\Buildings_Agriculture.xml
45,Vanilla Gravship Expanded - Chapter 1,vanillaexpanded.gravship,VGE_TargetingTerminal,targeting terminal,parent:VGE_GravshipBuildingBase,(none),,VGE_GravshipBuildingBase,,VGE_GravshipWeaponry,1.6\Defs\ThingDefs_Buildings\Buildings_Artillery.xml
45,Vanilla Gravship Expanded - Chapter 1,vanillaexpanded.gravship,VGE_PointDefenseTurret,point defense turret,building,(none),,VGE_GravshipBuildingBase,,VGE_GravshipWeaponry,1.6\Defs\ThingDefs_Buildings\Buildings_Artillery.xml
45,Vanilla Gravship Expanded - Chapter 1,vanillaexpanded.gravship,VGE_Gun_PointDefense,point defense gun,weapon,(none),,BaseWeaponTurret,,,1.6\Defs\ThingDefs_Buildings\Buildings_Artillery.xml
45,Vanilla Gravship Expanded - Chapter 1,vanillaexpanded.gravship,VGE_AmmoBox_GaussShell,gauss shell ammo box,parent:VGE_GravshipBuildingBase,(none),,VGE_GravshipBuildingBase,,VGE_GravshipWeaponry,1.6\Defs\ThingDefs_Buildings\Buildings_Artillery.xml
45,Vanilla Gravship Expanded - Chapter 1,vanillaexpanded.gravship,VGE_GaussGun,gauss gun,building,(none),,VGE_GravshipArtillerySmallBase,,VGE_GravshipWeaponry,1.6\Defs\ThingDefs_Buildings\Buildings_Artillery.xml
45,Vanilla Gravship Expanded - Chapter 1,vanillaexpanded.gravship,VGE_Gun_GaussGun,gauss gun,weapon,(none),,BaseWeaponTurret,,,1.6\Defs\ThingDefs_Buildings\Buildings_Artillery.xml
45,Vanilla Gravship Expanded - Chapter 1,vanillaexpanded.gravship,VGE_Bullet_GaussGun,Gauss gun shot,projectile,(none),,BaseBullet,,,1.6\Defs\ThingDefs_Buildings\Buildings_Artillery.xml
45,Vanilla Gravship Expanded - Chapter 1,vanillaexpanded.gravship,VGE_JavelinPod,javelin pod,building,(none),,VGE_GravshipArtillerySmallBase,,VGE_GravshipWeaponry,1.6\Defs\ThingDefs_Buildings\Buildings_Artillery.xml
45,Vanilla Gravship Expanded - Chapter 1,vanillaexpanded.gravship,VGE_Gun_JavelinPod,javelin pod,weapon,(none),,BaseWeaponTurret,,,1.6\Defs\ThingDefs_Buildings\Buildings_Artillery.xml
45,Vanilla Gravship Expanded - Chapter 1,vanillaexpanded.gravship,VGE_Rocket_JavelinRocket,Javelin rocket,projectile,(none),,BaseBullet,,,1.6\Defs\ThingDefs_Buildings\Buildings_Artillery.xml
45,Vanilla Gravship Expanded - Chapter 1,vanillaexpanded.gravship,VGE_AnticraftCaster,anticraft caster,building,(none),,VGE_GravshipArtillerySmallBase,,VGE_GravshipWeaponry,1.6\Defs\ThingDefs_Buildings\Buildings_Artillery.xml
45,Vanilla Gravship Expanded - Chapter 1,vanillaexpanded.gravship,VGE_Gun_AnticraftCaster,anticraft caster,weapon,(none),,BaseWeaponTurret,,,1.6\Defs\ThingDefs_Buildings\Buildings_Artillery.xml
45,Vanilla Gravship Expanded - Chapter 1,vanillaexpanded.gravship,VGE_Bullet_AnticraftCaster,anticraft caster beam,projectile,(none),,BaseBullet,,,1.6\Defs\ThingDefs_Buildings\Buildings_Artillery.xml
45,Vanilla Gravship Expanded - Chapter 1,vanillaexpanded.gravship,VGE_Mote_BeamRepeaterLaser,Mote,mote,(none),,MoteBase,,,1.6\Defs\ThingDefs_Buildings\Buildings_Artillery.xml
45,Vanilla Gravship Expanded - Chapter 1,vanillaexpanded.gravship,VGE_CompactStove,compact stove,building,(none),,BuildingBase,BuildingsProduction,VGE_GravshipLiving,1.6\Defs\ThingDefs_Buildings\Buildings_Compact.xml
45,Vanilla Gravship Expanded - Chapter 1,vanillaexpanded.gravship,VGE_CompactDrugLab,compact drug lab,building,(none),,BenchBase,BuildingsProduction,VGE_CompactWorkspaces;DrugProduction,1.6\Defs\ThingDefs_Buildings\Buildings_Compact.xml
45,Vanilla Gravship Expanded - Chapter 1,vanillaexpanded.gravship,VGE_CompactMachiningTable,compact machining table,building,(none),,BenchBase,BuildingsProduction,VGE_CompactWorkspaces;Machining,1.6\Defs\ThingDefs_Buildings\Buildings_Compact.xml
45,Vanilla Gravship Expanded - Chapter 1,vanillaexpanded.gravship,VGE_CompactSmithy,compact smithy,building,(none),,BenchBase,BuildingsProduction,VGE_CompactWorkspaces;Smithing,1.6\Defs\ThingDefs_Buildings\Buildings_Compact.xml
45,Vanilla Gravship Expanded - Chapter 1,vanillaexpanded.gravship,VGE_CompactTailor,compact tailor bench,building,(none),,BenchBase,BuildingsProduction,VGE_CompactWorkspaces;ComplexClothing,1.6\Defs\ThingDefs_Buildings\Buildings_Compact.xml
45,Vanilla Gravship Expanded - Chapter 1,vanillaexpanded.gravship,VGE_CompactRefinery,compact biofuel refinery,building,(none),,BenchBase,BuildingsProduction,VGE_CompactWorkspaces;BiofuelRefining,1.6\Defs\ThingDefs_Buildings\Buildings_Compact.xml
45,Vanilla Gravship Expanded - Chapter 1,vanillaexpanded.gravship,VGE_CompactFabBench,compact fabrication bench,building,(none),,BenchBase,BuildingsProduction,VGE_CompactWorkspaces;Fabrication,1.6\Defs\ThingDefs_Buildings\Buildings_Compact.xml
45,Vanilla Gravship Expanded - Chapter 1,vanillaexpanded.gravship,VGE_WallToolCabinet,wall tool cabinet,building,(none),,BuildingBase,BuildingsMisc,ComplexFurniture;VGE_CompactWorkspaces,1.6\Defs\ThingDefs_Buildings\Buildings_Compact.xml
45,Vanilla Gravship Expanded - Chapter 1,vanillaexpanded.gravship,VQEA_DestroyedSmallOxygenTank,destroyed small oxygen tank,building,(none),,VGE_DamagedBuildingBase,,,1.6\Defs\ThingDefs_Buildings\Buildings_Damaged.xml
45,Vanilla Gravship Expanded - Chapter 1,vanillaexpanded.gravship,VQEA_DestroyedSmallAstrofuelTank,destroyed small astrofuel tank,building,(none),,VGE_DamagedBuildingBase,,,1.6\Defs\ThingDefs_Buildings\Buildings_Damaged.xml
45,Vanilla Gravship Expanded - Chapter 1,vanillaexpanded.gravship,VQEA_DestroyedGravExtender,destroyed grav field extender,building,(none),,VGE_DamagedBuildingBase,,,1.6\Defs\ThingDefs_Buildings\Buildings_Damaged.xml
45,Vanilla Gravship Expanded - Chapter 1,vanillaexpanded.gravship,VQEA_DestroyedSmallThruster,destroyed small thruster,building,(none),,VGE_DamagedBuildingBase,,,1.6\Defs\ThingDefs_Buildings\Buildings_Damaged.xml
45,Vanilla Gravship Expanded - Chapter 1,vanillaexpanded.gravship,VQEA_DestroyedLargeThruster,destroyed large thruster,building,(none),,VGE_DamagedBuildingBase,,,1.6\Defs\ThingDefs_Buildings\Buildings_Damaged.xml
45,Vanilla Gravship Expanded - Chapter 1,vanillaexpanded.gravship,VQEA_DestroyedSmallHeatsink,destroyed small heatsink,building,(none),,VGE_DamagedBuildingBase,,,1.6\Defs\ThingDefs_Buildings\Buildings_Damaged.xml
45,Vanilla Gravship Expanded - Chapter 1,vanillaexpanded.gravship,VGE_DamagedEscapePod,damaged escape pod,parent:BuildingBase,(none),,BuildingBase,,,1.6\Defs\ThingDefs_Buildings\Buildings_EscapePod.xml
45,Vanilla Gravship Expanded - Chapter 1,vanillaexpanded.gravship,VGE_EscapePodSkyfaller,escape pod (incoming),parent:DropPodIncoming,(none),,DropPodIncoming,,,1.6\Defs\ThingDefs_Buildings\Buildings_EscapePod.xml
45,Vanilla Gravship Expanded - Chapter 1,vanillaexpanded.gravship,VGE_MinifiedGravjumperEngine,minified thing,parent:MinifiedThing,(none),,MinifiedThing,,,1.6\Defs\ThingDefs_Buildings\Buildings_GravEngines.xml
45,Vanilla Gravship Expanded - Chapter 1,vanillaexpanded.gravship,VGE_MinifiedGravhulkEngine,minified thing,parent:MinifiedThing,(none),,MinifiedThing,,,1.6\Defs\ThingDefs_Buildings\Buildings_GravEngines.xml
45,Vanilla Gravship Expanded - Chapter 1,vanillaexpanded.gravship,VGE_GravjumperEngine,gravjumper engine,building,(none),1800,GravshipComponentBase,BuildingsMisc,BasicGravtech,1.6\Defs\ThingDefs_Buildings\Buildings_GravEngines.xml
45,Vanilla Gravship Expanded - Chapter 1,vanillaexpanded.gravship,VGE_GravhulkEngine,gravhulk engine,building,(none),12500,GravshipComponentBase,BuildingsMisc,AdvancedGravtech,1.6\Defs\ThingDefs_Buildings\Buildings_GravEngines.xml
45,Vanilla Gravship Expanded - Chapter 1,vanillaexpanded.gravship,VGE_GravFieldAmplifier,grav field amplifier,building,(none),,GravshipComponentBase,BuildingsMisc,AdvancedGravtech,1.6\Defs\ThingDefs_Buildings\Buildings_GravExtenders.xml
45,Vanilla Gravship Expanded - Chapter 1,vanillaexpanded.gravship,VGE_CrewBunkBed,crew bunk bed,building,Spacer,,VGE_GravshipLivingBedBase,BuildingsFurniture,ComplexFurniture,1.6\Defs\ThingDefs_Buildings\Buildings_GravshipLiving.xml
45,Vanilla Gravship Expanded - Chapter 1,vanillaexpanded.gravship,VGE_MedbayBed,medbay bed,building,Spacer,,VGE_GravshipLivingBedBase,BuildingsFurniture,HospitalBed,1.6\Defs\ThingDefs_Buildings\Buildings_GravshipLiving.xml
45,Vanilla Gravship Expanded - Chapter 1,vanillaexpanded.gravship,VGE_CrewLockers,crew lockers,building,Spacer,,VGE_GravshipLivingFurnitureBase,BuildingsFurniture,ComplexFurniture,1.6\Defs\ThingDefs_Buildings\Buildings_GravshipLiving.xml
45,Vanilla Gravship Expanded - Chapter 1,vanillaexpanded.gravship,VGE_GravshipShelf,gravship shelf,building,Spacer,,StorageShelfBase,BuildingsFurniture,VGE_GravshipLiving,1.6\Defs\ThingDefs_Buildings\Buildings_GravshipLiving.xml
45,Vanilla Gravship Expanded - Chapter 1,vanillaexpanded.gravship,VGE_WallFirefoamPopper,wall firefoam popper,building,Spacer,,VGE_GravshipLivingWallMountedBase,BuildingsMisc,Firefoam,1.6\Defs\ThingDefs_Buildings\Buildings_GravshipLiving.xml
45,Vanilla Gravship Expanded - Chapter 1,vanillaexpanded.gravship,VGE_CommsTerminal,comms terminal,building,Spacer,,VGE_GravshipLivingBuildingBase,,MicroelectronicsBasics,1.6\Defs\ThingDefs_Buildings\Buildings_GravshipLiving.xml
45,Vanilla Gravship Expanded - Chapter 1,vanillaexpanded.gravship,VGE_WallOrbitalTradeBeacon,wall orbital trade beacon,building,Spacer,,VGE_GravshipLivingWallMountedBase,BuildingsMisc,MicroelectronicsBasics,1.6\Defs\ThingDefs_Buildings\Buildings_GravshipLiving.xml
45,Vanilla Gravship Expanded - Chapter 1,vanillaexpanded.gravship,VGE_FauxPlant,faux plant,building,Spacer,,FurnitureBase,BuildingsFurniture,VGE_GravshipLiving,1.6\Defs\ThingDefs_Buildings\Buildings_GravshipLiving.xml
45,Vanilla Gravship Expanded - Chapter 1,vanillaexpanded.gravship,VGE_SealantPopper,sealant popper,item,Spacer,,VGE_GravshipLivingBuildingBase,BuildingsMisc,VGE_GravshipLiving,1.6\Defs\ThingDefs_Buildings\Buildings_GravshipLiving.xml
45,Vanilla Gravship Expanded - Chapter 1,vanillaexpanded.gravship,VGE_SealantGoop,sealant goop,building,(none),,,,,1.6\Defs\ThingDefs_Buildings\Buildings_GravshipLiving.xml
45,Vanilla Gravship Expanded - Chapter 1,vanillaexpanded.gravship,VGE_PilotCockpit,pilot cockpit,item,(none),,GravshipComponentBase,BuildingsMisc,BasicGravtech,1.6\Defs\ThingDefs_Buildings\Buildings_GravshipSteering.xml
45,Vanilla Gravship Expanded - Chapter 1,vanillaexpanded.gravship,VGE_PilotBridge,pilot bridge,item,(none),,GravshipComponentBase,BuildingsMisc,AdvancedGravtech,1.6\Defs\ThingDefs_Buildings\Buildings_GravshipSteering.xml
45,Vanilla Gravship Expanded - Chapter 1,vanillaexpanded.gravship,VGE_CopilotConsole,copilot console,item,(none),,GravshipComponentBase,BuildingsMisc,AdvancedGravtech,1.6\Defs\ThingDefs_Buildings\Buildings_GravshipSteering.xml
45,Vanilla Gravship Expanded - Chapter 1,vanillaexpanded.gravship,VGE_SmallHeatsink,small heatsink,parent:VGE_BaseHeatsink,(none),,VGE_BaseHeatsink,,BasicGravtech,1.6\Defs\ThingDefs_Buildings\Buildings_HeatDissipation.xml
45,Vanilla Gravship Expanded - Chapter 1,vanillaexpanded.gravship,VGE_LargeHeatsink,large heatsink,parent:VGE_BaseHeatsink,(none),,VGE_BaseHeatsink,,VGE_HeatDissipation,1.6\Defs\ThingDefs_Buildings\Buildings_HeatDissipation.xml
45,Vanilla Gravship Expanded - Chapter 1,vanillaexpanded.gravship,VGE_GravheatAbsorber,gravheat absorber,parent:VGE_BaseGravheatBuilding,(none),,VGE_BaseGravheatBuilding,,VGE_HeatDissipation,1.6\Defs\ThingDefs_Buildings\Buildings_HeatDissipation.xml
45,Vanilla Gravship Expanded - Chapter 1,vanillaexpanded.gravship,VGE_EngineeringConsole,engineering console,building,(none),,BuildingBase,,StandardGravtech,1.6\Defs\ThingDefs_Buildings\Buildings_Maintenance.xml
45,Vanilla Gravship Expanded - Chapter 1,vanillaexpanded.gravship,VGE_MassDriver,mass driver,building,(none),,VGE_MechTurretBase,,,1.6\Defs\ThingDefs_Buildings\Buildings_MechStructures.xml
45,Vanilla Gravship Expanded - Chapter 1,vanillaexpanded.gravship,VGE_Gun_MassDriver,mass driver,weapon,(none),,BaseWeaponTurret,,,1.6\Defs\ThingDefs_Buildings\Buildings_MechStructures.xml
45,Vanilla Gravship Expanded - Chapter 1,vanillaexpanded.gravship,VGE_Bullet_MassDriver,mass driver shot,projectile,(none),,BaseBullet,,,1.6\Defs\ThingDefs_Buildings\Buildings_MechStructures.xml
45,Vanilla Gravship Expanded - Chapter 1,vanillaexpanded.gravship,VGE_HeavyChargeAnnihilator,heavy charge annihilator,building,(none),,VGE_MechTurretBase,,,1.6\Defs\ThingDefs_Buildings\Buildings_MechStructures.xml
45,Vanilla Gravship Expanded - Chapter 1,vanillaexpanded.gravship,VGE_Gun_HeavyChargeAnnihilator,heavy charge annihilator,weapon,(none),,BaseWeaponTurret,,,1.6\Defs\ThingDefs_Buildings\Buildings_MechStructures.xml
45,Vanilla Gravship Expanded - Chapter 1,vanillaexpanded.gravship,VGE_MechanoidGravEngine,mechanoid grav engine,building,(none),,VGE_MechStructureBase,,,1.6\Defs\ThingDefs_Buildings\Buildings_MechStructures.xml
45,Vanilla Gravship Expanded - Chapter 1,vanillaexpanded.gravship,VGE_LargeMechanoidThruster,large mechanoid thruster,building,(none),,VGE_MechStructureBase,,,1.6\Defs\ThingDefs_Buildings\Buildings_MechStructures.xml
45,Vanilla Gravship Expanded - Chapter 1,vanillaexpanded.gravship,VGE_MechanoidResourceProcessor,resource processor,building,(none),,VGE_MechStructureBase,,,1.6\Defs\ThingDefs_Buildings\Buildings_MechStructures.xml
45,Vanilla Gravship Expanded - Chapter 1,vanillaexpanded.gravship,VGE_MechanoidPodLauncher,mechanoid pod launcher,building,(none),,VGE_MechStructureBase,,,1.6\Defs\ThingDefs_Buildings\Buildings_MechStructures.xml
45,Vanilla Gravship Expanded - Chapter 1,vanillaexpanded.gravship,VGE_MechanoidTempShield,mechanoid temp shield,building,(none),,VGE_MechStructureBase,,,1.6\Defs\ThingDefs_Buildings\Buildings_MechStructures.xml
45,Vanilla Gravship Expanded - Chapter 1,vanillaexpanded.gravship,VGE_MechanoidAstrofuelNode,astrofuel node,building,(none),,VGE_MechStructureBase,,,1.6\Defs\ThingDefs_Buildings\Buildings_MechStructures.xml
45,Vanilla Gravship Expanded - Chapter 1,vanillaexpanded.gravship,VGE_Compressed_Vacstone,compressed vacstone,building,(none),,UglyRockBase,,,1.6\Defs\ThingDefs_Buildings\Buildings_Natural.xml
45,Vanilla Gravship Expanded - Chapter 1,vanillaexpanded.gravship,VGE_Compressed_Steel,compressed steel,building,(none),,RockBase,,,1.6\Defs\ThingDefs_Buildings\Buildings_Natural.xml
45,Vanilla Gravship Expanded - Chapter 1,vanillaexpanded.gravship,VGE_Compressed_Silver,compressed silver ore,building,(none),,RockBase,,,1.6\Defs\ThingDefs_Buildings\Buildings_Natural.xml
45,Vanilla Gravship Expanded - Chapter 1,vanillaexpanded.gravship,VGE_Compressed_Gold,compressed gold ore,building,(none),,RockBase,,,1.6\Defs\ThingDefs_Buildings\Buildings_Natural.xml
45,Vanilla Gravship Expanded - Chapter 1,vanillaexpanded.gravship,VGE_Compressed_Uranium,compressed uranium ore,building,(none),,RockBase,,,1.6\Defs\ThingDefs_Buildings\Buildings_Natural.xml
45,Vanilla Gravship Expanded - Chapter 1,vanillaexpanded.gravship,VGE_Compressed_Plasteel,compressed plasteel,building,(none),,RockBase,,,1.6\Defs\ThingDefs_Buildings\Buildings_Natural.xml
45,Vanilla Gravship Expanded - Chapter 1,vanillaexpanded.gravship,VGE_Compressed_Jade,compressed jade,building,(none),,RockBase,,,1.6\Defs\ThingDefs_Buildings\Buildings_Natural.xml
45,Vanilla Gravship Expanded - Chapter 1,vanillaexpanded.gravship,VGE_GravcorePowerCoil,gravcore power coil,item,(none),,GravshipComponentBase,BuildingsMisc,AdvancedGravtech,1.6\Defs\ThingDefs_Buildings\Buildings_Power.xml
45,Vanilla Gravship Expanded - Chapter 1,vanillaexpanded.gravship,VGE_GravshipCapacitor,gravship capacitor,building,(none),,GravshipComponentBase,BuildingsMisc,VGE_GravshipPower,1.6\Defs\ThingDefs_Buildings\Buildings_Power.xml
45,Vanilla Gravship Expanded - Chapter 1,vanillaexpanded.gravship,VGE_SolarPanelling,solar panelling,building,(none),,GravshipComponentBase,BuildingsMisc,VGE_GravshipPower,1.6\Defs\ThingDefs_Buildings\Buildings_Power.xml
45,Vanilla Gravship Expanded - Chapter 1,vanillaexpanded.gravship,VGE_GravtechConsole,gravtech console,item,(none),,GravshipComponentBase,BuildingsMisc,StandardGravtech,1.6\Defs\ThingDefs_Buildings\Buildings_Research.xml
45,Vanilla Gravship Expanded - Chapter 1,vanillaexpanded.gravship,VGE_GravshipBlackBox,gravship black box,item,(none),,GravshipComponentBase,BuildingsMisc,,1.6\Defs\ThingDefs_Buildings\Buildings_Research.xml
45,Vanilla Gravship Expanded - Chapter 1,vanillaexpanded.gravship,VGE_FlightComputer,flight computer,item,(none),,GravshipComponentBase,BuildingsMisc,,1.6\Defs\ThingDefs_Buildings\Buildings_Research.xml
45,Vanilla Gravship Expanded - Chapter 1,vanillaexpanded.gravship,VGE_CompactResearchBench,compact research bench,building,(none),,BenchBase,BuildingsProduction,MicroelectronicsBasics;VGE_CompactWorkspaces,1.6\Defs\ThingDefs_Buildings\Buildings_Research.xml
45,Vanilla Gravship Expanded - Chapter 1,vanillaexpanded.gravship,VGE_CompactMultiAnalyzer,compact multi-analyzer,building,(none),,BuildingBase,BuildingsMisc,MultiAnalyzer;VGE_CompactWorkspaces,1.6\Defs\ThingDefs_Buildings\Buildings_Research.xml
45,Vanilla Gravship Expanded - Chapter 1,vanillaexpanded.gravship,VGE_GravshipScannerCluster,gravship scanner cluster,building,(none),,BuildingBase,,AdvancedGravtech,1.6\Defs\ThingDefs_Buildings\Buildings_Scanner.xml
45,Vanilla Gravship Expanded - Chapter 1,vanillaexpanded.gravship,VGE_GravshipStructuralBeam,gravship structural beam,building,(none),,Wall,,StandardGravtech,1.6\Defs\ThingDefs_Buildings\Buildings_StructuralBeam.xml
45,Vanilla Gravship Expanded - Chapter 1,vanillaexpanded.gravship,VGE_GunnerSubpersonaCore,gunner subpersona core,item,(none),,GravshipComponentBase,BuildingsMisc,,1.6\Defs\ThingDefs_Buildings\Buildings_Uncraftables.xml
45,Vanilla Gravship Expanded - Chapter 1,vanillaexpanded.gravship,VGE_MaintenanceHub,maintenance hub,item,(none),,GravshipComponentBase,BuildingsMisc,,1.6\Defs\ThingDefs_Buildings\Buildings_Uncraftables.xml
45,Vanilla Gravship Expanded - Chapter 1,vanillaexpanded.gravship,VGE_CapacitorHarmonizer,capacitor harmonizer,item,(none),,GravshipComponentBase,BuildingsMisc,,1.6\Defs\ThingDefs_Buildings\Buildings_Uncraftables.xml
45,Vanilla Gravship Expanded - Chapter 1,vanillaexpanded.gravship,VGE_Gravlift,gravlift,item,(none),,GravshipComponentBase,BuildingsMisc,,1.6\Defs\ThingDefs_Buildings\Buildings_Uncraftables.xml
45,Vanilla Gravship Expanded - Chapter 1,vanillaexpanded.gravship,VGE_VacBarrierDouble,vac barrier (2x1),building,(none),,VGE_VacBarrierMultiCellBase,,OrbitalTech,1.6\Defs\ThingDefs_Buildings\Buildings_VacBarriers.xml
45,Vanilla Gravship Expanded - Chapter 1,vanillaexpanded.gravship,VGE_VacBarrierTriple,vac barrier (3x1),building,(none),,VGE_VacBarrierMultiCellBase,,OrbitalTech,1.6\Defs\ThingDefs_Buildings\Buildings_VacBarriers.xml
45,Vanilla Gravship Expanded - Chapter 1,vanillaexpanded.gravship,VGE_VacBarrierQuintuple,vac barrier (5x1),building,(none),,VGE_VacBarrierMultiCellBase,,OrbitalTech,1.6\Defs\ThingDefs_Buildings\Buildings_VacBarriers.xml
45,Vanilla Gravship Expanded - Chapter 1,vanillaexpanded.gravship,VGE_VacCheckpoint,vac checkpoint,building,(none),,DoorBase,,,1.6\Defs\ThingDefs_Buildings\Buildings_VacCheckpoint.xml
45,Vanilla Gravship Expanded - Chapter 1,vanillaexpanded.gravship,VGE_OxygenCanister,oxygen canister,item,(none),0.4,ResourceBase,Manufactured,,1.6\Defs\ThingDefs_Item\Items_Resource_Manufactured.xml
45,Vanilla Gravship Expanded - Chapter 1,vanillaexpanded.gravship,VGE_Astrofuel,astrofuel,item,(none),6,ResourceBase,Manufactured,,1.6\Defs\ThingDefs_Item\Items_Resource_Manufactured.xml
45,Vanilla Gravship Expanded - Chapter 1,vanillaexpanded.gravship,VGE_Oxyalgae,oxyalgae,food/drug,(none),0.2,RoughPlantBase,Foods,,1.6\Defs\ThingDefs_Item\Items_Resource_RawPlant.xml
45,Vanilla Gravship Expanded - Chapter 1,vanillaexpanded.gravship,VGE_Apparel_OxygenPack,oxygen pack,apparel,Industrial,,ApparelNoQualityBase,ApparelUtility,VGE_OxygenNetwork,1.6\Defs\ThingDefs_Misc\Apparel_Packs.xml
45,Vanilla Gravship Expanded - Chapter 1,vanillaexpanded.gravship,VGE_Filth_Astrofuel,astrofuel puddle,parent:BaseFilth,(none),,BaseFilth,,,1.6\Defs\ThingDefs_Misc\Filth_Various.xml
45,Vanilla Gravship Expanded - Chapter 1,vanillaexpanded.gravship,VGE_Filth_DamagedSubstructure,damaged substructure debris,parent:BaseFilth,(none),,BaseFilth,,,1.6\Defs\ThingDefs_Misc\Filth_Various.xml
45,Vanilla Gravship Expanded - Chapter 1,vanillaexpanded.gravship,VGE_GaussSmoke,Mote,mote,(none),,MoteBase,,,1.6\Defs\ThingDefs_Misc\Motes.xml
45,Vanilla Gravship Expanded - Chapter 1,vanillaexpanded.gravship,VGE_SmallDebris,small debris,projectile,(none),,VGE_SpaceDebrisBase,,,1.6\Defs\ThingDefs_Misc\Things_Space.xml
45,Vanilla Gravship Expanded - Chapter 1,vanillaexpanded.gravship,VGE_MediumDebris,medium debris,projectile,(none),,VGE_SpaceDebrisBase,,,1.6\Defs\ThingDefs_Misc\Things_Space.xml
45,Vanilla Gravship Expanded - Chapter 1,vanillaexpanded.gravship,VGE_LargeDebris,large debris,projectile,(none),,VGE_SpaceDebrisBase,,,1.6\Defs\ThingDefs_Misc\Things_Space.xml
45,Vanilla Gravship Expanded - Chapter 1,vanillaexpanded.gravship,VGE_SmallAsteroid_Projectile,small asteroid,projectile,(none),,VGE_AsteroidBase,,,1.6\Defs\ThingDefs_Misc\Things_Space.xml
45,Vanilla Gravship Expanded - Chapter 1,vanillaexpanded.gravship,VGE_MediumAsteroid,medium asteroid,projectile,(none),,VGE_AsteroidBase,,,1.6\Defs\ThingDefs_Misc\Things_Space.xml
45,Vanilla Gravship Expanded - Chapter 1,vanillaexpanded.gravship,VGE_LargeAsteroid,large asteroid,projectile,(none),,VGE_AsteroidBase,,,1.6\Defs\ThingDefs_Misc\Things_Space.xml
45,Vanilla Gravship Expanded - Chapter 1,vanillaexpanded.gravship,VGE_Astrofire,astrofire,other,(none),,,,,1.6\Defs\ThingDefs_Misc\Things_Special.xml
45,Vanilla Gravship Expanded - Chapter 1,vanillaexpanded.gravship,VGE_AstrofireSpark,astrofire spark,projectile,(none),,,,,1.6\Defs\ThingDefs_Misc\Things_Special.xml
45,Vanilla Gravship Expanded - Chapter 1,vanillaexpanded.gravship,VGE_LandingStructure,landing structure,parent:EtherealThingBase,(none),,EtherealThingBase,,,1.6\Defs\ThingDefs_Misc\Things_Special.xml
45,Vanilla Gravship Expanded - Chapter 1,vanillaexpanded.gravship,VGE_MassLance,mass lance,weapon,Spacer,900,BaseGunWithQuality,WeaponsRanged,,1.6\Defs\ThingDefs_Misc\Weapons\RangedMechanoid.xml
45,Vanilla Gravship Expanded - Chapter 1,vanillaexpanded.gravship,VGE_RocketswarmPod,rocketswarm pod,weapon,Spacer,430,BaseGunWithQuality,WeaponsRanged,,1.6\Defs\ThingDefs_Misc\Weapons\RangedMechanoid.xml
45,Vanilla Gravship Expanded - Chapter 1,vanillaexpanded.gravship,VGE_OxyalgaePlant,oxyalgae plant,plant,(none),,PlantBase,Plants,,1.6\Defs\ThingDefs_Plants\Plants_Cultivated_Farm.xml
45,Vanilla Gravship Expanded - Chapter 1,vanillaexpanded.gravship,VGE_Astropede,astropede,pawn,(none),1350,MechCentipede,,,1.6\Defs\ThingDefs_RacesMechanoids\Races_Astropede.xml
45,Vanilla Gravship Expanded - Chapter 1,vanillaexpanded.gravship,VGE_Hunter,hunter,pawn,(none),1200,BaseMechanoid,,,1.6\Defs\ThingDefs_RacesMechanoids\Races_Hunter.xml
46,GravTech,als.gravtech,GravShieldPsychic,grav shield,parent:EtherealThingBase,(none),,EtherealThingBase,,,1.6\Defs\Ability_GT.xml
46,GravTech,als.gravtech,GravInvisibility_Mote,Mote,mote,(none),,MoteGlowDistorted,,,1.6\Defs\Hediff_GT.xml
46,GravTech,als.gravtech,AdvShip_ComputerCore,advanced gravship computer core,building,(none),15000,GravshipComponentBase,BuildingsMisc,AdvShipParts,1.6\Defs\ThingDefs_Buildings\AdvShip_ComputerCore.xml
46,GravTech,als.gravtech,AdvShip_GravChemfuelTank,grav chemfuel tank,item,(none),3500,FuelTankBase,BuildingsMisc,GravTuning,1.6\Defs\ThingDefs_Buildings\AdvShip_GravChemfuelTank.xml
46,GravTech,als.gravtech,AdvShip_GravReactor,The Singularity Reactor,building,(none),25000,BuildingBase,,BlackHole_GT,1.6\Defs\ThingDefs_Buildings\AdvShip_GravReactor.xml
46,GravTech,als.gravtech,GravReactorExplosionHuge,,parent:EtherealThingBase,(none),,EtherealThingBase,,,1.6\Defs\ThingDefs_Buildings\AdvShip_GravReactor.xml
46,GravTech,als.gravtech,GravReactorExplosionBig,,parent:EtherealThingBase,(none),,EtherealThingBase,,,1.6\Defs\ThingDefs_Buildings\AdvShip_GravReactor.xml
46,GravTech,als.gravtech,GravReactorExplosionSmall,,parent:EtherealThingBase,(none),,EtherealThingBase,,,1.6\Defs\ThingDefs_Buildings\AdvShip_GravReactor.xml
46,GravTech,als.gravtech,GravCraterLarge,big crack,parent:BaseFilth,(none),,BaseFilth,,,1.6\Defs\ThingDefs_Buildings\AdvShip_GravReactor.xml
46,GravTech,als.gravtech,GravCrackFilth,crack,parent:BaseFilth,(none),,BaseFilth,,,1.6\Defs\ThingDefs_Buildings\AdvShip_GravReactor.xml
46,GravTech,als.gravtech,AdvShip_GravThruster,advanced gravship thruster,building,(none),6000,BuildingBase,,ShipEngine;GravEngineBuild,1.6\Defs\ThingDefs_Buildings\AdvShip_GravThruster.xml
46,GravTech,als.gravtech,AdvShip_ShieldGenerator,advanced shield generator,item,(none),,GravshipComponentBase,BuildingsMisc,GravWeapon;GravEngineBuild,1.6\Defs\ThingDefs_Buildings\AdvShip_ShieldGenerator.xml
46,GravTech,als.gravtech,AdvShip_TimeFasterPod,time acceleration pod,building,(none),4000,BuildingBase,BuildingsFurniture,HospitalBed;ShipCryptosleep;GravTuning,1.6\Defs\ThingDefs_Buildings\AdvShip_TimeFasterPod.xml
46,GravTech,als.gravtech,AsteroidCollector,asteroid collector,building,(none),3000,BuildingBase,BuildingsSpecial,AdvancedGravtech,1.6\Defs\ThingDefs_Buildings\AsteroidСollector_GT.xml
46,GravTech,als.gravtech,AsteroidsCollectMote,Mote,mote,(none),,MoteBase,,,1.6\Defs\ThingDefs_Buildings\AsteroidСollector_GT.xml
46,GravTech,als.gravtech,BigVacBarrier,big vac barrier,building,(none),,DoorBase,,OrbitalTech,1.6\Defs\ThingDefs_Buildings\BigVacBarrier_GT.xml
46,GravTech,als.gravtech,GravBattery,gravcore battery,building,(none),1600,BuildingBase,,Batteries;AdvancedGravtech,1.6\Defs\ThingDefs_Buildings\GravBattery_GT.xml
46,GravTech,als.gravtech,GravCapsule_GT,grav capsule,building,(none),,BuildingBase,,,1.6\Defs\ThingDefs_Buildings\GravCapsule_GT.xml
46,GravTech,als.gravtech,ActiveGravCapsule,drop pod,parent:ActiveDropPod,(none),,ActiveDropPod,,,1.6\Defs\ThingDefs_Buildings\GravCapsule_GT.xml
46,GravTech,als.gravtech,GravCapsuleLeaving,grav capsule (leaving),parent:DropPodLeaving,(none),,DropPodLeaving,,,1.6\Defs\ThingDefs_Buildings\GravCapsule_GT.xml
46,GravTech,als.gravtech,GravCapsuleIncoming,grav capsule (incoming),parent:DropPodIncoming,(none),,DropPodIncoming,,,1.6\Defs\ThingDefs_Buildings\GravCapsule_GT.xml
46,GravTech,als.gravtech,GravChemreactor_GT,grav chemreactor,building,(none),3000,BuildingBase,BuildingsSpecial,GravTuning,1.6\Defs\ThingDefs_Buildings\GravChemreactor_GT.xml
46,GravTech,als.gravtech,GravFieldPylon,grav field pylon,building,(none),2500,GravshipComponentBase,BuildingsMisc,StandardGravtech,1.6\Defs\ThingDefs_Buildings\GravFieldPylon_GT.xml
46,GravTech,als.gravtech,GravForge,grav forge,building,(none),,BenchBase,BuildingsProduction,GravForge,1.6\Defs\ThingDefs_Buildings\GravForge_GT.xml
46,GravTech,als.gravtech,Turret_GravBlaster,grav blaster turret,building,(none),3000,BuildingBase,,GravWeapon;HeavyTurrets,1.6\Defs\ThingDefs_Buildings\Turrets_GT.xml
46,GravTech,als.gravtech,Gun_GravBlasterTurret,Heavy grav blaster,weapon,(none),,BaseWeaponTurret,,,1.6\Defs\ThingDefs_Buildings\Turrets_GT.xml
46,GravTech,als.gravtech,Bullet_GravBlastTurret,bullet Grav blast,projectile,(none),,BaseBullet,,,1.6\Defs\ThingDefs_Buildings\Turrets_GT.xml
46,GravTech,als.gravtech,Turret_BeamRepeater,beam repeater turret,building,(none),1500,BuildingBase,BuildingsSecurity,BeamWeapons;GunTurrets,1.6\Defs\ThingDefs_Buildings\Turrets_GT.xml
46,GravTech,als.gravtech,Gun_BeamRepeaterTurret,beam repeater turret,weapon,(none),,BaseWeaponTurret,,,1.6\Defs\ThingDefs_Buildings\Turrets_GT.xml
46,GravTech,als.gravtech,TrapIED_Gravcore,IED gravcore trap,building,(none),1000,TrapIEDBase,BuildingsSecurity,StandardGravtech,1.6\Defs\ThingDefs_Buildings\Turrets_GT.xml
46,GravTech,als.gravtech,GravBlastTrapSmall,,parent:EtherealThingBase,(none),,EtherealThingBase,,,1.6\Defs\ThingDefs_Buildings\Turrets_GT.xml
46,GravTech,als.gravtech,ShieldPylon_GT,shield pylon,building,(none),1400,BuildingBase,BuildingsMisc,ShieldBelt;AdvancedGravtech,1.6\Defs\ThingDefs_Buildings\UtilityPylon_GT.xml
46,GravTech,als.gravtech,CoolerPylon_GT,cooler pylon,building,(none),1300,UtilityPylon_GT,BuildingsTemperature,StandardGravtech;AirConditioning,1.6\Defs\ThingDefs_Buildings\UtilityPylon_GT.xml
46,GravTech,als.gravtech,HeaterPylon_GT,heater pylon,building,(none),1300,UtilityPylon_GT,BuildingsTemperature,StandardGravtech;AirConditioning,1.6\Defs\ThingDefs_Buildings\UtilityPylon_GT.xml
46,GravTech,als.gravtech,GravDecreasePylon_GT,gravity decrease pylon,building,(none),1300,UtilityPylon_GT,BuildingsMisc,StandardGravtech;MultiAnalyzer,1.6\Defs\ThingDefs_Buildings\UtilityPylon_GT.xml
46,GravTech,als.gravtech,GravIncreasePylon_GT,gravity increase pylon,building,(none),1300,UtilityPylon_GT,BuildingsMisc,StandardGravtech;MultiAnalyzer,1.6\Defs\ThingDefs_Buildings\UtilityPylon_GT.xml
46,GravTech,als.gravtech,EmptyAICore,empty AI persona core,item,Ultra,2000,ResourceBase,ItemsMisc,,1.6\Defs\ThingDefs_Items\EmptyAICore_GT.xml
46,GravTech,als.gravtech,Gravitonium,gravitonium,item,Ultra,12,ResourceBase,ResourcesRaw,,1.6\Defs\ThingDefs_Items\Gravitonium_GT.xml
46,GravTech,als.gravtech,Graweave,graweave,item,(none),7.5,ResourceBase,Textiles,,1.6\Defs\ThingDefs_Items\Graweave_GT.xml
46,GravTech,als.gravtech,RoughGravlitePanel,rough gravlite panel,item,(none),2,ResourceBase,ResourcesRaw,,1.6\Defs\ThingDefs_Items\RoughGravlitePanel_GT.xml
46,GravTech,als.gravtech,UnfinishedAICore,unfinished AI core,item,(none),,UnfinishedBase,Unfinished,,1.6\Defs\ThingDefs_Items\Unfinished_GT.xml
46,GravTech,als.gravtech,UnfinishedGravcore,unfinished gravcore,item,(none),,UnfinishedBase,Unfinished,,1.6\Defs\ThingDefs_Items\Unfinished_GT.xml
46,GravTech,als.gravtech,UnfinishedGravHammer,unfinished Grav hammer,item,(none),,UnfinishedBase,Unfinished,,1.6\Defs\ThingDefs_Items\Unfinished_GT.xml
46,GravTech,als.gravtech,UnfinishedGravBlaster,unfinished Grav blaster,item,(none),,UnfinishedBase,Unfinished,,1.6\Defs\ThingDefs_Items\Unfinished_GT.xml
46,GravTech,als.gravtech,UnfinishedGravRifle,unfinished Grav rifle,item,(none),,UnfinishedBase,Unfinished,,1.6\Defs\ThingDefs_Items\Unfinished_GT.xml
46,GravTech,als.gravtech,UnfinishedGravBeamCannon,unfinished Grav beam cannon,item,(none),,UnfinishedBase,Unfinished,,1.6\Defs\ThingDefs_Items\Unfinished_GT.xml
46,GravTech,als.gravtech,Apparel_GravBelt,grav shield belt,apparel,Ultra,1800,ApparelBase,ApparelUtility,,1.6\Defs\ThingDefs_Misc\Apparel_GravBelts_GT.xml
46,GravTech,als.gravtech,Apparel_GravPack,grav pack,apparel,Ultra,2300,ApparelNoQualityBase,ApparelUtility,,1.6\Defs\ThingDefs_Misc\Apparel_GravPack_GT.xml
46,GravTech,als.gravtech,ChunkSlagPlasteel_GT,plasteel slag chunk,item,(none),,ChunkBase,Chunks,,1.6\Defs\ThingDefs_Misc\ChunkSlag_GT.xml
46,GravTech,als.gravtech,GravSpine,grav spine,bodypart,Industrial,2300,BodyPartProstheticMakeableBase,BodyPartsProsthetic,Prosthetics,1.6\Defs\ThingDefs_Misc\GravBionic_GT.xml
46,GravTech,als.gravtech,GravArmor,grav armor,bodypart,Industrial,2300,BodyPartProstheticMakeableBase,BodyPartsProsthetic,Prosthetics,1.6\Defs\ThingDefs_Misc\GravBionic_GT.xml
46,GravTech,als.gravtech,GravStomach,gravcore stomach,bodypart,Industrial,2300,BodyPartProstheticMakeableBase,BodyPartsProsthetic,Prosthetics,1.6\Defs\ThingDefs_Misc\GravBionic_GT.xml
46,GravTech,als.gravtech,GravHands,grav hands,bodypart,Industrial,3600,BodyPartProstheticMakeableBase,BodyPartsProsthetic,Prosthetics,1.6\Defs\ThingDefs_Misc\GravBionic_GT.xml
46,GravTech,als.gravtech,GravBlaster,grav blaster,weapon,Ultra,3600,BaseHumanMakeableGun,WeaponsRanged,Gunsmithing,1.6\Defs\ThingDefs_Misc\Weapons\GravBlaster_GT.xml
46,GravTech,als.gravtech,Bullet_GravBlast,bullet Grav blast,projectile,(none),,BaseBullet,,,1.6\Defs\ThingDefs_Misc\Weapons\GravBlaster_GT.xml
46,GravTech,als.gravtech,Mote_GravBlaster_Charge,Mote,mote,(none),,MoteBase,,,1.6\Defs\ThingDefs_Misc\Weapons\GravBlaster_GT.xml
46,GravTech,als.gravtech,GravBeamCannon,grav beam cannon,weapon,Ultra,3500,BaseHumanMakeableGun,WeaponsRanged,Gunsmithing,1.6\Defs\ThingDefs_Misc\Weapons\GravCannon_GT.xml
46,GravTech,als.gravtech,GravBarrierProj,gravity barrier,projectile,(none),,BaseBullet,,,1.6\Defs\ThingDefs_Misc\Weapons\GravCannon_GT.xml
46,GravTech,als.gravtech,GravBarrier_GT,gravity barrier,building,(none),,,,,1.6\Defs\ThingDefs_Misc\Weapons\GravCannon_GT.xml
46,GravTech,als.gravtech,GravBarrierCentre_GT,gravity barrier,building,(none),,EtherealThingBase,,,1.6\Defs\ThingDefs_Misc\Weapons\GravCannon_GT.xml
46,GravTech,als.gravtech,Mote_GravBeamBase,Mote,mote,(none),,MoteBase,,,1.6\Defs\ThingDefs_Misc\Weapons\GravCannon_GT.xml
46,GravTech,als.gravtech,GravHammer,grav hammer,weapon,Ultra,4200,BaseWeapon,WeaponsMelee,,1.6\Defs\ThingDefs_Misc\Weapons\GravHammer_GT.xml
46,GravTech,als.gravtech,GravHammerBladelink,persona grav hammer,weapon,Ultra,5200,GravHammer,WeaponsMeleeBladelink,,1.6\Defs\ThingDefs_Misc\Weapons\GravHammer_GT.xml
46,GravTech,als.gravtech,GravRifle,grav rifle,weapon,Ultra,4800,BaseHumanMakeableGun,WeaponsRanged,Gunsmithing,1.6\Defs\ThingDefs_Misc\Weapons\GravgunRifle_GT.xml
46,GravTech,als.gravtech,Bullet_GravRifle,bullet grav rifle,projectile,(none),,BaseBullet,,,1.6\Defs\ThingDefs_Misc\Weapons\GravgunRifle_GT.xml
46,GravTech,als.gravtech,Mote_GravRifle_Aim,Mote,mote,(none),,MoteBase,,,1.6\Defs\ThingDefs_Misc\Weapons\GravgunRifle_GT.xml
46,GravTech,als.gravtech,Bullet_GravRifleDistant,distant bullet grav rifle,projectile,(none),,BaseBullet,,,1.6\Defs\ThingDefs_Misc\Weapons\GravgunRifle_GT.xml
46,GravTech,als.gravtech,Plant_HydroDevilstrand_GT,hydroponic devilstrand,plant,(none),,PlantBase,Plants,,1.6\Defs\ThingDefs_Plants\Plants_Hyd_Devilstrand_GT.xml
47,Alpha Mechs,sarg.alphamechs,AM_Mote_HellsphereCannon_Aim,Mote,mote,(none),,MoteBase,,,1.6\Mods\Biotech\Defs\Effects\Mote_Visual.xml
47,Alpha Mechs,sarg.alphamechs,AM_Mote_HellsphereCannon_Target,Mote,mote,(none),,MoteBase,,,1.6\Mods\Biotech\Defs\Effects\Mote_Visual.xml
47,Alpha Mechs,sarg.alphamechs,AM_Mote_BloodPuff,Mote,mote,(none),,MoteBase,,,1.6\Mods\Biotech\Defs\Effects\Mote_Visual.xml
47,Alpha Mechs,sarg.alphamechs,AM_HeatGlow,Mote,mote,(none),,MoteBase,,,1.6\Mods\Biotech\Defs\Effects\Mote_Visual.xml
47,Alpha Mechs,sarg.alphamechs,AM_InfernusMechlinkBooster,mechband beamcaster (tier 4),building,(none),,BuildingBase,,AM_MechanoidBeamcasting,1.6\Mods\Biotech\Defs\ThingDefs_Buildings\Buildings_Misc.xml
47,Alpha Mechs,sarg.alphamechs,AM_WarEmpressMechlinkBooster,voidlink relay (tier 5),building,(none),,BuildingBase,,AM_VoidLinkConnectivity,1.6\Mods\Biotech\Defs\ThingDefs_Buildings\Buildings_Misc.xml
47,Alpha Mechs,sarg.alphamechs,AM_ApoptosisMechlinkBooster,quantum pulse complex (tier 6),building,(none),,BuildingBase,,AM_QuantumPulseMessaging,1.6\Mods\Biotech\Defs\ThingDefs_Buildings\Buildings_Misc.xml
47,Alpha Mechs,sarg.alphamechs,AM_BeamcasterBandNode,beamcaster band node,building,(none),,BuildingBase,,AM_VoidLinkConnectivity,1.6\Mods\Biotech\Defs\ThingDefs_Buildings\Buildings_Misc.xml
47,Alpha Mechs,sarg.alphamechs,AM_GreaterBandNode,voidlink band node,building,(none),,BuildingBase,,AM_Cryptoharmonization,1.6\Mods\Biotech\Defs\ThingDefs_Buildings\Buildings_Misc.xml
47,Alpha Mechs,sarg.alphamechs,AM_GreaterMechBooster,persistent mech booster,building,(none),,BuildingBase,BuildingsMisc,AM_QuantumPulseMessaging,1.6\Mods\Biotech\Defs\ThingDefs_Buildings\Buildings_Misc.xml
47,Alpha Mechs,sarg.alphamechs,AM_MechEfficiencyBooster,mech efficiency booster,building,(none),,BuildingBase,BuildingsMisc,AM_VoidLinkConnectivity,1.6\Mods\Biotech\Defs\ThingDefs_Buildings\Buildings_Misc.xml
47,Alpha Mechs,sarg.alphamechs,AM_MechArmorBooster,mech protection booster,building,(none),,BuildingBase,BuildingsMisc,AM_VoidLinkConnectivity,1.6\Mods\Biotech\Defs\ThingDefs_Buildings\Buildings_Misc.xml
47,Alpha Mechs,sarg.alphamechs,AM_MechTargettingBooster,mech targeting booster,building,(none),,BuildingBase,BuildingsMisc,AM_VoidLinkConnectivity,1.6\Mods\Biotech\Defs\ThingDefs_Buildings\Buildings_Misc.xml
47,Alpha Mechs,sarg.alphamechs,AM_MechDisruptor,mech disruptor,building,(none),,BuildingBase,BuildingsMisc,AM_MechanoidBeamcasting,1.6\Mods\Biotech\Defs\ThingDefs_Buildings\Buildings_Misc.xml
47,Alpha Mechs,sarg.alphamechs,AM_GreaterRecharger,voidlink mech recharger,building,(none),,BaseMechCharger,,AM_MechanoidBeamcasting,1.6\Mods\Biotech\Defs\ThingDefs_Buildings\Buildings_Rechargers.xml
47,Alpha Mechs,sarg.alphamechs,AM_HyperLinkageChip,hyper-linkage chip (tier 4),item,(none),1750,MechResourceBase,Manufactured,,1.6\Mods\Biotech\Defs\ThingDefs_Item\Items_Resource_Manufactured.xml
47,Alpha Mechs,sarg.alphamechs,AM_StellarProcessingChip,stellar processing chip (tier 5),item,(none),2000,MechResourceBase,Manufactured,,1.6\Mods\Biotech\Defs\ThingDefs_Item\Items_Resource_Manufactured.xml
47,Alpha Mechs,sarg.alphamechs,AM_QuantumMatrixChip,quantum matrix chip (tier 6),item,(none),2200,MechResourceBase,Manufactured,,1.6\Mods\Biotech\Defs\ThingDefs_Item\Items_Resource_Manufactured.xml
47,Alpha Mechs,sarg.alphamechs,AM_MechCommanderHelm,mech master helmet,apparel,Spacer,,ApparelArmorHelmetMechanitorBase,ArmorHeadgear,AM_MechanoidBeamcasting,1.6\Mods\Biotech\Defs\ThingDefs_Misc\Apparel_Headgear.xml
47,Alpha Mechs,sarg.alphamechs,AM_MechBreakerHelm,mech breaker helmet,apparel,Spacer,,ApparelArmorHelmetMechanitorBase,ArmorHeadgear,AM_QuantumPulseMessaging,1.6\Mods\Biotech\Defs\ThingDefs_Misc\Apparel_Headgear.xml
47,Alpha Mechs,sarg.alphamechs,AM_Apparel_ExpandedHeavyShield,mechanite shield unit,apparel,Medieval,,MechApparelBase,,,1.6\Mods\Biotech\Defs\ThingDefs_Misc\Apparel_Mech.xml
47,Alpha Mechs,sarg.alphamechs,AM_BeamcasterPack,beamcaster pack,apparel,Spacer,,MechanitorPackBase,ApparelUtility,AM_VoidLinkConnectivity,1.6\Mods\Biotech\Defs\ThingDefs_Misc\Apparel_Packs.xml
47,Alpha Mechs,sarg.alphamechs,AM_VoidlinkPack,voidlink pack,apparel,Spacer,,MechanitorPackBase,ApparelUtility,AM_QuantumPulseMessaging,1.6\Mods\Biotech\Defs\ThingDefs_Misc\Apparel_Packs.xml
47,Alpha Mechs,sarg.alphamechs,AM_CryptoPack,mech crypto-pack,apparel,Spacer,,MechanitorPackBase,ApparelUtility,AM_Cryptoharmonization,1.6\Mods\Biotech\Defs\ThingDefs_Misc\Apparel_Packs.xml
47,Alpha Mechs,sarg.alphamechs,AM_MechCommanderSuit,mech master suit,apparel,Spacer,,ApparelArmorPowerBase,ApparelArmor,AM_VoidLinkConnectivity,1.6\Mods\Biotech\Defs\ThingDefs_Misc\Apparel_Various.xml
47,Alpha Mechs,sarg.alphamechs,AM_MechBreakerArmor,mech breaker armor,apparel,Spacer,,ApparelArmorPowerBase,ApparelArmor,AM_Cryptoharmonization,1.6\Mods\Biotech\Defs\ThingDefs_Misc\Apparel_Various.xml
47,Alpha Mechs,sarg.alphamechs,AM_Gun_HellsphereOrbital,orbital strike targeter,weapon,Spacer,1400,BaseGun,WeaponsRanged,,1.6\Mods\Biotech\Defs\ThingDefs_Misc\Weapons\RangedMechanoid_Biotech.xml
47,Alpha Mechs,sarg.alphamechs,AM_Bullet_HellsphereCannonGun,orbital targeter,projectile,(none),,BaseBullet,,,1.6\Mods\Biotech\Defs\ThingDefs_Misc\Weapons\RangedMechanoid_Biotech.xml
47,Alpha Mechs,sarg.alphamechs,AM_Gun_CoilLance,coil lance,weapon,Spacer,,BaseGun,WeaponsRanged,,1.6\Mods\Biotech\Defs\ThingDefs_Misc\Weapons\RangedMechanoid_Biotech.xml
47,Alpha Mechs,sarg.alphamechs,AM_Gun_SuperHeavyChargeBlaster,super heavy charge blaster,weapon,Spacer,1400,BaseGun,WeaponsRanged,,1.6\Mods\Biotech\Defs\ThingDefs_Misc\Weapons\RangedMechanoid_Biotech.xml
47,Alpha Mechs,sarg.alphamechs,AM_Bullet_ChargeBlasterHeavy_Red,charge blaster shot,projectile,(none),,BaseBullet,,,1.6\Mods\Biotech\Defs\ThingDefs_Misc\Weapons\RangedMechanoid_Biotech.xml
47,Alpha Mechs,sarg.alphamechs,AM_Gun_AcidSpewer,acid spewer,weapon,Spacer,1400,BaseGun,WeaponsRanged,,1.6\Mods\Biotech\Defs\ThingDefs_Misc\Weapons\RangedMechanoid_Biotech.xml
47,Alpha Mechs,sarg.alphamechs,AM_Bullet_LaserRifle,laser shot,class:LaserBeamDef,(none),,AM_Bullet_LaserGeneric,,,1.6\Mods\Biotech\Defs\ThingDefs_Misc\Weapons\RangedMechanoid_Biotech.xml
47,Alpha Mechs,sarg.alphamechs,AM_BeamGraphic,laser beam,other,(none),,,,,1.6\Mods\Biotech\Defs\ThingDefs_Misc\Weapons\RangedMechanoid_Biotech.xml
47,Alpha Mechs,sarg.alphamechs,AM_Gun_HeavyLaser,heavy laser,weapon,Spacer,1500,BaseGun,WeaponsRanged,,1.6\Mods\Biotech\Defs\ThingDefs_Misc\Weapons\RangedMechanoid_Biotech.xml
47,Alpha Mechs,sarg.alphamechs,AM_SiegemelterTurret,siegemelter flamethrower,weapon,Spacer,1400,BaseGun,WeaponsRanged,,1.6\Mods\Biotech\Defs\ThingDefs_Misc\Weapons\RangedMechanoid_Biotech.xml
47,Alpha Mechs,sarg.alphamechs,AM_TeslaGun,chain tesla gun,weapon,Spacer,1400,BaseGun,WeaponsRanged,,1.6\Mods\Biotech\Defs\ThingDefs_Misc\Weapons\RangedMechanoid_Biotech.xml
47,Alpha Mechs,sarg.alphamechs,AM_Bullet_Tesla,chain tesla bolt,projectile,(none),,BaseBullet,,,1.6\Mods\Biotech\Defs\ThingDefs_Misc\Weapons\RangedMechanoid_Biotech.xml
47,Alpha Mechs,sarg.alphamechs,AM_StarfireTurret,starfire cannon,weapon,Spacer,1400,BaseGun,WeaponsRanged,,1.6\Mods\Biotech\Defs\ThingDefs_Misc\Weapons\RangedMechanoid_Biotech.xml
47,Alpha Mechs,sarg.alphamechs,AM_Bullet_Starfire,unstable singularity,projectile,(none),,BaseBullet,,,1.6\Mods\Biotech\Defs\ThingDefs_Misc\Weapons\RangedMechanoid_Biotech.xml
47,Alpha Mechs,sarg.alphamechs,AM_Bullet_Starfire_Secondary,energy discharge,projectile,(none),,BaseBullet,,,1.6\Mods\Biotech\Defs\ThingDefs_Misc\Weapons\RangedMechanoid_Biotech.xml
47,Alpha Mechs,sarg.alphamechs,AM_Gun_TacticalShotgun,tactical shotgun,weapon,Spacer,1500,LightMechanoidGunRanged,WeaponsRanged,,1.6\Mods\Biotech\Defs\ThingDefs_Misc\Weapons\RangedMechanoid_Biotech.xml
47,Alpha Mechs,sarg.alphamechs,AM_Bullet_TacticalShotgun,tactical shotgun blast,projectile,(none),,BaseBullet,,,1.6\Mods\Biotech\Defs\ThingDefs_Misc\Weapons\RangedMechanoid_Biotech.xml
47,Alpha Mechs,sarg.alphamechs,AM_BeamGraserCannon,graser cannon,weapon,Industrial,,BaseGun,WeaponsRanged,,1.6\Mods\Biotech\Defs\ThingDefs_Misc\Weapons\RangedMechanoid_Biotech.xml
47,Alpha Mechs,sarg.alphamechs,AM_Mote_GraserBeamBase,Mote,mote,(none),,MoteBase,,,1.6\Mods\Biotech\Defs\ThingDefs_Misc\Weapons\RangedMechanoid_Biotech.xml
47,Alpha Mechs,sarg.alphamechs,AM_MechanoidGunRotaryNeedle,rotary needle launcher,weapon,Spacer,1400,NeedleGunBase,WeaponsRanged,,1.6\Mods\Biotech\Defs\ThingDefs_Misc\Weapons\RangedMechanoid_Biotech.xml
47,Alpha Mechs,sarg.alphamechs,AM_Bullet_NeedleGun,needle shot,projectile,(none),,BaseBullet,,,1.6\Mods\Biotech\Defs\ThingDefs_Misc\Weapons\RangedMechanoid_Biotech.xml
47,Alpha Mechs,sarg.alphamechs,AM_Gun_MiniNeedle,mini needle gun,weapon,Spacer,1200,BaseGun,WeaponsRanged,,1.6\Mods\Biotech\Defs\ThingDefs_Misc\Weapons\RangedMechanoid_Biotech.xml
47,Alpha Mechs,sarg.alphamechs,AM_Bullet_MiniNeedleGun,mini needle shot,projectile,(none),,BaseBullet,,,1.6\Mods\Biotech\Defs\ThingDefs_Misc\Weapons\RangedMechanoid_Biotech.xml
47,Alpha Mechs,sarg.alphamechs,AM_MechanoidMortar,mortar,weapon,Spacer,1400,BaseGun,WeaponsRanged,,1.6\Mods\Biotech\Defs\ThingDefs_Misc\Weapons\RangedMechanoid_Biotech.xml
47,Alpha Mechs,sarg.alphamechs,AM_MortarCanister,explosive canister,projectile,(none),,,,,1.6\Mods\Biotech\Defs\ThingDefs_Misc\Weapons\RangedMechanoid_Biotech.xml
47,Alpha Mechs,sarg.alphamechs,AM_Apoptosis,apoptosis,pawn,(none),1600,BaseMechanoidWalker,,,1.6\Mods\Biotech\Defs\ThingDefs_RacesMechanoids\Races_Apoptosis.xml
47,Alpha Mechs,sarg.alphamechs,AM_Gun_SoulDrainTurret,apoptosis turret,weapon,(none),,BaseWeaponTurret,,,1.6\Mods\Biotech\Defs\ThingDefs_RacesMechanoids\Races_Apoptosis.xml
47,Alpha Mechs,sarg.alphamechs,AM_Bullet_SoulDrain,soul drain,projectile,(none),,BaseBullet,,,1.6\Mods\Biotech\Defs\ThingDefs_RacesMechanoids\Races_Apoptosis.xml
47,Alpha Mechs,sarg.alphamechs,AM_Mech_Bellicor,bellicor,pawn,(none),1600,BaseMechanoid,,,1.6\Mods\Biotech\Defs\ThingDefs_RacesMechanoids\Races_Bellicor.xml
47,Alpha Mechs,sarg.alphamechs,AM_Mech_Artilleron,artilleron,pawn,(none),1600,BaseMechanoid,,,1.6\Mods\Biotech\Defs\ThingDefs_RacesMechanoids\Races_Bellicor_Mortar.xml
47,Alpha Mechs,sarg.alphamechs,AM_Blitzkrieg,blitzkrieg,pawn,(none),800,LightMechanoid,,,1.6\Mods\Biotech\Defs\ThingDefs_RacesMechanoids\Races_Blitzkrieg.xml
47,Alpha Mechs,sarg.alphamechs,AM_Mech_Guttersnipe,guttersnipe,pawn,(none),800,LightMechanoid,,,1.6\Mods\Biotech\Defs\ThingDefs_RacesMechanoids\Races_Guttersnipe.xml
47,Alpha Mechs,sarg.alphamechs,AM_Infernus,infernus,pawn,(none),1600,SuperHeavyMechanoid,,,1.6\Mods\Biotech\Defs\ThingDefs_RacesMechanoids\Races_Infernus.xml
47,Alpha Mechs,sarg.alphamechs,AM_Mech_Legate,legate,pawn,(none),1600,SuperHeavyMechanoid,,,1.6\Mods\Biotech\Defs\ThingDefs_RacesMechanoids\Races_Legate.xml
47,Alpha Mechs,sarg.alphamechs,AM_Mech_Lux,lux,pawn,(none),1200,BaseMechanoidWalker,,,1.6\Mods\Biotech\Defs\ThingDefs_RacesMechanoids\Races_Lux.xml
47,Alpha Mechs,sarg.alphamechs,AM_Mech_MasterChef,culinarius,pawn,(none),800,LightMechanoid,,,1.6\Mods\Biotech\Defs\ThingDefs_RacesMechanoids\Races_MasterChef.xml
47,Alpha Mechs,sarg.alphamechs,AM_Mech_Munifex,munifex,pawn,(none),1200,BaseMechanoidWalker,,,1.6\Mods\Biotech\Defs\ThingDefs_RacesMechanoids\Races_Munifex.xml
47,Alpha Mechs,sarg.alphamechs,AM_Mech_Optio,optio,pawn,(none),1800,LancerMechanoidWalker,,,1.6\Mods\Biotech\Defs\ThingDefs_RacesMechanoids\Races_Optio.xml
47,Alpha Mechs,sarg.alphamechs,AM_Mech_Polychoron,polychoron,pawn,(none),1200,LancerMechanoidWalker,,,1.6\Mods\Biotech\Defs\ThingDefs_RacesMechanoids\Races_Polychoron.xml
47,Alpha Mechs,sarg.alphamechs,AM_Mech_PristineAssembler,pristine assembler,pawn,(none),1200,AM_MediumMechanoid,,,1.6\Mods\Biotech\Defs\ThingDefs_RacesMechanoids\Races_PristineAssembler.xml
47,Alpha Mechs,sarg.alphamechs,AM_Mech_PristineSlurrypede,pristine slurrypede,pawn,(none),1200,AM_MediumMechanoid,,,1.6\Mods\Biotech\Defs\ThingDefs_RacesMechanoids\Races_PristineSlurrypede.xml
47,Alpha Mechs,sarg.alphamechs,AM_PristineStrider,pristine strider,pawn,(none),1200,AM_MediumMechanoid,,,1.6\Mods\Biotech\Defs\ThingDefs_RacesMechanoids\Races_PristineStrider.xml
47,Alpha Mechs,sarg.alphamechs,AM_Mech_Sagittarius,sagittarius,pawn,(none),1200,BaseMechanoidWalker,,,1.6\Mods\Biotech\Defs\ThingDefs_RacesMechanoids\Races_Sagittarius.xml
47,Alpha Mechs,sarg.alphamechs,AM_Siegemelter,siegemelter,pawn,(none),1200,BaseMechanoid,,,1.6\Mods\Biotech\Defs\ThingDefs_RacesMechanoids\Races_Siegemelter.xml
47,Alpha Mechs,sarg.alphamechs,AM_Starfire,starfire,pawn,(none),1200,BaseMechanoid,,,1.6\Mods\Biotech\Defs\ThingDefs_RacesMechanoids\Races_Starfire.xml
47,Alpha Mechs,sarg.alphamechs,AM_Mech_TurboCleaner,turbocleaner,pawn,(none),800,LightMechanoid,,,1.6\Mods\Biotech\Defs\ThingDefs_RacesMechanoids\Races_TurboCleaner.xml
47,Alpha Mechs,sarg.alphamechs,AM_WarEmpress,war empress,pawn,(none),1600,SuperHeavyMechanoid,,,1.6\Mods\Biotech\Defs\ThingDefs_RacesMechanoids\Races_WarEmpress.xml
47,Alpha Mechs,sarg.alphamechs,AM_Gun_SniperTurret,sniper turret,weapon,(none),,BaseWeaponTurret,,,1.6\Mods\Biotech\Defs\ThingDefs_RacesMechanoids\Races_WarEmpress.xml
47,Alpha Mechs,sarg.alphamechs,AM_Bullet_SniperTurret,heavy slug,projectile,(none),,BaseBullet,,,1.6\Mods\Biotech\Defs\ThingDefs_RacesMechanoids\Races_WarEmpress.xml
47,Alpha Mechs,sarg.alphamechs,AM_FrostPuff,frosty air,parent:AM_BaseGas,(none),,AM_BaseGas,,,1.6\Defs\ThingDefs_Misc\Gas_Various.xml
47,Alpha Mechs,sarg.alphamechs,AM_Flamethrower,flamethrower,weapon,Spacer,1400,AM_FlamethrowerBase,WeaponsRanged,,1.6\Defs\ThingDefs_Misc\Weapons\RangedMechanoid.xml
47,Alpha Mechs,sarg.alphamechs,AM_Gun_GoliathChargeBlaster,goliath charge blaster,weapon,Spacer,1400,BaseGun,WeaponsRanged,,1.6\Defs\ThingDefs_Misc\Weapons\RangedMechanoid.xml
47,Alpha Mechs,sarg.alphamechs,AM_Gun_GoliathNeedle,goliath needle gun,weapon,Spacer,1400,BaseGun,WeaponsRanged,,1.6\Defs\ThingDefs_Misc\Weapons\RangedMechanoid.xml
47,Alpha Mechs,sarg.alphamechs,AM_CryogenicGun,cryogenic gun,weapon,Spacer,1400,AM_CryogenicGunBase,WeaponsRanged,,1.6\Defs\ThingDefs_Misc\Weapons\RangedMechanoid.xml
47,Alpha Mechs,sarg.alphamechs,AM_CryoBullet,cryogenic pellet,projectile,(none),,BaseBullet,,,1.6\Defs\ThingDefs_Misc\Weapons\RangedMechanoid.xml
47,Alpha Mechs,sarg.alphamechs,AM_SiegebreakerTurret,siege turret,weapon,Spacer,1400,AM_SiegeTurretBase,WeaponsRanged,,1.6\Defs\ThingDefs_Misc\Weapons\RangedMechanoid.xml
47,Alpha Mechs,sarg.alphamechs,AM_Bullet_Shell_Explosive,high-explosive shell,projectile,(none),,BaseBullet,,,1.6\Defs\ThingDefs_Misc\Weapons\RangedMechanoid.xml
47,Alpha Mechs,sarg.alphamechs,AM_DemolisherChargeBase,demolisher charges,weapon,Spacer,1400,AM_DemolisherChargeBase,WeaponsRanged,,1.6\Defs\ThingDefs_Misc\Weapons\RangedMechanoid.xml
47,Alpha Mechs,sarg.alphamechs,AM_Bullet_Shell_Demolisher,demolisher charge,projectile,(none),,BaseBullet,,,1.6\Defs\ThingDefs_Misc\Weapons\RangedMechanoid.xml
47,Alpha Mechs,sarg.alphamechs,AM_Aura,aura,pawn,(none),1200,BaseMechanoidWalker,,,1.6\Defs\ThingDefs_RacesMechanoids\Races_Aura.xml
47,Alpha Mechs,sarg.alphamechs,AM_Daggersnout,daggersnout,pawn,(none),1200,BaseMechanoidWalker,,,1.6\Defs\ThingDefs_RacesMechanoids\Races_Daggersnout.xml
47,Alpha Mechs,sarg.alphamechs,AM_Demolisher,demolisher,pawn,(none),1200,BaseMechanoid,,,1.6\Defs\ThingDefs_RacesMechanoids\Races_Demolisher.xml
47,Alpha Mechs,sarg.alphamechs,AM_Fireworm,fireworm,pawn,(none),1200,BaseMechanoid,,,1.6\Defs\ThingDefs_RacesMechanoids\Races_Fireworm.xml
47,Alpha Mechs,sarg.alphamechs,AM_Goliath,goliath,pawn,(none),1200,BaseMechanoid,,,1.6\Defs\ThingDefs_RacesMechanoids\Races_Goliath.xml
47,Alpha Mechs,sarg.alphamechs,AM_Phalanx,phalanx,pawn,(none),1200,BaseMechanoid,,,1.6\Defs\ThingDefs_RacesMechanoids\Races_Phalanx.xml
47,Alpha Mechs,sarg.alphamechs,AM_Siegebreaker,siegebreaker,pawn,(none),1200,BaseMechanoid,,,1.6\Defs\ThingDefs_RacesMechanoids\Races_Siegebreaker.xml
48,Vanilla Furniture Expanded - Spacer Module,vanillaexpanded.vfespacer,Bed_AdvBed,advanced bed,building,Spacer,,VFES_AdvancedBedBase,BuildingsFurniture,SpacerFurniture,1.6\Defs\Buildings_Furniture\Buildings_Beds.xml
48,Vanilla Furniture Expanded - Spacer Module,vanillaexpanded.vfespacer,Bed_AdvDoubleBed,advanced double bed,building,Spacer,,VFES_AdvancedBedBase,BuildingsFurniture,SpacerFurniture,1.6\Defs\Buildings_Furniture\Buildings_Beds.xml
48,Vanilla Furniture Expanded - Spacer Module,vanillaexpanded.vfespacer,Table_IlluminatedEndTable,illuminated end table,building,Industrial,,TableBase,BuildingsFurniture,SpacerFurniture,1.6\Defs\Buildings_Furniture\Buildings_Beds.xml
48,Vanilla Furniture Expanded - Spacer Module,vanillaexpanded.vfespacer,Table_IlluminatedDresser,illuminated dresser,building,Industrial,,ArtableFurnitureBase,BuildingsFurniture,SpacerFurniture,1.6\Defs\Buildings_Furniture\Buildings_Beds.xml
48,Vanilla Furniture Expanded - Spacer Module,vanillaexpanded.vfespacer,VFES_Table_IlluminatedWardrobe,illuminated wardrobe,building,Industrial,,ArtableFurnitureBase,BuildingsFurniture,SpacerFurniture,1.6\Defs\Buildings_Furniture\Buildings_Beds.xml
48,Vanilla Furniture Expanded - Spacer Module,vanillaexpanded.vfespacer,UltrascreenTV,hyperscreen television,building,Spacer,,BuildingBase,BuildingsJoy,SpacerElectronics,1.6\Defs\Buildings_Furniture\Buildings_Joy.xml
48,Vanilla Furniture Expanded - Spacer Module,vanillaexpanded.vfespacer,VFES_WallMountedTelevision,wall-mounted television,building,Spacer,,BuildingBase,BuildingsJoy,SpacerElectronics,1.6\Defs\Buildings_Furniture\Buildings_Joy.xml
48,Vanilla Furniture Expanded - Spacer Module,vanillaexpanded.vfespacer,VFES_TelevisionSpeaker,television speaker,item,Spacer,,BuildingBase,BuildingsFurniture,SpacerElectronics,1.6\Defs\Buildings_Furniture\Buildings_Joy.xml
48,Vanilla Furniture Expanded - Spacer Module,vanillaexpanded.vfespacer,Shelf_RepairRack,mechanite repair shelf,building,Ultra,,FurnitureBase,BuildingsMisc,SpacerElectronics,1.6\Defs\Buildings_Furniture\Buildings_Misc.xml
48,Vanilla Furniture Expanded - Spacer Module,vanillaexpanded.vfespacer,Spacer_OutdoorLamp,outdoor solar lamp,building,Spacer,,LampBase,BuildingsFurniture,SpacerElectronics,1.6\Defs\Buildings_Furniture\Buildings_Misc.xml
48,Vanilla Furniture Expanded - Spacer Module,vanillaexpanded.vfespacer,VFES_AirPurifier,air purifier,item,Spacer,,BuildingBase,BuildingsFurniture,SpacerElectronics,1.6\Defs\Buildings_Furniture\Buildings_Misc.xml
48,Vanilla Furniture Expanded - Spacer Module,vanillaexpanded.vfespacer,Seat_AdvChair,advanced chair,building,Spacer,,ArtableFurnitureBase,BuildingsFurniture,SpacerFurniture,1.6\Defs\Buildings_Furniture\Buildings_Seating.xml
48,Vanilla Furniture Expanded - Spacer Module,vanillaexpanded.vfespacer,VFES_ModernArmchair,modern armchair,building,Spacer,,FurnitureWithQualityBase,BuildingsFurniture,SpacerFurniture,1.6\Defs\Buildings_Furniture\Buildings_Seating.xml
48,Vanilla Furniture Expanded - Spacer Module,vanillaexpanded.vfespacer,VFES_ModernCouch,modern couch,building,Spacer,,FurnitureWithQualityBase,BuildingsFurniture,SpacerFurniture,1.6\Defs\Buildings_Furniture\Buildings_Seating.xml
48,Vanilla Furniture Expanded - Spacer Module,vanillaexpanded.vfespacer,Table_interactive_1x1c,interactive table (1x1),building,Spacer,,VFES_InteractiveTableBase,BuildingsFurniture,SpacerElectronics,1.6\Defs\Buildings_Furniture\Buildings_Tables.xml
48,Vanilla Furniture Expanded - Spacer Module,vanillaexpanded.vfespacer,Table_interactive_2x2c,interactive table (2x2),building,Spacer,,VFES_InteractiveTableBase,BuildingsFurniture,SpacerElectronics,1.6\Defs\Buildings_Furniture\Buildings_Tables.xml
49,Better Traders Guild,shunter.bettertradersguild,BTG_CargoVaultExit,cargo vault exit,building,(none),,PocketMapExit,,,1.6\Defs\ThingDefs\CargoVaultExit.xml
49,Better Traders Guild,shunter.bettertradersguild,BTG_CargoVaultHatch,secure cargo vault hatch,building,(none),,BuildingBase,,,1.6\Defs\ThingDefs\CargoVaultHatch.xml
49,Better Traders Guild,shunter.bettertradersguild,BTG_CargoVaultHatch_Sealed,sealed cargo vault hatch,building,(none),,BuildingBase,,,1.6\Defs\ThingDefs\CargoVaultHatch_Sealed.xml
50,Biotech for Gravship,als.biotechgravship,BfG_NeuralSupercharger,floor neural supercharger,building,(none),,BuildingBase,BuildingsMisc,NeuralSupercharger;GravBiotech,1.6\Mods\Ideology\Defs\ThingDefs_Buildings\Buildings_Ideo_BfG.xml
50,Biotech for Gravship,als.biotechgravship,BfG_GravFocuser,gravity focuser,bodypart,Spacer,,,BodyPartsMechtech,GravBiotech,1.6\Mods\Royalty\Defs\ThingDefs_Items\GravFocuser_BfG.xml
50,Biotech for Gravship,als.biotechgravship,Mote_PhaseFormGlow,Mote,mote,(none),,MoteBase,,,1.6\Defs\Ability_BfG.xml
50,Biotech for Gravship,als.biotechgravship,Mote_ReinforceShieldGlow,Mote,mote,(none),,MoteBase,,,1.6\Defs\Ability_BfG.xml
50,Biotech for Gravship,als.biotechgravship,BfG_MechGestatorForming_South,Mote,parent:MechGestatorFormingBase,(none),,MechGestatorFormingBase,,,1.6\Defs\Effects\Mote_Misc.xml
50,Biotech for Gravship,als.biotechgravship,BfG_MechGestatorForming_East,Mote,parent:MechGestatorFormingBase,(none),,MechGestatorFormingBase,,,1.6\Defs\Effects\Mote_Misc.xml
50,Biotech for Gravship,als.biotechgravship,BfG_MechGestatorForming_West,Mote,parent:MechGestatorFormingBase,(none),,MechGestatorFormingBase,,,1.6\Defs\Effects\Mote_Misc.xml
50,Biotech for Gravship,als.biotechgravship,BfG_MechGestatorForming_North,Mote,parent:MechGestatorFormingBase,(none),,MechGestatorFormingBase,,,1.6\Defs\Effects\Mote_Misc.xml
50,Biotech for Gravship,als.biotechgravship,BfG_MechGestatorCycleComplete_South,Mote,parent:BfG_MechGestatorFormingSouth,(none),,BfG_MechGestatorFormingSouth,,,1.6\Defs\Effects\Mote_Misc.xml
50,Biotech for Gravship,als.biotechgravship,BfG_MechGestatorCycleComplete_East,Mote,parent:BfG_MechGestatorFormingEast,(none),,BfG_MechGestatorFormingEast,,,1.6\Defs\Effects\Mote_Misc.xml
50,Biotech for Gravship,als.biotechgravship,BfG_MechGestatorCycleComplete_West,Mote,parent:BfG_MechGestatorFormingWest,(none),,BfG_MechGestatorFormingWest,,,1.6\Defs\Effects\Mote_Misc.xml
50,Biotech for Gravship,als.biotechgravship,BfG_MechGestatorCycleComplete_North,Mote,parent:BfG_MechGestatorFormingNorth,(none),,BfG_MechGestatorFormingNorth,,,1.6\Defs\Effects\Mote_Misc.xml
50,Biotech for Gravship,als.biotechgravship,BfG_MechGestatorFormed_South,Mote,parent:BfG_MechGestatorFormingSouth,(none),,BfG_MechGestatorFormingSouth,,,1.6\Defs\Effects\Mote_Misc.xml
50,Biotech for Gravship,als.biotechgravship,BfG_MechGestatorFormed_East,Mote,parent:BfG_MechGestatorFormingEast,(none),,BfG_MechGestatorFormingEast,,,1.6\Defs\Effects\Mote_Misc.xml
50,Biotech for Gravship,als.biotechgravship,BfG_MechGestatorFormed_West,Mote,parent:BfG_MechGestatorFormingWest,(none),,BfG_MechGestatorFormingWest,,,1.6\Defs\Effects\Mote_Misc.xml
50,Biotech for Gravship,als.biotechgravship,BfG_MechGestatorFormed_North,Mote,parent:BfG_MechGestatorFormingNorth,(none),,BfG_MechGestatorFormingNorth,,,1.6\Defs\Effects\Mote_Misc.xml
50,Biotech for Gravship,als.biotechgravship,BfG_MechGestatorFormingLarge_South,Mote,parent:MechGestatorFormingBase,(none),,MechGestatorFormingBase,,,1.6\Defs\Effects\Mote_Misc.xml
50,Biotech for Gravship,als.biotechgravship,BfG_MechGestatorFormingLarge_East,Mote,parent:MechGestatorFormingBase,(none),,MechGestatorFormingBase,,,1.6\Defs\Effects\Mote_Misc.xml
50,Biotech for Gravship,als.biotechgravship,BfG_MechGestatorFormingLarge_West,Mote,parent:MechGestatorFormingBase,(none),,MechGestatorFormingBase,,,1.6\Defs\Effects\Mote_Misc.xml
50,Biotech for Gravship,als.biotechgravship,BfG_MechGestatorFormingLarge_North,Mote,parent:MechGestatorFormingBase,(none),,MechGestatorFormingBase,,,1.6\Defs\Effects\Mote_Misc.xml
50,Biotech for Gravship,als.biotechgravship,BfG_MechGestatorCycleCompleteLarge_South,Mote,parent:BfG_MechGestatorFormingLargeSouth,(none),,BfG_MechGestatorFormingLargeSouth,,,1.6\Defs\Effects\Mote_Misc.xml
50,Biotech for Gravship,als.biotechgravship,BfG_MechGestatorCycleCompleteLarge_East,Mote,parent:BfG_MechGestatorFormingLargeEast,(none),,BfG_MechGestatorFormingLargeEast,,,1.6\Defs\Effects\Mote_Misc.xml
50,Biotech for Gravship,als.biotechgravship,BfG_MechGestatorCycleCompleteLarge_West,Mote,parent:BfG_MechGestatorFormingLargeWest,(none),,BfG_MechGestatorFormingLargeWest,,,1.6\Defs\Effects\Mote_Misc.xml
50,Biotech for Gravship,als.biotechgravship,BfG_MechGestatorCycleCompleteLarge_North,Mote,parent:BfG_MechGestatorFormingLargeNorth,(none),,BfG_MechGestatorFormingLargeNorth,,,1.6\Defs\Effects\Mote_Misc.xml
50,Biotech for Gravship,als.biotechgravship,BfG_MechGestatorFormedLarge_South,Mote,parent:BfG_MechGestatorFormingLargeSouth,(none),,BfG_MechGestatorFormingLargeSouth,,,1.6\Defs\Effects\Mote_Misc.xml
50,Biotech for Gravship,als.biotechgravship,BfG_MechGestatorFormedLarge_East,Mote,parent:BfG_MechGestatorFormingLargeEast,(none),,BfG_MechGestatorFormingLargeEast,,,1.6\Defs\Effects\Mote_Misc.xml
50,Biotech for Gravship,als.biotechgravship,BfG_MechGestatorFormedLarge_West,Mote,parent:BfG_MechGestatorFormingLargeWest,(none),,BfG_MechGestatorFormingLargeWest,,,1.6\Defs\Effects\Mote_Misc.xml
50,Biotech for Gravship,als.biotechgravship,BfG_MechGestatorFormedLarge_North,Mote,parent:BfG_MechGestatorFormingLargeNorth,(none),,BfG_MechGestatorFormingLargeNorth,,,1.6\Defs\Effects\Mote_Misc.xml
50,Biotech for Gravship,als.biotechgravship,BfG_Mote_SubcoreEncoderNorth,Mote,mote,(none),,SubcoreEncoderMoteBase,,,1.6\Defs\Effects\Mote_Misc.xml
50,Biotech for Gravship,als.biotechgravship,BfG_Mote_SubcoreEncoderSouth,Mote,mote,(none),,SubcoreEncoderMoteBase,,,1.6\Defs\Effects\Mote_Misc.xml
50,Biotech for Gravship,als.biotechgravship,BfG_Mote_SubcoreEncoderEast,Mote,mote,(none),,SubcoreEncoderMoteBase,,,1.6\Defs\Effects\Mote_Misc.xml
50,Biotech for Gravship,als.biotechgravship,BfG_Mote_SubcoreEncoderWest,Mote,mote,(none),,SubcoreEncoderMoteBase,,,1.6\Defs\Effects\Mote_Misc.xml
50,Biotech for Gravship,als.biotechgravship,BfG_DeathrestCasket,deathrest hearse,building,(none),,DeathrestCasket,,GravDeathrest,1.6\Defs\ThingDefs_Buildings\Buildings_Deathrest_BfG.xml
50,Biotech for Gravship,als.biotechgravship,BfG_Hemopump,hemopump pillar,building,(none),,DeathrestBuildingHemogenFueled,BuildingsMisc,GravDeathrest,1.6\Defs\ThingDefs_Buildings\Buildings_Deathrest_BfG.xml
50,Biotech for Gravship,als.biotechgravship,BfG_FloorHemopump,floor hemopump,building,(none),,DeathrestBuildingHemogenFueled,BuildingsMisc,GravDeathrest,1.6\Defs\ThingDefs_Buildings\Buildings_Deathrest_BfG.xml
50,Biotech for Gravship,als.biotechgravship,BfG_HemogenAmplifier,hemogen amplifier pillar,building,(none),,DeathrestBuildingHemogenFueled,BuildingsMisc,GravDeathrest,1.6\Defs\ThingDefs_Buildings\Buildings_Deathrest_BfG.xml
50,Biotech for Gravship,als.biotechgravship,BfG_GlucosoidPump,glucosoid pump pillar,building,(none),,DeathrestBuildingHemogenFueled,BuildingsMisc,GravDeathrest,1.6\Defs\ThingDefs_Buildings\Buildings_Deathrest_BfG.xml
50,Biotech for Gravship,als.biotechgravship,BfG_PsychofluidPump,psychofluid pump pillar,building,(none),,DeathrestBuildingHemogenFueled,BuildingsMisc,GravDeathrest,1.6\Defs\ThingDefs_Buildings\Buildings_Deathrest_BfG.xml
50,Biotech for Gravship,als.biotechgravship,BfG_DeathrestAccelerator,deathrest accelerator pillar,building,(none),,DeathrestBuildingBase,BuildingsMisc,GravDeathrest,1.6\Defs\ThingDefs_Buildings\Buildings_Deathrest_BfG.xml
50,Biotech for Gravship,als.biotechgravship,BfG_BandNode,mounted band node,building,(none),,BuildingBase,BuildingsMisc,BasicMechtech;GravBiotech,1.6\Defs\ThingDefs_Buildings\Buildings_Misc_BfG.xml
50,Biotech for Gravship,als.biotechgravship,BfG_GeneBank,vertical gene bank,building,(none),,GeneBuildingBase,BuildingsProduction,GravBiotech,1.6\Defs\ThingDefs_Buildings\Buildings_Misc_BfG.xml
50,Biotech for Gravship,als.biotechgravship,BfG_GeneExtractor,smaller gene extractor,building,(none),,BuildingBase,BuildingsMisc,Xenogermination;GravBiotech,1.6\Defs\ThingDefs_Buildings\Buildings_Misc_BfG.xml
50,Biotech for Gravship,als.biotechgravship,BfG_GeneProcessor,advanced gene processor,building,(none),,BuildingBase,BuildingsMisc,GeneProcessor;GravBiotech,1.6\Defs\ThingDefs_Buildings\Buildings_Misc_BfG.xml
50,Biotech for Gravship,als.biotechgravship,BfG_MechBooster,floor mech booster,building,(none),,BuildingBase,,HighMechtech;GravBiotech,1.6\Defs\ThingDefs_Buildings\Buildings_Misc_BfG.xml
50,Biotech for Gravship,als.biotechgravship,BfG_ToxifierGenerator,gravcore toxifier generator,building,(none),,BuildingBase,,ToxifierGenerator;GravBiotech,1.6\Defs\ThingDefs_Buildings\Buildings_Misc_BfG.xml
50,Biotech for Gravship,als.biotechgravship,BfG_PollutionPump,gravcore pollution pump,building,(none),,BuildingBase,BuildingsMisc,GravBiotech,1.6\Defs\ThingDefs_Buildings\Buildings_Misc_BfG.xml
50,Biotech for Gravship,als.biotechgravship,BfG_WastepackAtomizer,floor wastepack atomizer,building,(none),,BuildingBase,,WastepackAtomizer;GravBiotech,1.6\Defs\ThingDefs_Buildings\Buildings_Misc_BfG.xml
50,Biotech for Gravship,als.biotechgravship,BfG_MechGestator,gravship mech gestator,building,(none),,MechGestator,,GravBiotech,1.6\Defs\ThingDefs_Buildings\Buildings_Production_BfG.xml
50,Biotech for Gravship,als.biotechgravship,BfG_LargeMechGestator,gravship large mech gestator,building,(none),,LargeMechGestator,,GravBiotech,1.6\Defs\ThingDefs_Buildings\Buildings_Production_BfG.xml
50,Biotech for Gravship,als.biotechgravship,BfG_SubcoreEncoder,gravship subcore encoder,parent:SubcoreEncoder,(none),,SubcoreEncoder,,GravBiotech,1.6\Defs\ThingDefs_Buildings\Buildings_Production_BfG.xml
50,Biotech for Gravship,als.biotechgravship,BfG_SubcoreSoftscanner,gravship subcore softscanner,building,(none),,SubcoreSoftscanner,,GravBiotech,1.6\Defs\ThingDefs_Buildings\Buildings_Production_BfG.xml
50,Biotech for Gravship,als.biotechgravship,BfG_SubcoreRipscanner,gravship subcore ripscanner,building,(none),,SubcoreRipscanner,,GravBiotech,1.6\Defs\ThingDefs_Buildings\Buildings_Production_BfG.xml
50,Biotech for Gravship,als.biotechgravship,BfG_BasicRecharger,floor mech recharger,building,(none),,BaseMechCharger,,BasicMechtech;GravBiotech,1.6\Defs\ThingDefs_Buildings\Buildings_Rechargers_BfG.xml
50,Biotech for Gravship,als.biotechgravship,BfG_StandardRecharger,large floor mech recharger,building,(none),,BaseMechCharger,,StandardMechtech;GravBiotech,1.6\Defs\ThingDefs_Buildings\Buildings_Rechargers_BfG.xml
50,Biotech for Gravship,als.biotechgravship,BfG_Mech_Fidget,fidget,pawn,(none),1600,BaseMechanoid,,,1.6\Defs\ThingDefs_Races\Races_Fidget_BfG.xml
50,Biotech for Gravship,als.biotechgravship,BfG_Mech_Shredder,shredder,pawn,(none),1700,BaseMechanoid,,,1.6\Defs\ThingDefs_Races\Races_Shredder_BfG.xml
52,Vanilla Factions Expanded - Classical,oskarpotocki.vfe.classical,VFEC_Opium,opium,food/drug,Neolithic,12,DrugPillBase,Drugs,,1.6\Defs\Drugs\Opium.xml
52,Vanilla Factions Expanded - Classical,oskarpotocki.vfe.classical,VFEC_Tent,tent,building,(none),,FurnitureBase,BuildingsFurniture,VFEC_LegionaryArmaments,1.6\Defs\ThingDefs_Buildings\Buildings_Furniture.xml
52,Vanilla Factions Expanded - Classical,oskarpotocki.vfe.classical,VFEC_Thermaebath,thermaebath,building,(none),,BuildingBase,,VFEC_Thermaebath,1.6\Defs\ThingDefs_Buildings\Buildings_Joy.xml
52,Vanilla Factions Expanded - Classical,oskarpotocki.vfe.classical,VFEC_TheatreStage,theatre stage,building,(none),,BuildingBase,,VFEC_DramaAndComedy,1.6\Defs\ThingDefs_Buildings\Buildings_Joy.xml
52,Vanilla Factions Expanded - Classical,oskarpotocki.vfe.classical,VFEC_Beacon,beacon,parent:BuildingBase,(none),,BuildingBase,,VFEC_Beacons,1.6\Defs\ThingDefs_Buildings\Buildings_Misc.xml
52,Vanilla Factions Expanded - Classical,oskarpotocki.vfe.classical,VFEC_MeatDryingRack,meat drying rack,parent:BuildingBase,(none),,BuildingBase,,VFEC_MeatDrying,1.6\Defs\ThingDefs_Buildings\Buildings_Production.xml
52,Vanilla Factions Expanded - Classical,oskarpotocki.vfe.classical,VFEC_CraftingBench,crafting bench,building,(none),,BenchBase,BuildingsProduction,VFEC_CraftingBench,1.6\Defs\ThingDefs_Buildings\Buildings_Production.xml
52,Vanilla Factions Expanded - Classical,oskarpotocki.vfe.classical,VFEC_WoodFiredCrematorium,wood-fired crematorium,building,(none),,BuildingBase,,VFEC_WoodfiredCrematorium,1.6\Defs\ThingDefs_Buildings\Buildings_Production.xml
52,Vanilla Factions Expanded - Classical,oskarpotocki.vfe.classical,VFEC_ConcretePress,cement press,building,(none),,BuildingBase,,VFEC_CementMaking,1.6\Defs\ThingDefs_Buildings\Buildings_Production.xml
52,Vanilla Factions Expanded - Classical,oskarpotocki.vfe.classical,VFEC_TyrianFarm,tyrian farm,parent:BuildingBase,(none),,BuildingBase,,VFEC_TyrianProduction,1.6\Defs\ThingDefs_Buildings\Buildings_Production.xml
52,Vanilla Factions Expanded - Classical,oskarpotocki.vfe.classical,VFEC_Turret_Scorpion,scorpion turret,building,(none),,BuildingBase,BuildingsSecurity,VFEC_Scorpion,1.6\Defs\ThingDefs_Buildings\Buildings_Security_Turrets.xml
52,Vanilla Factions Expanded - Classical,oskarpotocki.vfe.classical,VFEC_TurretGun_Scorpion,scorpion,weapon,(none),,BaseWeaponTurret,,,1.6\Defs\ThingDefs_Buildings\Buildings_Security_Turrets.xml
52,Vanilla Factions Expanded - Classical,oskarpotocki.vfe.classical,VFEC_LargePassiveCooler,large passive cooler,building,(none),,BuildingBase,,VFEC_TemperatureControl,1.6\Defs\ThingDefs_Buildings\Buildings_Temperature.xml
52,Vanilla Factions Expanded - Classical,oskarpotocki.vfe.classical,VFEC_HeatStones,heat stones,building,(none),,BuildingBase,,VFEC_TemperatureControl,1.6\Defs\ThingDefs_Buildings\Buildings_Temperature.xml
52,Vanilla Factions Expanded - Classical,oskarpotocki.vfe.classical,VFEC_Jerky,jerky,food/drug,(none),2,OrganicProductBase,MeatRaw,,1.6\Defs\ThingDefs_Items\Items_Food.xml
52,Vanilla Factions Expanded - Classical,oskarpotocki.vfe.classical,VFEC_Bronze,bronze,item,(none),1.5,ResourceBase,ResourcesRaw,,1.6\Defs\ThingDefs_Items\Items_Resource_Stuff.xml
52,Vanilla Factions Expanded - Classical,oskarpotocki.vfe.classical,VFEC_BlocksConcrete,concrete blocks,item,(none),0.9,StoneBlocksBase,StoneBlocks,,1.6\Defs\ThingDefs_Items\Items_Resource_Stuff.xml
52,Vanilla Factions Expanded - Classical,oskarpotocki.vfe.classical,VFEC_Tyrian,tyrian,item,(none),9.5,ResourceBase,Textiles,,1.6\Defs\ThingDefs_Items\Items_Resource_Stuff.xml
52,Vanilla Factions Expanded - Classical,oskarpotocki.vfe.classical,VFEC_Wreath,wreath,apparel,Medieval,,ApparelBase,HeadgearNoble,VFEC_Togas,1.6\Defs\ThingDefs_Misc\Apparel_Headgear.xml
52,Vanilla Factions Expanded - Classical,oskarpotocki.vfe.classical,VFEC_Apparel_LegionnaireHelmet,legionnaire helmet,apparel,Medieval,,ArmorSmithableBase,ArmorHeadgear,VFEC_LegionnaireArmor,1.6\Defs\ThingDefs_Misc\Apparel_Headgear.xml
52,Vanilla Factions Expanded - Classical,oskarpotocki.vfe.classical,VFEC_Apparel_CenturionHelmet,centurion helmet,apparel,Medieval,,ArmorSmithableBase,ArmorHeadgear,VFEC_CenturionArmor,1.6\Defs\ThingDefs_Misc\Apparel_Headgear.xml
52,Vanilla Factions Expanded - Classical,oskarpotocki.vfe.classical,VFEC_Toga,toga,apparel,Neolithic,,ApparelMakeableBase,Apparel,VFEC_Togas,1.6\Defs\ThingDefs_Misc\Apparel_Various.xml
52,Vanilla Factions Expanded - Classical,oskarpotocki.vfe.classical,VFEC_Apparel_LegionnaireArmor,legionnaire armor,apparel,Medieval,,ArmorSmithableBase,ApparelArmor,VFEC_LegionnaireArmor,1.6\Defs\ThingDefs_Misc\Apparel_Various.xml
52,Vanilla Factions Expanded - Classical,oskarpotocki.vfe.classical,VFEC_Apparel_CenturionArmor,centurion armor,apparel,Medieval,,ArmorSmithableBase,ApparelArmor,VFEC_CenturionArmor,1.6\Defs\ThingDefs_Misc\Apparel_Various.xml
52,Vanilla Factions Expanded - Classical,oskarpotocki.vfe.classical,VFEC_MoteCenturionLink,centurion link,mote,(none),,MoteBase,,,1.6\Defs\ThingDefs_Misc\Motes.xml
52,Vanilla Factions Expanded - Classical,oskarpotocki.vfe.classical,VFEC_Shield_Heavy,heavy shield,apparel,Neolithic,,VFEV_BaseShield,VFEC_Shields,VFEC_HeavyShieldMaking,1.6\Defs\ThingDefs_Misc\Shields.xml
52,Vanilla Factions Expanded - Classical,oskarpotocki.vfe.classical,VFEC_MeleeWeapon_Spatha,spatha,weapon,Neolithic,,BaseMeleeWeapon_Sharp_Quality,WeaponsMelee,VFEC_LegionaryArmaments,1.6\Defs\ThingDefs_Misc\Weapons\MeleeNeolithic.xml
52,Vanilla Factions Expanded - Classical,oskarpotocki.vfe.classical,VFEC_MeleeWeapon_Dagger,dagger,weapon,Neolithic,,BaseMeleeWeapon_Sharp_Quality,WeaponsMelee,VFEC_LegionaryArmaments,1.6\Defs\ThingDefs_Misc\Weapons\MeleeNeolithic.xml
52,Vanilla Factions Expanded - Classical,oskarpotocki.vfe.classical,VFEC_Javelin,javelin,weapon,Neolithic,,BaseWeaponNeolithic,WeaponsRanged,VFEC_LegionaryArmaments,1.6\Defs\ThingDefs_Misc\Weapons\RangedNeolithic.xml
52,Vanilla Factions Expanded - Classical,oskarpotocki.vfe.classical,VFEC_Javelin_Thrown,javelin,projectile,(none),,BaseProjectileNeolithic,,,1.6\Defs\ThingDefs_Misc\Weapons\RangedNeolithic.xml
52,Vanilla Factions Expanded - Classical,oskarpotocki.vfe.classical,VFEC_Weapon_Scorpion,scorpion,weapon,Neolithic,,BaseWeapon,WeaponsRanged,,1.6\Defs\ThingDefs_Misc\Weapons\RangedNeolithic.xml
52,Vanilla Factions Expanded - Classical,oskarpotocki.vfe.classical,VFEC_Arrow_Scorpion,scorpion arrow,projectile,(none),,BaseProjectileNeolithic,,,1.6\Defs\ThingDefs_Misc\Weapons\RangedNeolithic.xml
52,Vanilla Factions Expanded - Classical,oskarpotocki.vfe.classical,VFEC_Plant_Poppy,poppy,plant,(none),,PlantBase,Plants,,1.6\Defs\ThingDefs_Plants\Plants_Cultivated_Farm.xml
53,Vanilla Factions Expanded - Medieval 2,oskarpotocki.vfe.medieval2,VFEM2_HemogenDraught,hemogen draught,food/drug,(none),60,VFEM2_DraughtBase,Drugs,VFEM2_Alchemy,1.6\Mods\Biotech\Defs\ThingDefs_Items\Items_Draughts_Biotech.xml
53,Vanilla Factions Expanded - Medieval 2,oskarpotocki.vfe.medieval2,VFEM2_RunePillar,Mote,mote,(none),,MoteBase,,,1.6\Mods\Ideology\Defs\StyleRitualVisualEffectsDefs\Ritual_VisualEffects_Styles.xml
53,Vanilla Factions Expanded - Medieval 2,oskarpotocki.vfe.medieval2,VFEM2_HearthDarklight,darklight hearth,building,(none),,FurnitureBase,BuildingsFurniture,ComplexFurniture,1.6\Mods\Ideology\Defs\ThingDefs_Buildings\Buildings_Furniture_Ideology.xml
53,Vanilla Factions Expanded - Medieval 2,oskarpotocki.vfe.medieval2,VFEM2_Viking_Slab_Medium,viking slab (medium),building,(none),,BuildingFloorCoveringMediumBase,BuildingsFurniture,Stonecutting,1.6\Mods\Ideology\Defs\ThingDefs_Misc\FloorCoverings.xml
53,Vanilla Factions Expanded - Medieval 2,oskarpotocki.vfe.medieval2,VFEM2_Viking_Slab_Broad,viking slab (broad),building,(none),,BuildingFloorCoveringBroadBase,BuildingsFurniture,Stonecutting,1.6\Mods\Ideology\Defs\ThingDefs_Misc\FloorCoverings.xml
53,Vanilla Factions Expanded - Medieval 2,oskarpotocki.vfe.medieval2,VFEM2_ClarityDraught,clarity draught,food/drug,(none),60,VFEM2_DraughtBase,Drugs,VFEM2_Alchemy,1.6\Mods\Royalty\Defs\ThingDefs_Items\Items_Draughts_Royalty.xml
53,Vanilla Factions Expanded - Medieval 2,oskarpotocki.vfe.medieval2,VFEM2_Mead,mead,food/drug,(none),15,DrugBase,Drugs,,1.6\Defs\Drugs\Alcohol_Mead.xml
53,Vanilla Factions Expanded - Medieval 2,oskarpotocki.vfe.medieval2,VFEM2_Wine,wine,food/drug,(none),20,DrugBase,Drugs,,1.6\Defs\Drugs\Alcohol_Wine.xml
53,Vanilla Factions Expanded - Medieval 2,oskarpotocki.vfe.medieval2,VFEM_Mote_CombatCommand,Mote,mote,(none),,MoteBase,,,1.6\Defs\HediffDefs\HediffDefs_Rally.xml
53,Vanilla Factions Expanded - Medieval 2,oskarpotocki.vfe.medieval2,VFEM_Mote_CombatCommandLinkLine,Mote,mote,(none),,MoteBase,,,1.6\Defs\HediffDefs\HediffDefs_Rally.xml
53,Vanilla Factions Expanded - Medieval 2,oskarpotocki.vfe.medieval2,VFEM2_Apiary,apiary,building,(none),,BuildingBase,BuildingsMisc,VFEM2_Beekeeping,1.6\Defs\ThingDefs_Buildings\Buildings_Apiary.xml
53,Vanilla Factions Expanded - Medieval 2,oskarpotocki.vfe.medieval2,VFEM2_2x1CastleDoor,castle door (medium),building,(none),,DoorBase,,VFEM2_MedievalArchitecture,1.6\Defs\ThingDefs_Buildings\Buildings_CastleGates.xml
53,Vanilla Factions Expanded - Medieval 2,oskarpotocki.vfe.medieval2,VFEM2_3x1CastleDoor,castle door (large),building,(none),,DoorBase,,VFEM2_MedievalArchitecture,1.6\Defs\ThingDefs_Buildings\Buildings_CastleGates.xml
53,Vanilla Factions Expanded - Medieval 2,oskarpotocki.vfe.medieval2,VFEM2_4x1CastleDoor,castle door (grand),building,(none),,DoorBase,,VFEM2_MedievalArchitecture,1.6\Defs\ThingDefs_Buildings\Buildings_CastleGates.xml
53,Vanilla Factions Expanded - Medieval 2,oskarpotocki.vfe.medieval2,VFEM2_2x1CastleGate,castle gate (medium),building,(none),,DoorBase,,VFEM2_MedievalArchitecture,1.6\Defs\ThingDefs_Buildings\Buildings_CastleGates.xml
53,Vanilla Factions Expanded - Medieval 2,oskarpotocki.vfe.medieval2,VFEM2_3x1CastleGate,castle gate (large),building,(none),,DoorBase,,VFEM2_MedievalArchitecture,1.6\Defs\ThingDefs_Buildings\Buildings_CastleGates.xml
53,Vanilla Factions Expanded - Medieval 2,oskarpotocki.vfe.medieval2,VFEM2_4x1CastleGate,castle gate (grand),building,(none),,DoorBase,,VFEM2_MedievalArchitecture,1.6\Defs\ThingDefs_Buildings\Buildings_CastleGates.xml
53,Vanilla Factions Expanded - Medieval 2,oskarpotocki.vfe.medieval2,VFEM2_FurBed,fur bed,building,Medieval,,BedWithQualityBase,BuildingsFurniture,ComplexFurniture,1.6\Defs\ThingDefs_Buildings\Buildings_Furniture.xml
53,Vanilla Factions Expanded - Medieval 2,oskarpotocki.vfe.medieval2,VFEM2_DoubleFurBed,double fur bed,building,Medieval,,BedWithQualityBase,BuildingsFurniture,ComplexFurniture,1.6\Defs\ThingDefs_Buildings\Buildings_Furniture.xml
53,Vanilla Factions Expanded - Medieval 2,oskarpotocki.vfe.medieval2,VFEM2_Hearth,hearth,building,(none),,FurnitureBase,BuildingsFurniture,ComplexFurniture,1.6\Defs\ThingDefs_Buildings\Buildings_Furniture.xml
53,Vanilla Factions Expanded - Medieval 2,oskarpotocki.vfe.medieval2,VFEM2_StandingBanner,heraldic standing banner,building,(none),,FurnitureBase,BuildingsFurniture,VFEM2_Heraldry,1.6\Defs\ThingDefs_Buildings\Buildings_Furniture.xml
53,Vanilla Factions Expanded - Medieval 2,oskarpotocki.vfe.medieval2,VFEM2_AutofillShelf,shelf,building,(none),,StorageShelfBase,BuildingsFurniture,ComplexFurniture,1.6\Defs\ThingDefs_Buildings\Buildings_Furniture.xml
53,Vanilla Factions Expanded - Medieval 2,oskarpotocki.vfe.medieval2,VFEM2_ArcheryTarget,archery target,building,(none),,BuildingBase,BuildingsJoy,ComplexFurniture,1.6\Defs\ThingDefs_Buildings\Buildings_Joy.xml
53,Vanilla Factions Expanded - Medieval 2,oskarpotocki.vfe.medieval2,VFEM2_TrainingDummy,training dummy,building,(none),,BuildingBase,BuildingsJoy,ComplexFurniture,1.6\Defs\ThingDefs_Buildings\Buildings_Joy.xml
53,Vanilla Factions Expanded - Medieval 2,oskarpotocki.vfe.medieval2,VFEM2_LeatherBoilpot,leather boilpot,building,(none),74,BuildingBase,BuildingsProduction,ComplexClothing,1.6\Defs\ThingDefs_Buildings\Buildings_LeatherBoilpot.xml
53,Vanilla Factions Expanded - Medieval 2,oskarpotocki.vfe.medieval2,VFEM2_SmithingAnvil,smithing anvil,building,(none),120,VFEM2_LinkableBase,BuildingsMisc,VFEM2_ComplexWorkshops,1.6\Defs\ThingDefs_Buildings\Buildings_Linkable.xml
53,Vanilla Factions Expanded - Medieval 2,oskarpotocki.vfe.medieval2,VFEM2_ForgeBellows,forge bellows,building,(none),120,VFEM2_LinkableBase,BuildingsMisc,VFEM2_ComplexWorkshops,1.6\Defs\ThingDefs_Buildings\Buildings_Linkable.xml
53,Vanilla Factions Expanded - Medieval 2,oskarpotocki.vfe.medieval2,VFEM2_TailoringLoom,tailoring loom,item,(none),100,VFEM2_LinkableBase,BuildingsMisc,VFEM2_ComplexWorkshops,1.6\Defs\ThingDefs_Buildings\Buildings_Linkable.xml
53,Vanilla Factions Expanded - Medieval 2,oskarpotocki.vfe.medieval2,VFEM2_MannequinStand,mannequin stand,item,(none),100,VFEM2_LinkableBase,BuildingsMisc,VFEM2_ComplexWorkshops,1.6\Defs\ThingDefs_Buildings\Buildings_Linkable.xml
53,Vanilla Factions Expanded - Medieval 2,oskarpotocki.vfe.medieval2,VFEM2_ChiselRack,chisel rack,item,(none),100,VFEM2_LinkableBase,BuildingsMisc,VFEM2_ComplexWorkshops,1.6\Defs\ThingDefs_Buildings\Buildings_Linkable.xml
53,Vanilla Factions Expanded - Medieval 2,oskarpotocki.vfe.medieval2,VFEM2_StoneClamp,stone clamp,item,(none),100,VFEM2_LinkableBase,BuildingsMisc,VFEM2_ComplexWorkshops,1.6\Defs\ThingDefs_Buildings\Buildings_Linkable.xml
53,Vanilla Factions Expanded - Medieval 2,oskarpotocki.vfe.medieval2,VFEM2_CleaverRack,cleaver rack,item,(none),100,VFEM2_LinkableBase,BuildingsMisc,VFEM2_ComplexWorkshops,1.6\Defs\ThingDefs_Buildings\Buildings_Linkable.xml
53,Vanilla Factions Expanded - Medieval 2,oskarpotocki.vfe.medieval2,VFEM2_CarvingBoard,carving board,item,(none),100,VFEM2_LinkableBase,BuildingsMisc,VFEM2_ComplexWorkshops,1.6\Defs\ThingDefs_Buildings\Buildings_Linkable.xml
53,Vanilla Factions Expanded - Medieval 2,oskarpotocki.vfe.medieval2,VFEM2_StonePolisher,stone polisher,item,(none),100,VFEM2_LinkableBase,BuildingsMisc,VFEM2_ComplexWorkshops,1.6\Defs\ThingDefs_Buildings\Buildings_Linkable.xml
53,Vanilla Factions Expanded - Medieval 2,oskarpotocki.vfe.medieval2,VFEM2_ArtToolStand,art tool stand,item,(none),100,VFEM2_LinkableBase,BuildingsMisc,VFEM2_ComplexWorkshops,1.6\Defs\ThingDefs_Buildings\Buildings_Linkable.xml
53,Vanilla Factions Expanded - Medieval 2,oskarpotocki.vfe.medieval2,VFEM2_NotesStack,notes stack,item,(none),100,VFEM2_LinkableBase,BuildingsMisc,VFEM2_ComplexWorkshops,1.6\Defs\ThingDefs_Buildings\Buildings_Linkable.xml
53,Vanilla Factions Expanded - Medieval 2,oskarpotocki.vfe.medieval2,VFEM2_ResearchBoard,research board,item,(none),100,VFEM2_LinkableBase,BuildingsMisc,VFEM2_ComplexWorkshops,1.6\Defs\ThingDefs_Buildings\Buildings_Linkable.xml
53,Vanilla Factions Expanded - Medieval 2,oskarpotocki.vfe.medieval2,VFEM2_SurgicalTools,surgical tools,item,(none),100,VFEM2_LinkableBase,BuildingsMisc,VFEM2_ComplexWorkshops,1.6\Defs\ThingDefs_Buildings\Buildings_Linkable.xml
53,Vanilla Factions Expanded - Medieval 2,oskarpotocki.vfe.medieval2,VFEM2_AilmentsShelf,ailment's shelf,building,(none),100,ShelfBase,BuildingsFurniture,ComplexFurniture,1.6\Defs\ThingDefs_Buildings\Buildings_Linkable.xml
53,Vanilla Factions Expanded - Medieval 2,oskarpotocki.vfe.medieval2,VFEM2_MeadFermentingBarrel,mead fermenting barrel,building,(none),,BuildingBase,BuildingsProduction,Brewing;VFEM2_Beekeeping,1.6\Defs\ThingDefs_Buildings\Buildings_MeadBarrel.xml
53,Vanilla Factions Expanded - Medieval 2,oskarpotocki.vfe.medieval2,VFEM2_AlchemicalWorkbench,fueled draught lab,building,(none),200,BenchBase,BuildingsProduction,VFEM2_Alchemy,1.6\Defs\ThingDefs_Buildings\Buildings_Production.xml
53,Vanilla Factions Expanded - Medieval 2,oskarpotocki.vfe.medieval2,VFEM2_AlchemicalWorkbench_Electric,electric draught lab,building,(none),200,BenchBase,BuildingsProduction,VFEM2_Alchemy;Electricity,1.6\Defs\ThingDefs_Buildings\Buildings_Production.xml
53,Vanilla Factions Expanded - Medieval 2,oskarpotocki.vfe.medieval2,VFEM2_Turret_WallMountedArbalest,wall-mounted arbalest,building,Medieval,,BuildingBase,,Greatbow,1.6\Defs\ThingDefs_Buildings\Buildings_Security_Turrets.xml
53,Vanilla Factions Expanded - Medieval 2,oskarpotocki.vfe.medieval2,VFEM2_Bolt_ArbalestTurret,arbalest bolt,projectile,(none),,BaseProjectileNeolithic,,,1.6\Defs\ThingDefs_Buildings\Buildings_Security_Turrets.xml
53,Vanilla Factions Expanded - Medieval 2,oskarpotocki.vfe.medieval2,VFEM2_Gun_ArbalestTurret,arbalest,weapon,(none),,BaseWeaponTurret,,,1.6\Defs\ThingDefs_Buildings\Buildings_Security_Turrets.xml
53,Vanilla Factions Expanded - Medieval 2,oskarpotocki.vfe.medieval2,VFEM2_Turret_WallMountedArquebus,wall-mounted arquebus,building,Medieval,,BuildingBase,,VFEM2_Matchlocks,1.6\Defs\ThingDefs_Buildings\Buildings_Security_Turrets.xml
53,Vanilla Factions Expanded - Medieval 2,oskarpotocki.vfe.medieval2,VFEM2_Gun_ArquebusTurret,arquebus,weapon,(none),,BaseWeaponTurret,,,1.6\Defs\ThingDefs_Buildings\Buildings_Security_Turrets.xml
53,Vanilla Factions Expanded - Medieval 2,oskarpotocki.vfe.medieval2,VFEM2_ClothWall,cloth wall,building,(none),,BuildingBase,,VFEM2_MedievalArchitecture,1.6\Defs\ThingDefs_Buildings\Buildings_Structure.xml
53,Vanilla Factions Expanded - Medieval 2,oskarpotocki.vfe.medieval2,VFEM2_TimberedWall,timbered wall,building,(none),,BuildingBase,,VFEM2_MedievalArchitecture,1.6\Defs\ThingDefs_Buildings\Buildings_Structure.xml
53,Vanilla Factions Expanded - Medieval 2,oskarpotocki.vfe.medieval2,VFEM2_Palisade,palisade,building,(none),,BuildingBase,,,1.6\Defs\ThingDefs_Buildings\Buildings_Structure.xml
53,Vanilla Factions Expanded - Medieval 2,oskarpotocki.vfe.medieval2,VFEM2_CastleWall,castle wall,building,(none),,BuildingBase,,VFEM2_MedievalArchitecture,1.6\Defs\ThingDefs_Buildings\Buildings_Structure.xml
53,Vanilla Factions Expanded - Medieval 2,oskarpotocki.vfe.medieval2,VFEM2_DamagedCastleWall,damaged castle wall,building,(none),,BuildingBase,,,1.6\Defs\ThingDefs_Buildings\Buildings_Structure.xml
53,Vanilla Factions Expanded - Medieval 2,oskarpotocki.vfe.medieval2,VFEM2_LowCastleWall,low castle wall,building,(none),,BuildingBase,,VFEM2_MedievalArchitecture,1.6\Defs\ThingDefs_Buildings\Buildings_Structure.xml
53,Vanilla Factions Expanded - Medieval 2,oskarpotocki.vfe.medieval2,VFEM2_DamagedLowCastleWall,damaged low castle wall,building,(none),,BuildingBase,,,1.6\Defs\ThingDefs_Buildings\Buildings_Structure.xml
53,Vanilla Factions Expanded - Medieval 2,oskarpotocki.vfe.medieval2,VFEM2_WineBarrel,wine barrel,item,(none),,BuildingBase,BuildingsProduction,Brewing;VFEM2_Wine,1.6\Defs\ThingDefs_Buildings\Buildings_WineBarrel.xml
53,Vanilla Factions Expanded - Medieval 2,oskarpotocki.vfe.medieval2,VFEM2_ImmunizationDraught,immunization draught,food/drug,(none),60,VFEM2_DraughtBase,Drugs,VFEM2_Alchemy,1.6\Defs\ThingDefs_Items\Items_Draughts.xml
53,Vanilla Factions Expanded - Medieval 2,oskarpotocki.vfe.medieval2,VFEM2_HealingDraught,healing draught,food/drug,(none),60,VFEM2_DraughtBase,Drugs,VFEM2_Alchemy,1.6\Defs\ThingDefs_Items\Items_Draughts.xml
53,Vanilla Factions Expanded - Medieval 2,oskarpotocki.vfe.medieval2,VFEM2_StrengthDraught,strength draught,food/drug,(none),60,VFEM2_DraughtBase,Drugs,VFEM2_Alchemy,1.6\Defs\ThingDefs_Items\Items_Draughts.xml
53,Vanilla Factions Expanded - Medieval 2,oskarpotocki.vfe.medieval2,VFEM2_EfficiencyDraught,efficiency draught,food/drug,(none),60,VFEM2_DraughtBase,Drugs,VFEM2_Alchemy,1.6\Defs\ThingDefs_Items\Items_Draughts.xml
53,Vanilla Factions Expanded - Medieval 2,oskarpotocki.vfe.medieval2,VFEM2_PainkillerDraught,painkiller draught,food/drug,(none),60,VFEM2_DraughtBase,Drugs,VFEM2_Alchemy,1.6\Defs\ThingDefs_Items\Items_Draughts.xml
53,Vanilla Factions Expanded - Medieval 2,oskarpotocki.vfe.medieval2,VFEM2_TorturerDraught,torturer draught,food/drug,(none),60,VFEM2_DraughtBase,Drugs,VFEM2_Alchemy,1.6\Defs\ThingDefs_Items\Items_Draughts.xml
53,Vanilla Factions Expanded - Medieval 2,oskarpotocki.vfe.medieval2,VFEM2_FocusDraught,focus draught,food/drug,(none),60,VFEM2_DraughtBase,Drugs,VFEM2_Alchemy,1.6\Defs\ThingDefs_Items\Items_Draughts.xml
53,Vanilla Factions Expanded - Medieval 2,oskarpotocki.vfe.medieval2,VFEM2_FertilityDraught,fertility draught,food/drug,(none),60,VFEM2_DraughtBase,Drugs,VFEM2_Alchemy,1.6\Defs\ThingDefs_Items\Items_Draughts.xml
53,Vanilla Factions Expanded - Medieval 2,oskarpotocki.vfe.medieval2,VFEM2_InspirationDraught,inspiration  draught,food/drug,(none),60,VFEM2_DraughtBase,Drugs,VFEM2_Alchemy,1.6\Defs\ThingDefs_Items\Items_Draughts.xml
53,Vanilla Factions Expanded - Medieval 2,oskarpotocki.vfe.medieval2,VFEM2_StoneskinDraught,stoneskin draught,food/drug,(none),60,VFEM2_DraughtBase,Drugs,VFEM2_Alchemy,1.6\Defs\ThingDefs_Items\Items_Draughts.xml
53,Vanilla Factions Expanded - Medieval 2,oskarpotocki.vfe.medieval2,VFEM2_AmnesiaDraught,amnesia draught,food/drug,(none),60,VFEM2_DraughtBase,Drugs,VFEM2_Alchemy,1.6\Defs\ThingDefs_Items\Items_Draughts.xml
53,Vanilla Factions Expanded - Medieval 2,oskarpotocki.vfe.medieval2,VFEM2_ComaDraught,coma draught,food/drug,(none),60,VFEM2_DraughtBase,Drugs,VFEM2_Alchemy,1.6\Defs\ThingDefs_Items\Items_Draughts.xml
53,Vanilla Factions Expanded - Medieval 2,oskarpotocki.vfe.medieval2,VFEM2_PoisonDraught,poison draught,food/drug,(none),60,VFEM2_DraughtBase,Drugs,VFEM2_Alchemy,1.6\Defs\ThingDefs_Items\Items_Draughts.xml
53,Vanilla Factions Expanded - Medieval 2,oskarpotocki.vfe.medieval2,VFEM2_AntitoxDraught,antitox draught,food/drug,(none),60,VFEM2_DraughtBase,Drugs,VFEM2_Alchemy,1.6\Defs\ThingDefs_Items\Items_Draughts.xml
53,Vanilla Factions Expanded - Medieval 2,oskarpotocki.vfe.medieval2,VFEM2_Sweetroll,sweetroll,food/drug,(none),6.4,ResourceBase,Foods,,1.6\Defs\ThingDefs_Items\Items_Luxury.xml
53,Vanilla Factions Expanded - Medieval 2,oskarpotocki.vfe.medieval2,VFEM2_Must,grape must,item,(none),2.5,ResourceBase,Manufactured,,1.6\Defs\ThingDefs_Items\Items_Musts.xml
53,Vanilla Factions Expanded - Medieval 2,oskarpotocki.vfe.medieval2,VFEM2_Honey,raw honey,food/drug,(none),4.2,OrganicProductBase,AnimalProductRaw,,1.6\Defs\ThingDefs_Items\Items_Resource_AnimalProduct.xml
53,Vanilla Factions Expanded - Medieval 2,oskarpotocki.vfe.medieval2,VFEM2_RawGrapes,grapes,food/drug,(none),1.2,PlantFoodRawBase,PlantFoodRaw,,1.6\Defs\ThingDefs_Items\Items_Resource_RawPlant.xml
53,Vanilla Factions Expanded - Medieval 2,oskarpotocki.vfe.medieval2,VFEM2_RafflesiaLeaves,rafflesia petals,food/drug,(none),0.35,RoughPlantBase,PlantMatter,,1.6\Defs\ThingDefs_Items\Items_Resource_RawPlant.xml
53,Vanilla Factions Expanded - Medieval 2,oskarpotocki.vfe.medieval2,VFEM2_AstragalusFlowers,astragalus flowers,food/drug,(none),0.2,RoughPlantBase,PlantMatter,,1.6\Defs\ThingDefs_Items\Items_Resource_RawPlant.xml
53,Vanilla Factions Expanded - Medieval 2,oskarpotocki.vfe.medieval2,VFEM2_CliviaPetals,clivia petals,food/drug,(none),0.25,RoughPlantBase,PlantMatter,,1.6\Defs\ThingDefs_Items\Items_Resource_RawPlant.xml
53,Vanilla Factions Expanded - Medieval 2,oskarpotocki.vfe.medieval2,VFEM2_AlocasiaLeaves,alocasia leaves,food/drug,(none),1.05,RoughPlantBase,PlantMatter,,1.6\Defs\ThingDefs_Items\Items_Resource_RawPlant.xml
53,Vanilla Factions Expanded - Medieval 2,oskarpotocki.vfe.medieval2,VFEM2_RawGlowstool,raw glowstool,food/drug,(none),1.1,PlantFoodRawBase,PlantFoodRaw,,1.6\Defs\ThingDefs_Items\Items_Resource_RawPlant.xml
53,Vanilla Factions Expanded - Medieval 2,oskarpotocki.vfe.medieval2,VFEM2_Hardweave,hardweave,item,(none),1.6,ResourceBase,Textiles,,1.6\Defs\ThingDefs_Items\Items_Resource_Stuff.xml
53,Vanilla Factions Expanded - Medieval 2,oskarpotocki.vfe.medieval2,VFEM2_Hayweave,hayweave,item,(none),0.8,ResourceBase,Textiles,,1.6\Defs\ThingDefs_Items\Items_Resource_Stuff.xml
53,Vanilla Factions Expanded - Medieval 2,oskarpotocki.vfe.medieval2,VFEM2_HardLeather,hardleather,item,(none),1.5,LeatherBase,Leathers,,1.6\Defs\ThingDefs_Items\Items_Resource_Stuff_Leather.xml
53,Vanilla Factions Expanded - Medieval 2,oskarpotocki.vfe.medieval2,VFEM2_UnfinishedApparelNoStuff,unfinished apparel,item,(none),,UnfinishedBase,Unfinished,,1.6\Defs\ThingDefs_Items\Items_Unfinished.xml
53,Vanilla Factions Expanded - Medieval 2,oskarpotocki.vfe.medieval2,VFEM2_Apparel_PlateHelmetHeavy,heavy plate helmet,apparel,Medieval,,ArmorHelmetMakeableBase,ArmorHeadgear,PlateArmor,1.6\Defs\ThingDefs_Misc\Apparel_Headgear.xml
53,Vanilla Factions Expanded - Medieval 2,oskarpotocki.vfe.medieval2,VFEM2_Apparel_JesterHat,jester hat,apparel,Medieval,,HatMakeableBase,Headgear,ComplexClothing,1.6\Defs\ThingDefs_Misc\Apparel_Headgear.xml
53,Vanilla Factions Expanded - Medieval 2,oskarpotocki.vfe.medieval2,VFEM2_Apparel_DameHat,dame hat,apparel,Medieval,,HatMakeableBase,Headgear,ComplexClothing,1.6\Defs\ThingDefs_Misc\Apparel_Headgear.xml
53,Vanilla Factions Expanded - Medieval 2,oskarpotocki.vfe.medieval2,VFEM2_Apparel_KingsCrown,king's crown,apparel,Medieval,,HatMakeableBase,Headgear,Smithing,1.6\Defs\ThingDefs_Misc\Apparel_Headgear.xml
53,Vanilla Factions Expanded - Medieval 2,oskarpotocki.vfe.medieval2,VFEM2_Apparel_PlagueMask,plague mask,apparel,Medieval,,HatMakeableBase,Headgear,ComplexClothing,1.6\Defs\ThingDefs_Misc\Apparel_Headgear.xml
53,Vanilla Factions Expanded - Medieval 2,oskarpotocki.vfe.medieval2,VFEM2_Apparel_HeavyLeatherHelmet,heavy leather helmet,apparel,Medieval,,ArmorHelmetMakeableBase,ArmorHeadgear,PlateArmor,1.6\Defs\ThingDefs_Misc\Apparel_Headgear.xml
53,Vanilla Factions Expanded - Medieval 2,oskarpotocki.vfe.medieval2,VFEM2_Apparel_LeatherHelmet,leather helmet,apparel,Medieval,,ArmorHelmetMakeableBase,ArmorHeadgear,Smithing,1.6\Defs\ThingDefs_Misc\Apparel_Headgear.xml
53,Vanilla Factions Expanded - Medieval 2,oskarpotocki.vfe.medieval2,VFEM2_Apparel_PaddedHelmet,padded helmet,apparel,Medieval,,HatMakeableBase,Headgear,ComplexClothing,1.6\Defs\ThingDefs_Misc\Apparel_Headgear.xml
53,Vanilla Factions Expanded - Medieval 2,oskarpotocki.vfe.medieval2,VFEM2_Apparel_Chaperon,chaperon,apparel,Medieval,,HatMakeableBase,Headgear,ComplexClothing,1.6\Defs\ThingDefs_Misc\Apparel_Headgear.xml
53,Vanilla Factions Expanded - Medieval 2,oskarpotocki.vfe.medieval2,VFEM2_Apparel_Cap,cap,apparel,Medieval,,HatMakeableBase,Headgear,ComplexClothing,1.6\Defs\ThingDefs_Misc\Apparel_Headgear.xml
53,Vanilla Factions Expanded - Medieval 2,oskarpotocki.vfe.medieval2,VFEM2_Apparel_TorchBelt,torch belt,apparel,Neolithic,,ApparelNoQualityBase,ApparelUtility,,1.6\Defs\ThingDefs_Misc\Apparel_TorchPack.xml
53,Vanilla Factions Expanded - Medieval 2,oskarpotocki.vfe.medieval2,VFEM2_Proj_GrenadeTorch,thrown torch,projectile,(none),,,,,1.6\Defs\ThingDefs_Misc\Apparel_TorchPack.xml
53,Vanilla Factions Expanded - Medieval 2,oskarpotocki.vfe.medieval2,VFEM2_Apparel_PlateArmorHeavy,heavy plate armor,apparel,Medieval,,ArmorSmithableBase,ApparelArmor,PlateArmor,1.6\Defs\ThingDefs_Misc\Apparel_Various.xml
53,Vanilla Factions Expanded - Medieval 2,oskarpotocki.vfe.medieval2,VFEM2_Apparel_JesterOutfit,jester outfit,apparel,Medieval,,ApparelMakeableBase,Apparel,ComplexClothing,1.6\Defs\ThingDefs_Misc\Apparel_Various.xml
53,Vanilla Factions Expanded - Medieval 2,oskarpotocki.vfe.medieval2,VFEM2_Apparel_DameDress,dame dress,apparel,Medieval,,ApparelMakeableBase,Apparel,ComplexClothing,1.6\Defs\ThingDefs_Misc\Apparel_Various.xml
53,Vanilla Factions Expanded - Medieval 2,oskarpotocki.vfe.medieval2,VFEM2_Apparel_KingsRobes,king’s robes,apparel,Medieval,,ApparelMakeableBase,Apparel,ComplexClothing,1.6\Defs\ThingDefs_Misc\Apparel_Various.xml
53,Vanilla Factions Expanded - Medieval 2,oskarpotocki.vfe.medieval2,VFEM2_Apparel_HeavyLeatherArmor,heavy leather armor,apparel,Medieval,,ArmorSmithableBase,ApparelArmor,PlateArmor,1.6\Defs\ThingDefs_Misc\Apparel_Various.xml
53,Vanilla Factions Expanded - Medieval 2,oskarpotocki.vfe.medieval2,VFEM2_Apparel_LeatherArmor,leather armor,apparel,Medieval,,ApparelMakeableBase,ApparelArmor,Smithing,1.6\Defs\ThingDefs_Misc\Apparel_Various.xml
53,Vanilla Factions Expanded - Medieval 2,oskarpotocki.vfe.medieval2,VFEM2_Apparel_Tabard,tabard,apparel,Medieval,,ApparelMakeableBase,Apparel,VFEM2_Heraldry,1.6\Defs\ThingDefs_Misc\Apparel_Various.xml
53,Vanilla Factions Expanded - Medieval 2,oskarpotocki.vfe.medieval2,VFEM2_Apparel_PaddedArmor,padded armor,apparel,Medieval,,ApparelMakeableBase,ApparelMisc,,1.6\Defs\ThingDefs_Misc\Apparel_Various.xml
53,Vanilla Factions Expanded - Medieval 2,oskarpotocki.vfe.medieval2,VFEM2_Apparel_Mantle,mantle,apparel,Medieval,,ApparelMakeableBase,ApparelMisc,,1.6\Defs\ThingDefs_Misc\Apparel_Various.xml
53,Vanilla Factions Expanded - Medieval 2,oskarpotocki.vfe.medieval2,VFEM2_HeraldicRugNarrow,heraldic rug (narrow),building,(none),180,HeraldicRugBase,BuildingsFurniture,VFEM2_Heraldry,1.6\Defs\ThingDefs_Misc\Carpets.xml
53,Vanilla Factions Expanded - Medieval 2,oskarpotocki.vfe.medieval2,VFEM2_HeraldicRugBroad,heraldic rug (broad),building,(none),290,HeraldicRugBase,BuildingsFurniture,VFEM2_Heraldry,1.6\Defs\ThingDefs_Misc\Carpets.xml
53,Vanilla Factions Expanded - Medieval 2,oskarpotocki.vfe.medieval2,VFEM2_HeraldicRugGrand,heraldic rug (grand),building,(none),360,HeraldicRugBase,BuildingsFurniture,VFEM2_Heraldry,1.6\Defs\ThingDefs_Misc\Carpets.xml
53,Vanilla Factions Expanded - Medieval 2,oskarpotocki.vfe.medieval2,VFEM2_Shield_Heater,heater shield,apparel,Medieval,,VFEM2_BaseShield,VFEC_Shields,PlateArmor,1.6\Defs\ThingDefs_Misc\Shields.xml
53,Vanilla Factions Expanded - Medieval 2,oskarpotocki.vfe.medieval2,VFEM2_Shield_Round,round shield,apparel,Medieval,,VFEM2_BaseShield,VFEC_Shields,Smithing,1.6\Defs\ThingDefs_Misc\Shields.xml
53,Vanilla Factions Expanded - Medieval 2,oskarpotocki.vfe.medieval2,VFEM2_MeleeWeapon_HeavyMace,heavy mace,weapon,Medieval,,BaseMeleeWeapon_Blunt_Quality,WeaponsMelee,Smithing,1.6\Defs\ThingDefs_Misc\Weapons\MeleeMedieval.xml
53,Vanilla Factions Expanded - Medieval 2,oskarpotocki.vfe.medieval2,VFEM2_MeleeWeapon_DaneAxe,dane axe,weapon,Medieval,,BaseMeleeWeapon_Sharp_Quality,WeaponsMelee,LongBlades,1.6\Defs\ThingDefs_Misc\Weapons\MeleeMedieval.xml
53,Vanilla Factions Expanded - Medieval 2,oskarpotocki.vfe.medieval2,VFEM2_MeleeWeapon_Claymore,claymore,weapon,Medieval,,BaseMeleeWeapon_Sharp_Quality,WeaponsMelee,LongBlades,1.6\Defs\ThingDefs_Misc\Weapons\MeleeMedieval.xml
53,Vanilla Factions Expanded - Medieval 2,oskarpotocki.vfe.medieval2,VFEM2_MeleeWeapon_Halberd,halberd,weapon,Medieval,,BaseMeleeWeapon_Sharp_Quality,WeaponsMelee,LongBlades,1.6\Defs\ThingDefs_Misc\Weapons\MeleeMedieval.xml
53,Vanilla Factions Expanded - Medieval 2,oskarpotocki.vfe.medieval2,VFEM2_MeleeWeapon_Standard,heraldic standard,weapon,Medieval,,BaseMeleeWeapon_Sharp_Quality,WeaponsMelee,VFEM2_Heraldry,1.6\Defs\ThingDefs_Misc\Weapons\MeleeMedieval.xml
53,Vanilla Factions Expanded - Medieval 2,oskarpotocki.vfe.medieval2,VFEM2_MeleeWeapon_Pike,pike,weapon,Medieval,,BaseMeleeWeapon_Sharp_Quality,WeaponsMelee,LongBlades,1.6\Defs\ThingDefs_Misc\Weapons\MeleeMedieval.xml
53,Vanilla Factions Expanded - Medieval 2,oskarpotocki.vfe.medieval2,VFEM2_MeleeWeapon_Shortsword,shortsword,weapon,Medieval,,BaseMeleeWeapon_Sharp_Quality,WeaponsMelee,Smithing,1.6\Defs\ThingDefs_Misc\Weapons\MeleeMedieval.xml
53,Vanilla Factions Expanded - Medieval 2,oskarpotocki.vfe.medieval2,VFEM2_MeleeWeapon_Flail,flail,weapon,Medieval,,BaseMeleeWeapon_Blunt_Quality,WeaponsMelee,Smithing,1.6\Defs\ThingDefs_Misc\Weapons\MeleeMedieval.xml
53,Vanilla Factions Expanded - Medieval 2,oskarpotocki.vfe.medieval2,VFEM2_ThrowingAxe,throwing axe,weapon,Medieval,,BaseWeaponNeolithic,WeaponsRanged,Smithing,1.6\Defs\ThingDefs_Misc\Weapons\RangedMedieval.xml
53,Vanilla Factions Expanded - Medieval 2,oskarpotocki.vfe.medieval2,VFEM2V_ThrowingAxe_Thrown,thrown axe,projectile,(none),,BaseProjectileNeolithic,,,1.6\Defs\ThingDefs_Misc\Weapons\RangedMedieval.xml
53,Vanilla Factions Expanded - Medieval 2,oskarpotocki.vfe.medieval2,VFEM2_Gun_Arquebus,arquebus,weapon,Industrial,165,BaseHumanMakeableGun,WeaponsRanged,VFEM2_Matchlocks,1.6\Defs\ThingDefs_Misc\Weapons\RangedMedieval.xml
53,Vanilla Factions Expanded - Medieval 2,oskarpotocki.vfe.medieval2,VFEM2_Bullet_Arquebus,arquebus grapeshot,projectile,(none),,BaseBullet,,,1.6\Defs\ThingDefs_Misc\Weapons\RangedMedieval.xml
53,Vanilla Factions Expanded - Medieval 2,oskarpotocki.vfe.medieval2,VFEM2_Gun_HandCannon,hand cannon,weapon,Industrial,180,BaseHumanMakeableGun,WeaponsRanged,VFEM2_Matchlocks,1.6\Defs\ThingDefs_Misc\Weapons\RangedMedieval.xml
53,Vanilla Factions Expanded - Medieval 2,oskarpotocki.vfe.medieval2,VFEM2_Bullet_HandCannon,handcannon grapeshot,projectile,(none),,BaseBullet,,,1.6\Defs\ThingDefs_Misc\Weapons\RangedMedieval.xml
53,Vanilla Factions Expanded - Medieval 2,oskarpotocki.vfe.medieval2,VFEM2_Arbalest,arbalest,weapon,Medieval,,BaseWeaponNeolithic,WeaponsRanged,Greatbow,1.6\Defs\ThingDefs_Misc\Weapons\RangedMedieval.xml
53,Vanilla Factions Expanded - Medieval 2,oskarpotocki.vfe.medieval2,VFEM2_Bolt_Arbalest,arbalest bolt,projectile,(none),,BaseProjectileNeolithic,,,1.6\Defs\ThingDefs_Misc\Weapons\RangedMedieval.xml
53,Vanilla Factions Expanded - Medieval 2,oskarpotocki.vfe.medieval2,VFEM2_Warbow,warbow,weapon,Neolithic,135,BaseWeaponNeolithic,WeaponsRanged,Greatbow,1.6\Defs\ThingDefs_Misc\Weapons\RangedMedieval.xml
53,Vanilla Factions Expanded - Medieval 2,oskarpotocki.vfe.medieval2,VFEM2_Arrow_Warbow,warbow arrow,projectile,(none),,BaseProjectileNeolithic,,,1.6\Defs\ThingDefs_Misc\Weapons\RangedMedieval.xml
53,Vanilla Factions Expanded - Medieval 2,oskarpotocki.vfe.medieval2,VFEM2_Gun_Musket,musket,weapon,Medieval,,BaseHumanMakeableGun,WeaponsRanged,VFEM2_Matchlocks,1.6\Defs\ThingDefs_Misc\Weapons\RangedMedieval.xml
53,Vanilla Factions Expanded - Medieval 2,oskarpotocki.vfe.medieval2,VFEM2_Bullet_Musket,musket shot,projectile,(none),,BaseBullet,,,1.6\Defs\ThingDefs_Misc\Weapons\RangedMedieval.xml
53,Vanilla Factions Expanded - Medieval 2,oskarpotocki.vfe.medieval2,VFEM2_Gun_Flintlock,flintlock,weapon,Medieval,,BaseHumanMakeableGun,WeaponsRanged,VFEM2_Matchlocks,1.6\Defs\ThingDefs_Misc\Weapons\RangedMedieval.xml
53,Vanilla Factions Expanded - Medieval 2,oskarpotocki.vfe.medieval2,VFEM2_Bullet_Flintlock,flintlock shot,projectile,(none),,BaseBullet,,,1.6\Defs\ThingDefs_Misc\Weapons\RangedMedieval.xml
53,Vanilla Factions Expanded - Medieval 2,oskarpotocki.vfe.medieval2,VFEM2_Plant_Grape,grape plant,plant,(none),,PlantBase,Plants,,1.6\Defs\ThingDefs_Plants\Plants_Cultivated_Farm.xml
54,Vanilla Races Expanded - Archon,vanillaracesexpanded.archon,VREA_Warp_Mote,Mote,mote,(none),,MoteBase,,,1.6\Defs\Effects\Motes.xml
54,Vanilla Races Expanded - Archon,vanillaracesexpanded.archon,VREA_Apparel_Archoplate,archoplate,apparel,Archotech,6250,ApparelNoQualityBase,ApparelArmor,,1.6\Defs\ThingDefs_Misc\Apparel_Various.xml
54,Vanilla Races Expanded - Archon,vanillaracesexpanded.archon,VREA_PawnJumper,flying,parent:PawnFlyerBase,(none),,PawnFlyerBase,,,1.6\Defs\ThingDefs_Misc\Ethereal_Various.xml
54,Vanilla Races Expanded - Archon,vanillaracesexpanded.archon,VREA_PsychicThrow,psychic throw,projectile,(none),,BaseBullet,,,1.6\Defs\ThingDefs_Misc\Projectiles.xml
54,Vanilla Races Expanded - Archon,vanillaracesexpanded.archon,VREA_PsychicWarp,psychic warp,projectile,(none),,BaseBullet,,,1.6\Defs\ThingDefs_Misc\Projectiles.xml
54,Vanilla Races Expanded - Archon,vanillaracesexpanded.archon,VREA_PsychicLance,psychic lance,projectile,(none),,BaseBullet,,,1.6\Defs\ThingDefs_Misc\Projectiles.xml
54,Vanilla Races Expanded - Archon,vanillaracesexpanded.archon,VREA_MeleeWeapon_ArchobladeBladelink,archoblade,weapon,Archotech,6700,BaseWeapon,WeaponsMeleeBladelink,,1.6\Defs\ThingDefs_Misc\Weapons\ArchonBladelink.xml
64,Dark Ages : Medieval Tools,van.datools,DA_MedievalCrane,medieval crane,item,Medieval,,BuildingBase,BuildingsMisc,DankPyon_Mining,1.6\Mods\MOAdditions\Defs\ThingDefs_Buildings\Buildings_Crane.xml
64,Dark Ages : Medieval Tools,van.datools,DA_ButcheringTools,butchering tools,item,(none),,BuildingBase,BuildingsMisc,,1.6\Defs\ThingDefs_Buildings\Buildings_Misc.xml
64,Dark Ages : Medieval Tools,van.datools,DA_StonecuttingTools,stonecutting tools,item,(none),,BuildingBase,BuildingsMisc,Stonecutting,1.6\Defs\ThingDefs_Buildings\Buildings_Misc.xml
64,Dark Ages : Medieval Tools,van.datools,DA_TailoringTools,tailoring tools,item,(none),,BuildingBase,BuildingsMisc,ComplexClothing,1.6\Defs\ThingDefs_Buildings\Buildings_Misc.xml
64,Dark Ages : Medieval Tools,van.datools,DA_MixingBarrel,mixing barrel,item,(none),,BuildingBase,BuildingsMisc,Brewing,1.6\Defs\ThingDefs_Buildings\Buildings_Misc.xml
64,Dark Ages : Medieval Tools,van.datools,DA_MeleeWeapon_Hammer,building hammer,weapon,Medieval,,BaseMeleeWeapon_Blunt_Quality,WeaponsMelee,Smithing;Smithing,1.6\Defs\ThingDefs_Misc\MeleeMedieval.xml
64,Dark Ages : Medieval Tools,van.datools,DA_MeleeWeapon_Hacksaw,bonesaw,weapon,Medieval,,BaseMeleeWeapon_Sharp_Quality,WeaponsMelee,Smithing;Smithing,1.6\Defs\ThingDefs_Misc\MeleeMedieval.xml
64,Dark Ages : Medieval Tools,van.datools,DA_MeleeWeapon_Pickaxe,pickaxe,weapon,Medieval,,BaseMeleeWeapon_Sharp_Quality,WeaponsMelee,Smithing;Smithing,1.6\Defs\ThingDefs_Misc\MeleeMedieval.xml
64,Dark Ages : Medieval Tools,van.datools,DA_MeleeWeapon_Cleaver,meat cleaver,weapon,Medieval,,BaseMeleeWeapon_Sharp_Quality,WeaponsMelee,Smithing;Smithing,1.6\Defs\ThingDefs_Misc\MeleeMedieval.xml
64,Dark Ages : Medieval Tools,van.datools,DA_MeleeWeapon_Scythe,scythe,weapon,Medieval,,BaseMeleeWeapon_Sharp_Quality,WeaponsMelee,Smithing,1.6\Defs\ThingDefs_Misc\MeleeMedieval.xml
64,Dark Ages : Medieval Tools,van.datools,DA_MeleeWeapon_Broom,broom,weapon,Medieval,,BaseMeleeWeapon_Blunt_Quality,WeaponsMelee,,1.6\Defs\ThingDefs_Misc\MeleeMedieval.xml
64,Dark Ages : Medieval Tools,van.datools,DA_MeleeWeapon_GuardBaton,guard baton,weapon,Medieval,,BaseMeleeWeapon_Blunt_Quality,WeaponsMelee,Smithing;Smithing,1.6\Defs\ThingDefs_Misc\MeleeMedieval.xml
65,[SYR] Processor Framework,syrchalis.processor.framework,BarrelProcessor,fermenting barrel,item,(none),,BuildingBase,BuildingsProduction,Brewing,1.6\Defs\ThingDefs_Buildings.xml
66,Medieval Overhaul,dankpyon.medieval.overhaul,DankPyon_DriedFish,dried fish,food/drug,(none),1.9,OrganicProductBase,Fish,,1.6\Mods\Odyssey\Defs\Add_DriedFish.xml
66,Medieval Overhaul,dankpyon.medieval.overhaul,DankPyon_SmokedFish,smoked meat,food/drug,(none),15,MealBaseIngredientless,FoodMeals,,1.6\Mods\Odyssey\Defs\Add_DriedFish.xml
66,Medieval Overhaul,dankpyon.medieval.overhaul,DankPyon_Schematic_MilitaryBlades,ancient military blades schematic,item,(none),500,DankPyon_SchematicBase,DankPyon_Schematics,,1.6\Defs\Books\BookDefs _Schematic.xml
66,Medieval Overhaul,dankpyon.medieval.overhaul,DankPyon_Schematic_NobleBlades,ancient noble blades schematic,item,(none),500,DankPyon_SchematicBase,DankPyon_Schematics,,1.6\Defs\Books\BookDefs _Schematic.xml
66,Medieval Overhaul,dankpyon.medieval.overhaul,DankPyon_Schematic_MilitaryMaces,ancient military maces schematic,item,(none),500,DankPyon_SchematicBase,DankPyon_Schematics,,1.6\Defs\Books\BookDefs _Schematic.xml
66,Medieval Overhaul,dankpyon.medieval.overhaul,DankPyon_Schematic_NobleMaces,ancient noble maces schematic,item,(none),500,DankPyon_SchematicBase,DankPyon_Schematics,,1.6\Defs\Books\BookDefs _Schematic.xml
66,Medieval Overhaul,dankpyon.medieval.overhaul,DankPyon_Schematic_MilitaryPolearms,ancient miltary polearm schematic,item,(none),500,DankPyon_SchematicBase,DankPyon_Schematics,,1.6\Defs\Books\BookDefs _Schematic.xml
66,Medieval Overhaul,dankpyon.medieval.overhaul,DankPyon_Schematic_NoblePolearms,ancient noble polearm schematic,item,(none),500,DankPyon_SchematicBase,DankPyon_Schematics,,1.6\Defs\Books\BookDefs _Schematic.xml
66,Medieval Overhaul,dankpyon.medieval.overhaul,DankPyon_Schematic_Crossbow,ancient crossbow schematic,item,(none),500,DankPyon_SchematicBase,DankPyon_Schematics,,1.6\Defs\Books\BookDefs _Schematic.xml
66,Medieval Overhaul,dankpyon.medieval.overhaul,DankPyon_Schematic_HeavyCrossbow,ancient crossbow schematic,item,(none),500,DankPyon_SchematicBase,DankPyon_Schematics,,1.6\Defs\Books\BookDefs _Schematic.xml
66,Medieval Overhaul,dankpyon.medieval.overhaul,DankPyon_Schematic_Steel,ancient metallurgy schematic,item,(none),500,DankPyon_SchematicBase,DankPyon_Schematics,,1.6\Defs\Books\BookDefs _Schematic.xml
66,Medieval Overhaul,dankpyon.medieval.overhaul,DankPyon_Schematic_Gunpowder,ancient gunpowder schematic,item,(none),500,DankPyon_SchematicBase,DankPyon_Schematics,,1.6\Defs\Books\BookDefs _Schematic.xml
66,Medieval Overhaul,dankpyon.medieval.overhaul,DankPyon_Schematic_Tar,ancient tar schematic,item,(none),500,DankPyon_SchematicBase,DankPyon_Schematics,,1.6\Defs\Books\BookDefs _Schematic.xml
66,Medieval Overhaul,dankpyon.medieval.overhaul,DankPyon_Schematic_GreatBow,ancient greatbow schematic,item,(none),500,DankPyon_SchematicBase,DankPyon_Schematics,,1.6\Defs\Books\BookDefs _Schematic.xml
66,Medieval Overhaul,dankpyon.medieval.overhaul,DankPyon_Schematic_WarBow,ancient warbow schematic,item,(none),500,DankPyon_SchematicBase,DankPyon_Schematics,,1.6\Defs\Books\BookDefs _Schematic.xml
66,Medieval Overhaul,dankpyon.medieval.overhaul,DankPyon_Schematic_IntermediateCooking,intermediate cooking recipes,item,(none),500,DankPyon_SchematicBase,DankPyon_Schematics,,1.6\Defs\Books\BookDefs _Schematic.xml
66,Medieval Overhaul,dankpyon.medieval.overhaul,DankPyon_Schematic_AdvancedCooking,advanced cooking recipes,item,(none),500,DankPyon_SchematicBase,DankPyon_Schematics,,1.6\Defs\Books\BookDefs _Schematic.xml
66,Medieval Overhaul,dankpyon.medieval.overhaul,DankPyon_Schematic_BallistaRepeater,ancient ballista repeater schematics,item,(none),500,DankPyon_SchematicBase,DankPyon_Schematics,,1.6\Defs\Books\BookDefs _Schematic.xml
66,Medieval Overhaul,dankpyon.medieval.overhaul,DankPyon_Schematic,ancient schematic,item,(none),500,BookBase,Books,,1.6\Defs\Books\BookDefs.xml
66,Medieval Overhaul,dankpyon.medieval.overhaul,DankPyon_Tale,tale,item,(none),160,BookBase,Books,,1.6\Defs\Books\BookDefs.xml
66,Medieval Overhaul,dankpyon.medieval.overhaul,DankPyon_Treatise,treatise,item,(none),160,BookBase,Books,,1.6\Defs\Books\BookDefs.xml
66,Medieval Overhaul,dankpyon.medieval.overhaul,DankPyon_BookUnique_OrnateTome,ornate tome,item,(none),350,DankPyon_TradableBook,Books,,1.6\Defs\Books\BookDefs_Unique.xml
66,Medieval Overhaul,dankpyon.medieval.overhaul,DankPyon_BookUnique_OnEnglish,On English,item,(none),250,DankPyon_TradableBook,Books,,1.6\Defs\Books\BookDefs_Unique.xml
66,Medieval Overhaul,dankpyon.medieval.overhaul,DankPyon_Ale,ale,food/drug,Neolithic,12,DankPyon_DrugBase,Drugs,Brewing,1.6\Defs\Drugs\Alcohol_Ale.xml
66,Medieval Overhaul,dankpyon.medieval.overhaul,DankPyon_WortAle,ale wort,item,(none),2.5,ResourceBase,Manufactured,,1.6\Defs\Drugs\Alcohol_Ale.xml
66,Medieval Overhaul,dankpyon.medieval.overhaul,DankPyon_Cider,cider,food/drug,Neolithic,12,DankPyon_DrugBase,Drugs,Brewing,1.6\Defs\Drugs\Alcohol_Cider.xml
66,Medieval Overhaul,dankpyon.medieval.overhaul,DankPyon_Mead,mead,food/drug,Neolithic,16,DankPyon_DrugBase,Drugs,Brewing,1.6\Defs\Drugs\Alcohol_Mead.xml
66,Medieval Overhaul,dankpyon.medieval.overhaul,DankPyon_Wine,wine,food/drug,Medieval,20,DankPyon_DrugBase,Drugs,Brewing,1.6\Defs\Drugs\Alcohol_Wine.xml
66,Medieval Overhaul,dankpyon.medieval.overhaul,DankPyon_MustWine,grape must,item,(none),2.5,ResourceBase,Manufactured,,1.6\Defs\Drugs\Alcohol_Wine.xml
66,Medieval Overhaul,dankpyon.medieval.overhaul,DankPyon_Wine_Mulberry,mulberry wine,food/drug,Medieval,20,DankPyon_WineBase,Drugs,Brewing,1.6\Defs\Drugs\Alcohol_Wine.xml
66,Medieval Overhaul,dankpyon.medieval.overhaul,DankPyon_MustWine_Mulberry,mulberry wine must,item,(none),2.5,DankPyon_MustWineBase,Manufactured,,1.6\Defs\Drugs\Alcohol_Wine.xml
66,Medieval Overhaul,dankpyon.medieval.overhaul,DankPyon_Wine_Griffon,griffon wine,food/drug,Medieval,20,DankPyon_WineBase,Drugs,Brewing,1.6\Defs\Drugs\Alcohol_Wine.xml
66,Medieval Overhaul,dankpyon.medieval.overhaul,DankPyon_MustWine_Griffon,griffon berry must,item,(none),2.5,DankPyon_MustWineBase,Manufactured,,1.6\Defs\Drugs\Alcohol_Wine.xml
66,Medieval Overhaul,dankpyon.medieval.overhaul,DankPyon_Wine_Ice,ice wine,food/drug,Medieval,20,DankPyon_WineBase,Drugs,Brewing,1.6\Defs\Drugs\Alcohol_Wine.xml
66,Medieval Overhaul,dankpyon.medieval.overhaul,DankPyon_MustWine_Ice,ice wine must,item,(none),2.5,DankPyon_MustWineBase,Manufactured,,1.6\Defs\Drugs\Alcohol_Wine.xml
66,Medieval Overhaul,dankpyon.medieval.overhaul,DankPyon_Mixture_Miracle,apothecary's miracle mixture,item,(none),,DankPyon_MixtureBase,Manufactured,DankPyon_Alchemy,1.6\Defs\Drugs\Drug_Bases_and_Mixtures.xml
66,Medieval Overhaul,dankpyon.medieval.overhaul,DankPyon_Mixture_HappyPowder,happy powder mixture,item,(none),,DankPyon_MixtureBase,Manufactured,DankPyon_Alchemy,1.6\Defs\Drugs\Drug_Bases_and_Mixtures.xml
66,Medieval Overhaul,dankpyon.medieval.overhaul,DankPyon_Mixture_BattleElixir,battle elixir mixture,item,(none),,DankPyon_MixtureBase,Manufactured,DankPyon_Alchemy,1.6\Defs\Drugs\Drug_Bases_and_Mixtures.xml
66,Medieval Overhaul,dankpyon.medieval.overhaul,DankPyon_Mixture_Paregoric,paregoric mixture,item,(none),,DankPyon_MixtureBase,Manufactured,DankPyon_Alchemy,1.6\Defs\Drugs\Drug_Bases_and_Mixtures.xml
66,Medieval Overhaul,dankpyon.medieval.overhaul,DankPyon_Mixture_VigorPill,vigor pill mixture,item,(none),,DankPyon_MixtureBase,Manufactured,DankPyon_Alchemy,1.6\Defs\Drugs\Drug_Bases_and_Mixtures.xml
66,Medieval Overhaul,dankpyon.medieval.overhaul,DankPyon_Mixture_Knowledge,potion of knowledge mixture,item,(none),,DankPyon_MixtureBase,Manufactured,DankPyon_Alchemy,1.6\Defs\Drugs\Drug_Bases_and_Mixtures.xml
66,Medieval Overhaul,dankpyon.medieval.overhaul,DankPyon_Mixture_Luhix,luhix mixture,item,(none),,DankPyon_MixtureBase,Manufactured,DankPyon_Alchemy,1.6\Defs\Drugs\Drug_Bases_and_Mixtures.xml
66,Medieval Overhaul,dankpyon.medieval.overhaul,DankPyon_Mixture_Stardust,stardust,item,(none),,DankPyon_MixtureBase,Manufactured,DankPyon_Alchemy,1.6\Defs\Drugs\Drug_Bases_and_Mixtures.xml
66,Medieval Overhaul,dankpyon.medieval.overhaul,DankPyon_BattleElixir,battle elixir,food/drug,Medieval,125,MakeableDrugBase,Drugs,DankPyon_Alchemy,1.6\Defs\Drugs\Drug_BattleElixir.xml
66,Medieval Overhaul,dankpyon.medieval.overhaul,DankPyon_HappyPowder,happy powder,food/drug,Medieval,120,MakeableDrugBase,Drugs,DankPyon_Alchemy,1.6\Defs\Drugs\Drug_HappyPowder.xml
66,Medieval Overhaul,dankpyon.medieval.overhaul,DankPyon_HornetHoney,hornet honey,food/drug,Medieval,53,DrugBase,Drugs,,1.6\Defs\Drugs\Drug_HornetHoney.xml
66,Medieval Overhaul,dankpyon.medieval.overhaul,DankPyon_KnowledgePotion,potion of knowledge,parent:ResourceBase,Medieval,,ResourceBase,,DankPyon_Alchemy,1.6\Defs\Drugs\Drug_KnowledgePotion.xml
66,Medieval Overhaul,dankpyon.medieval.overhaul,DankPyon_Luhix,luhix,food/drug,Medieval,,MakeableDrugBase,Drugs,DankPyon_Alchemy,1.6\Defs\Drugs\Drug_Luhix.xml
66,Medieval Overhaul,dankpyon.medieval.overhaul,DankPyon_Miracle,apothecary's miracle,food/drug,Medieval,210,MakeableDrugPillBase,Drugs,DankPyon_Alchemy,1.6\Defs\Drugs\Drug_Miracle.xml
66,Medieval Overhaul,dankpyon.medieval.overhaul,DankPyon_Paregoric,paregoric,food/drug,Medieval,235,MakeableDrugPillBase,Drugs,DankPyon_Alchemy,1.6\Defs\Drugs\Drug_Paregoric.xml
66,Medieval Overhaul,dankpyon.medieval.overhaul,DankPyon_Stardust,stardust,food/drug,Medieval,,MakeableDrugBase,Drugs,DankPyon_Alchemy,1.6\Defs\Drugs\Drug_Stardust.xml
66,Medieval Overhaul,dankpyon.medieval.overhaul,DankPyon_VigorPill,vigor pill,food/drug,Medieval,60,MakeableDrugPillBase,Drugs,DankPyon_Alchemy,1.6\Defs\Drugs\Drug_VigorPill.xml
66,Medieval Overhaul,dankpyon.medieval.overhaul,DankPyon_JuiceApple,apple juice,food/drug,Neolithic,5,MealBase,DankPyon_NonAlcoholic,DankPyon_Presser,1.6\Defs\Drugs\Juice_Apple.xml
66,Medieval Overhaul,dankpyon.medieval.overhaul,DankPyon_JuiceAppleUnfermented,unfermented apple juice,food/drug,Neolithic,5,MealBase,DankPyon_NonAlcoholic,,1.6\Defs\Drugs\Juice_Apple.xml
66,Medieval Overhaul,dankpyon.medieval.overhaul,DankPyon_MincedApple,apple mince,item,(none),2.5,ResourceBase,Manufactured,,1.6\Defs\Drugs\Juice_Apple.xml
66,Medieval Overhaul,dankpyon.medieval.overhaul,DankPyon_DummyLeather,leather,item,(none),2.1,LeatherBase,Leathers,,1.6\Defs\ProcessorDef\ProcessDef_Hides.xml
66,Medieval Overhaul,dankpyon.medieval.overhaul,DankPyon_Bust,bust,building,(none),,DankPyon_SculptureBase,BuildingsArt,DankPyon_RusticFurniture,1.6\Defs\ThingDefs_Buildings\Buildings_Art.xml
66,Medieval Overhaul,dankpyon.medieval.overhaul,DankPyon_Pedestal,pedestal,building,(none),,DankPyon_SculptureBase,BuildingsArt,DankPyon_RusticFurniture,1.6\Defs\ThingDefs_Buildings\Buildings_Art.xml
66,Medieval Overhaul,dankpyon.medieval.overhaul,DankPyon_ArmorStatue,armor statue,building,(none),,DankPyon_SculptureBase,BuildingsArt,DankPyon_RusticFurniture,1.6\Defs\ThingDefs_Buildings\Buildings_Art.xml
66,Medieval Overhaul,dankpyon.medieval.overhaul,DankPyon_Ancient_Column,ancient column,building,(none),,DankPyon_SculptureBase,BuildingsArt,DankPyon_RusticFurniture,1.6\Defs\ThingDefs_Buildings\Buildings_Art.xml
66,Medieval Overhaul,dankpyon.medieval.overhaul,DankPyon_RNGLarge2x2c,grand dice god sculpture,building,(none),,DankPyon_Ancient_GrandSculptureBase,BuildingsArt,,1.6\Defs\ThingDefs_Buildings\Buildings_Art.xml
66,Medieval Overhaul,dankpyon.medieval.overhaul,DankPyon_RNG2x2c,grand dice god obelisk sculpture,building,(none),,DankPyon_Ancient_GrandSculptureBase,BuildingsArt,,1.6\Defs\ThingDefs_Buildings\Buildings_Art.xml
66,Medieval Overhaul,dankpyon.medieval.overhaul,DankPyon_ArchonSculpture2x2c,grand archon sculpture,building,(none),,DankPyon_Ancient_GrandSculptureBase,BuildingsArt,,1.6\Defs\ThingDefs_Buildings\Buildings_Art.xml
66,Medieval Overhaul,dankpyon.medieval.overhaul,DankPyon_ArchonObeliskSculpture2x2c,grand archon obelisk sculpture,building,(none),,DankPyon_Ancient_GrandSculptureBase,BuildingsArt,,1.6\Defs\ThingDefs_Buildings\Buildings_Art.xml
66,Medieval Overhaul,dankpyon.medieval.overhaul,DankPyon_Obelisk2x2c,grand obelisk,building,(none),,DankPyon_Ancient_GrandSculptureBase,BuildingsArt,,1.6\Defs\ThingDefs_Buildings\Buildings_Art.xml
66,Medieval Overhaul,dankpyon.medieval.overhaul,DankPyon_Brazier2x2c,ancient obelisk brazier,building,(none),,DankPyon_Ancient_GrandSculptureBase,BuildingsArt,,1.6\Defs\ThingDefs_Buildings\Buildings_Art.xml
66,Medieval Overhaul,dankpyon.medieval.overhaul,DankPyon_Brazier1x1c,ancient brazier,building,(none),,DankPyon_AncientArtBase,BuildingsArt,,1.6\Defs\ThingDefs_Buildings\Buildings_Art.xml
66,Medieval Overhaul,dankpyon.medieval.overhaul,DankPyon_SculptureSmall_Ice,Small Ice Sculpture,building,(none),,DankPyon_IceSculptureBase,BuildingsArt,,1.6\Defs\ThingDefs_Buildings\Buildings_Art.xml
66,Medieval Overhaul,dankpyon.medieval.overhaul,DankPyon_SculptureLarge_Ice,Large Ice Sculpture,building,(none),,DankPyon_IceSculptureBase,BuildingsArt,,1.6\Defs\ThingDefs_Buildings\Buildings_Art.xml
66,Medieval Overhaul,dankpyon.medieval.overhaul,DankPyon_SculptureGrand_Ice,Grand Ice Sculpture,building,(none),,DankPyon_IceSculptureBase,BuildingsArt,,1.6\Defs\ThingDefs_Buildings\Buildings_Art.xml
66,Medieval Overhaul,dankpyon.medieval.overhaul,DankPyon_MinifiedIceThing,minified thing,parent:MinifiedThing,(none),,MinifiedThing,,,1.6\Defs\ThingDefs_Buildings\Buildings_Art.xml
66,Medieval Overhaul,dankpyon.medieval.overhaul,DankPyon_UnfinishedSculpture_Ice,unfinished ice sculpture,item,(none),,,Unfinished,,1.6\Defs\ThingDefs_Buildings\Buildings_Art.xml
66,Medieval Overhaul,dankpyon.medieval.overhaul,DankPyon_Vase,clay vase,building,(none),,DankPyon_SculptureBase,BuildingsArt,DankPyon_RusticFurniture,1.6\Defs\ThingDefs_Buildings\Buildings_Art_Vases.xml
66,Medieval Overhaul,dankpyon.medieval.overhaul,DankPyon_BannerMoonCult,banner (moon cult),item,(none),,DankPyon_NonBuildableBanners,BuildingsFurniture,,1.6\Defs\ThingDefs_Buildings\Buildings_Banners.xml
66,Medieval Overhaul,dankpyon.medieval.overhaul,DankPyon_BannerSoren,banner (soren),item,(none),,DankPyon_NonBuildableBanners,BuildingsFurniture,,1.6\Defs\ThingDefs_Buildings\Buildings_Banners.xml
66,Medieval Overhaul,dankpyon.medieval.overhaul,DankPyon_BannerAmboise,banner (amboise),item,(none),,DankPyon_NonBuildableBanners,BuildingsFurniture,,1.6\Defs\ThingDefs_Buildings\Buildings_Banners.xml
66,Medieval Overhaul,dankpyon.medieval.overhaul,DankPyon_BannerHesse,banner (hesse),item,(none),,DankPyon_NonBuildableBanners,BuildingsFurniture,,1.6\Defs\ThingDefs_Buildings\Buildings_Banners.xml
66,Medieval Overhaul,dankpyon.medieval.overhaul,DankPyon_BannerOswin,banner (oswin),item,(none),,DankPyon_NonBuildableBanners,BuildingsFurniture,,1.6\Defs\ThingDefs_Buildings\Buildings_Banners.xml
66,Medieval Overhaul,dankpyon.medieval.overhaul,DankPyon_BannerPlain,banner (plain),item,(none),,DankPyon_BannerBase,BuildingsFurniture,,1.6\Defs\ThingDefs_Buildings\Buildings_Banners.xml
66,Medieval Overhaul,dankpyon.medieval.overhaul,DankPyon_BannerCrow,banner (crow),item,(none),,DankPyon_BannerBase,BuildingsFurniture,,1.6\Defs\ThingDefs_Buildings\Buildings_Banners.xml
66,Medieval Overhaul,dankpyon.medieval.overhaul,DankPyon_BannerArrow,banner (arrow),item,(none),,DankPyon_BannerBase,BuildingsFurniture,,1.6\Defs\ThingDefs_Buildings\Buildings_Banners.xml
66,Medieval Overhaul,dankpyon.medieval.overhaul,DankPyon_BannerHand,banner (hand),item,(none),,DankPyon_BannerBase,BuildingsFurniture,,1.6\Defs\ThingDefs_Buildings\Buildings_Banners.xml
66,Medieval Overhaul,dankpyon.medieval.overhaul,DankPyon_BannerAxe,banner (axe),item,(none),,DankPyon_BannerBase,BuildingsFurniture,,1.6\Defs\ThingDefs_Buildings\Buildings_Banners.xml
66,Medieval Overhaul,dankpyon.medieval.overhaul,DankPyon_BannerSun,banner (sun),item,(none),,DankPyon_BannerBase,BuildingsFurniture,,1.6\Defs\ThingDefs_Buildings\Buildings_Banners.xml
66,Medieval Overhaul,dankpyon.medieval.overhaul,DankPyon_BannerLindwurm,banner (lindwurm),item,(none),,DankPyon_BannerBase,BuildingsFurniture,,1.6\Defs\ThingDefs_Buildings\Buildings_Banners.xml
66,Medieval Overhaul,dankpyon.medieval.overhaul,DankPyon_Lecturn,lecturn,building,(none),,FurnitureWithQualityBase,BuildingsFurniture,DankPyon_RusticFurniture,1.6\Defs\ThingDefs_Buildings\Buildings_Book.xml
66,Medieval Overhaul,dankpyon.medieval.overhaul,DankPyon_OnTop_Bottle_Milk,empty milk jar,building,(none),,DankPyon_BeveragesGroup,BuildingsFurniture,DankPyon_RusticFurniture,1.6\Defs\ThingDefs_Buildings\Buildings_Decoration.xml
66,Medieval Overhaul,dankpyon.medieval.overhaul,DankPyon_OnTop_Bottle_Ale,empty ale mug,building,(none),,DankPyon_BeveragesGroup,BuildingsFurniture,DankPyon_RusticFurniture,1.6\Defs\ThingDefs_Buildings\Buildings_Decoration.xml
66,Medieval Overhaul,dankpyon.medieval.overhaul,DankPyon_OnTop_Bottle_Mead,empty mead bottle,building,(none),,DankPyon_BeveragesGroup,BuildingsFurniture,DankPyon_RusticFurniture,1.6\Defs\ThingDefs_Buildings\Buildings_Decoration.xml
66,Medieval Overhaul,dankpyon.medieval.overhaul,DankPyon_OnTop_Bottle_Wine,empty wine bottle,building,(none),,DankPyon_BeveragesGroup,BuildingsFurniture,DankPyon_RusticFurniture,1.6\Defs\ThingDefs_Buildings\Buildings_Decoration.xml
66,Medieval Overhaul,dankpyon.medieval.overhaul,DankPyon_OnTop_Bottle_MulberryWine,empty mulberry wine bottle,building,(none),,DankPyon_BeveragesGroup,BuildingsFurniture,DankPyon_RusticFurniture,1.6\Defs\ThingDefs_Buildings\Buildings_Decoration.xml
66,Medieval Overhaul,dankpyon.medieval.overhaul,DankPyon_OnTop_Bottle_IceWine,empty ice wine bottle,building,(none),,DankPyon_BeveragesGroup,BuildingsFurniture,DankPyon_RusticFurniture,1.6\Defs\ThingDefs_Buildings\Buildings_Decoration.xml
66,Medieval Overhaul,dankpyon.medieval.overhaul,DankPyon_OnTop_Bottle_GriffonWine,empty griffon wine bottle,building,(none),,DankPyon_BeveragesGroup,BuildingsFurniture,DankPyon_RusticFurniture,1.6\Defs\ThingDefs_Buildings\Buildings_Decoration.xml
66,Medieval Overhaul,dankpyon.medieval.overhaul,DankPyon_OnTop_Scribe_StackPaper,ruined paper,building,(none),,DankPyon_ScribeToolsGroup,BuildingsFurniture,DankPyon_RusticFurniture,1.6\Defs\ThingDefs_Buildings\Buildings_Decoration.xml
66,Medieval Overhaul,dankpyon.medieval.overhaul,DankPyon_OnTop_Scribe_ScrollAndInkwell,ruined scroll and quill,building,(none),,DankPyon_ScribeToolsGroup,BuildingsFurniture,DankPyon_RusticFurniture,1.6\Defs\ThingDefs_Buildings\Buildings_Decoration.xml
66,Medieval Overhaul,dankpyon.medieval.overhaul,DankPyon_OnTop_Scribe_Book,ruined book,building,(none),,DankPyon_ScribeToolsGroup,BuildingsFurniture,DankPyon_RusticFurniture,1.6\Defs\ThingDefs_Buildings\Buildings_Decoration.xml
66,Medieval Overhaul,dankpyon.medieval.overhaul,DankPyon_OnTop_Kitchen_Bowl,empty bowl,building,(none),,DankPyon_KitchenGroup_Base,BuildingsFurniture,DankPyon_RusticFurniture,1.6\Defs\ThingDefs_Buildings\Buildings_Decoration.xml
66,Medieval Overhaul,dankpyon.medieval.overhaul,DankPyon_OnTop_Kitchen_Plate,empty plate,building,(none),,DankPyon_KitchenGroup_Base,BuildingsFurniture,DankPyon_RusticFurniture,1.6\Defs\ThingDefs_Buildings\Buildings_Decoration.xml
66,Medieval Overhaul,dankpyon.medieval.overhaul,DankPyon_OnTop_Kitchen_CookingPot,empty cooking pot,building,(none),,DankPyon_KitchenGroup_Base,BuildingsFurniture,DankPyon_RusticFurniture,1.6\Defs\ThingDefs_Buildings\Buildings_Decoration.xml
66,Medieval Overhaul,dankpyon.medieval.overhaul,DankPyon_OnTop_Kitchen_Cup,empty cup,building,(none),,DankPyon_KitchenGroup_Base,BuildingsFurniture,DankPyon_RusticFurniture,1.6\Defs\ThingDefs_Buildings\Buildings_Decoration.xml
66,Medieval Overhaul,dankpyon.medieval.overhaul,DankPyon_OnTop_Kitchen_EmbeddedCleaver,embedded cleaver,building,(none),,DankPyon_KitchenGroup_Base,BuildingsFurniture,Smithing,1.6\Defs\ThingDefs_Buildings\Buildings_Decoration.xml
66,Medieval Overhaul,dankpyon.medieval.overhaul,DankPyon_OnTop_Research_Flasks,inert flasks,building,(none),,DankPyon_ResearchToolsGroup,BuildingsFurniture,DankPyon_RusticFurniture,1.6\Defs\ThingDefs_Buildings\Buildings_Decoration.xml
66,Medieval Overhaul,dankpyon.medieval.overhaul,DankPyon_OnTop_Research_Vials,inert vials,building,(none),,DankPyon_ResearchToolsGroup,BuildingsFurniture,DankPyon_RusticFurniture,1.6\Defs\ThingDefs_Buildings\Buildings_Decoration.xml
66,Medieval Overhaul,dankpyon.medieval.overhaul,DankPyon_OnTop_Alchemy_MortarAndPestle,ruined mortar and pestle,building,(none),,DankPyon_ResearchToolsGroup,BuildingsFurniture,DankPyon_RusticFurniture,1.6\Defs\ThingDefs_Buildings\Buildings_Decoration.xml
66,Medieval Overhaul,dankpyon.medieval.overhaul,DankPyon_Fountain1x1c,small fountain,item,(none),,DankPyon_ArtableFurnitureBase,BuildingsFurniture,DankPyon_RusticFurniture,1.6\Defs\ThingDefs_Buildings\Buildings_Decoration.xml
66,Medieval Overhaul,dankpyon.medieval.overhaul,DankPyon_Fountain2x2c,large fountain,item,(none),,DankPyon_ArtableFurnitureBase,BuildingsFurniture,DankPyon_RusticFurniture,1.6\Defs\ThingDefs_Buildings\Buildings_Decoration.xml
66,Medieval Overhaul,dankpyon.medieval.overhaul,DankPyon_BarrelWater,water filled barrel,parent:BuildingBase,(none),,BuildingBase,,DankPyon_RusticFurniture,1.6\Defs\ThingDefs_Buildings\Buildings_Decoration.xml
66,Medieval Overhaul,dankpyon.medieval.overhaul,DankPyon_WallBanner1x2c,wall banner (1x2),building,(none),,DankPyon_FurnitureWithQualityBase,BuildingsMisc,DankPyon_RusticFurniture,1.6\Defs\ThingDefs_Buildings\Buildings_Decoration.xml
66,Medieval Overhaul,dankpyon.medieval.overhaul,DankPyon_RusticRoomDivider1x2c,room divider (1x2),item,(none),,DankPyon_FurnitureWithQualityBase,BuildingsMisc,DankPyon_RusticFurniture,1.6\Defs\ThingDefs_Buildings\Buildings_Decoration.xml
66,Medieval Overhaul,dankpyon.medieval.overhaul,DankPyon_RusticThickRoomDivider_Open1x2c,thick open room divider (1x2),item,(none),,DankPyon_FurnitureWithQualityBase,BuildingsMisc,DankPyon_RusticFurniture,1.6\Defs\ThingDefs_Buildings\Buildings_Decoration.xml
66,Medieval Overhaul,dankpyon.medieval.overhaul,DankPyon_RusticThickRoomDivider_Closed1x2c,thick covered room divider (1x2),item,(none),,DankPyon_FurnitureWithQualityBase,BuildingsMisc,DankPyon_RusticFurniture,1.6\Defs\ThingDefs_Buildings\Buildings_Decoration.xml
66,Medieval Overhaul,dankpyon.medieval.overhaul,DankPyon_DividerColumn,tall divider column (1x2),item,(none),,DankPyon_FurnitureWithQualityBase,BuildingsMisc,DankPyon_RusticFurniture,1.6\Defs\ThingDefs_Buildings\Buildings_Decoration.xml
66,Medieval Overhaul,dankpyon.medieval.overhaul,DankPyon_Sign_Tavern,tavern sign,parent:BuildingBase,(none),,BuildingBase,,DankPyon_RusticFurniture,1.6\Defs\ThingDefs_Buildings\Buildings_Decoration.xml
66,Medieval Overhaul,dankpyon.medieval.overhaul,DankPyon_Sign_Bread,bakery sign,parent:DankPyon_SignBase,(none),,DankPyon_SignBase,,DankPyon_RusticFurniture,1.6\Defs\ThingDefs_Buildings\Buildings_Decoration.xml
66,Medieval Overhaul,dankpyon.medieval.overhaul,DankPyon_Sign_Butcher,butcher sign,parent:DankPyon_SignBase,(none),,DankPyon_SignBase,,DankPyon_RusticFurniture,1.6\Defs\ThingDefs_Buildings\Buildings_Decoration.xml
66,Medieval Overhaul,dankpyon.medieval.overhaul,DankPyon_Sign_Smith,smith sign,parent:DankPyon_SignBase,(none),,DankPyon_SignBase,,DankPyon_RusticFurniture,1.6\Defs\ThingDefs_Buildings\Buildings_Decoration.xml
66,Medieval Overhaul,dankpyon.medieval.overhaul,DankPyon_Sign_Apothecary,apothecary sign,parent:DankPyon_SignBase,(none),,DankPyon_SignBase,,DankPyon_RusticFurniture,1.6\Defs\ThingDefs_Buildings\Buildings_Decoration.xml
66,Medieval Overhaul,dankpyon.medieval.overhaul,DankPyon_Sign_Jewelry,jewelry sign,parent:DankPyon_SignBase,(none),,DankPyon_SignBase,,DankPyon_RusticFurniture,1.6\Defs\ThingDefs_Buildings\Buildings_Decoration.xml
66,Medieval Overhaul,dankpyon.medieval.overhaul,DankPyon_Sign_Library,library sign,parent:DankPyon_SignBase,(none),,DankPyon_SignBase,,DankPyon_RusticFurniture,1.6\Defs\ThingDefs_Buildings\Buildings_Decoration.xml
66,Medieval Overhaul,dankpyon.medieval.overhaul,DankPyon_Sign_Tailor,tailor sign,parent:DankPyon_SignBase,(none),,DankPyon_SignBase,,DankPyon_RusticFurniture,1.6\Defs\ThingDefs_Buildings\Buildings_Decoration.xml
66,Medieval Overhaul,dankpyon.medieval.overhaul,DankPyon_Sign_Woodworking,woodworking sign,parent:DankPyon_SignBase,(none),,DankPyon_SignBase,,DankPyon_RusticFurniture,1.6\Defs\ThingDefs_Buildings\Buildings_Decoration.xml
66,Medieval Overhaul,dankpyon.medieval.overhaul,DankPyon_Sign_Barn,barn sign,parent:DankPyon_SignBase,(none),,DankPyon_SignBase,,DankPyon_RusticFurniture,1.6\Defs\ThingDefs_Buildings\Buildings_Decoration.xml
66,Medieval Overhaul,dankpyon.medieval.overhaul,DankPyon_Sign_Winery,winery sign,parent:DankPyon_SignBase,(none),,DankPyon_SignBase,,DankPyon_RusticFurniture,1.6\Defs\ThingDefs_Buildings\Buildings_Decoration.xml
66,Medieval Overhaul,dankpyon.medieval.overhaul,DankPyon_Sign_Scribe,scribe sign,parent:DankPyon_SignBase,(none),,DankPyon_SignBase,,DankPyon_RusticFurniture,1.6\Defs\ThingDefs_Buildings\Buildings_Decoration.xml
66,Medieval Overhaul,dankpyon.medieval.overhaul,DankPyon_BrokenCart,broken cart,building,(none),,BuildingBase,,,1.6\Defs\ThingDefs_Buildings\Buildings_Exotic.xml
66,Medieval Overhaul,dankpyon.medieval.overhaul,DankPyon_RusticTorchLamp,rustic torch,building,(none),,TorchLamp,,,1.6\Defs\ThingDefs_Buildings\Buildings_Furniture.xml
66,Medieval Overhaul,dankpyon.medieval.overhaul,DankPyon_WallTorch,rustic wall torch,building,(none),,DankPyon_BuildingBase,,DankPyon_RusticFurniture,1.6\Defs\ThingDefs_Buildings\Buildings_Furniture.xml
66,Medieval Overhaul,dankpyon.medieval.overhaul,DankPyon_WallLamp,wall oil lamp,building,(none),,DankPyon_BuildingBase,,Smithing,1.6\Defs\ThingDefs_Buildings\Buildings_Furniture.xml
66,Medieval Overhaul,dankpyon.medieval.overhaul,DankPyon_LampPost,lamp post,building,(none),,DankPyon_BuildingBase,,DankPyon_RusticFurniture,1.6\Defs\ThingDefs_Buildings\Buildings_Furniture.xml
66,Medieval Overhaul,dankpyon.medieval.overhaul,DankPyon_LogTable1x2c,log table (1x2),building,(none),,DankPyon_TableGatherSpotBase,BuildingsFurniture,DankPyon_RusticFurniture,1.6\Defs\ThingDefs_Buildings\Buildings_Furniture.xml
66,Medieval Overhaul,dankpyon.medieval.overhaul,DankPyon_LogTable1x3c,log table (1x3),building,(none),,DankPyon_TableGatherSpotBase,BuildingsFurniture,DankPyon_RusticFurniture,1.6\Defs\ThingDefs_Buildings\Buildings_Furniture.xml
66,Medieval Overhaul,dankpyon.medieval.overhaul,DankPyon_LogTable1x4c,log table (1x4),building,(none),,DankPyon_TableGatherSpotBase,BuildingsFurniture,DankPyon_RusticFurniture,1.6\Defs\ThingDefs_Buildings\Buildings_Furniture.xml
66,Medieval Overhaul,dankpyon.medieval.overhaul,DankPyon_LogTable2x4c,log table (2x4),building,(none),,DankPyon_TableGatherSpotBase,BuildingsFurniture,DankPyon_RusticFurniture,1.6\Defs\ThingDefs_Buildings\Buildings_Furniture.xml
66,Medieval Overhaul,dankpyon.medieval.overhaul,DankPyon_LogChair,log chair,building,(none),,DankPyon_ArtableFurnitureBase,BuildingsFurniture,DankPyon_RusticFurniture,1.6\Defs\ThingDefs_Buildings\Buildings_Furniture.xml
66,Medieval Overhaul,dankpyon.medieval.overhaul,DankPyon_LogBench1x2c,log bench (1x2),building,(none),,DankPyon_ArtableFurnitureBase,BuildingsFurniture,DankPyon_RusticFurniture,1.6\Defs\ThingDefs_Buildings\Buildings_Furniture.xml
66,Medieval Overhaul,dankpyon.medieval.overhaul,DankPyon_LogBench1x3c,log bench (1x3),building,(none),,DankPyon_ArtableFurnitureBase,BuildingsFurniture,DankPyon_RusticFurniture,1.6\Defs\ThingDefs_Buildings\Buildings_Furniture.xml
66,Medieval Overhaul,dankpyon.medieval.overhaul,DankPyon_LogBench1x4c,log bench (1x4),building,(none),,DankPyon_ArtableFurnitureBase,BuildingsFurniture,DankPyon_RusticFurniture,1.6\Defs\ThingDefs_Buildings\Buildings_Furniture.xml
66,Medieval Overhaul,dankpyon.medieval.overhaul,DankPyon_RusticStool,rustic round stool,building,(none),,DankPyon_FurnitureWithQualityBase,BuildingsFurniture,DankPyon_RusticFurniture,1.6\Defs\ThingDefs_Buildings\Buildings_Furniture.xml
66,Medieval Overhaul,dankpyon.medieval.overhaul,DankPyon_RusticChair,rustic dining chair,building,(none),,DankPyon_ArtableFurnitureBase,BuildingsFurniture,DankPyon_RusticFurniture,1.6\Defs\ThingDefs_Buildings\Buildings_Furniture.xml
66,Medieval Overhaul,dankpyon.medieval.overhaul,DankPyon_RusticNobleChair,rustic noble chair,building,(none),,DankPyon_ArtableFurnitureBase,BuildingsFurniture,DankPyon_RusticFurniture,1.6\Defs\ThingDefs_Buildings\Buildings_Furniture.xml
66,Medieval Overhaul,dankpyon.medieval.overhaul,DankPyon_RusticEndTable,end table,building,(none),,DankPyon_TableBase,BuildingsFurniture,DankPyon_RusticFurniture,1.6\Defs\ThingDefs_Buildings\Buildings_Furniture.xml
66,Medieval Overhaul,dankpyon.medieval.overhaul,DankPyon_RusticTallEndTable,tall end table,building,(none),,DankPyon_TableBase,BuildingsFurniture,DankPyon_RusticFurniture,1.6\Defs\ThingDefs_Buildings\Buildings_Furniture.xml
66,Medieval Overhaul,dankpyon.medieval.overhaul,DankPyon_RusticTable1x1c,rustic table (1x1),building,(none),,DankPyon_TableGatherSpotBase,BuildingsFurniture,DankPyon_RusticFurniture,1.6\Defs\ThingDefs_Buildings\Buildings_Furniture.xml
66,Medieval Overhaul,dankpyon.medieval.overhaul,DankPyon_ReinforcedRusticTable1x1c,reinforced table (1x1),building,(none),,DankPyon_TableGatherSpotBase,BuildingsFurniture,DankPyon_RusticFurniture,1.6\Defs\ThingDefs_Buildings\Buildings_Furniture.xml
66,Medieval Overhaul,dankpyon.medieval.overhaul,DankPyon_RusticTable1x2c,rustic table (1x2),building,(none),,DankPyon_TableGatherSpotBase,BuildingsFurniture,DankPyon_RusticFurniture,1.6\Defs\ThingDefs_Buildings\Buildings_Furniture.xml
66,Medieval Overhaul,dankpyon.medieval.overhaul,DankPyon_RusticTable1x3c,rustic table (1x3),building,(none),,DankPyon_TableGatherSpotBase,BuildingsFurniture,DankPyon_RusticFurniture,1.6\Defs\ThingDefs_Buildings\Buildings_Furniture.xml
66,Medieval Overhaul,dankpyon.medieval.overhaul,DankPyon_ReinforcedRusticTable1x2c,reinforced table (1x2),building,(none),,DankPyon_TableGatherSpotBase,BuildingsFurniture,DankPyon_RusticFurniture,1.6\Defs\ThingDefs_Buildings\Buildings_Furniture.xml
66,Medieval Overhaul,dankpyon.medieval.overhaul,DankPyon_RusticTable2x2c,rustic table (2x2),building,(none),,DankPyon_TableGatherSpotBase,BuildingsFurniture,DankPyon_RusticFurniture,1.6\Defs\ThingDefs_Buildings\Buildings_Furniture.xml
66,Medieval Overhaul,dankpyon.medieval.overhaul,DankPyon_ReinforcedRusticTable2x2c,reinforced table (2x2),building,(none),,DankPyon_TableGatherSpotBase,BuildingsFurniture,DankPyon_RusticFurniture,1.6\Defs\ThingDefs_Buildings\Buildings_Furniture.xml
66,Medieval Overhaul,dankpyon.medieval.overhaul,DankPyon_RusticRoundTable2x2c,rustic round table (2x2),building,(none),,DankPyon_TableGatherSpotBase,BuildingsFurniture,DankPyon_RusticFurniture,1.6\Defs\ThingDefs_Buildings\Buildings_Furniture.xml
66,Medieval Overhaul,dankpyon.medieval.overhaul,DankPyon_Table2x4c,rustic table (2x4),building,(none),,DankPyon_TableGatherSpotBase,BuildingsFurniture,DankPyon_RusticFurniture,1.6\Defs\ThingDefs_Buildings\Buildings_Furniture.xml
66,Medieval Overhaul,dankpyon.medieval.overhaul,DankPyon_ReinforcedTable2x4c,reinforced table (2x4),building,(none),,DankPyon_TableGatherSpotBase,BuildingsFurniture,DankPyon_RusticFurniture,1.6\Defs\ThingDefs_Buildings\Buildings_Furniture.xml
66,Medieval Overhaul,dankpyon.medieval.overhaul,DankPyon_RusticCounter1x3c,counter (1x3),building,(none),,DankPyon_TableGatherSpotBase,BuildingsFurniture,DankPyon_RusticFurniture,1.6\Defs\ThingDefs_Buildings\Buildings_Furniture.xml
66,Medieval Overhaul,dankpyon.medieval.overhaul,DankPyon_Candle,candle,building,(none),,DankPyon_BuildingBase,BuildingsFurniture,DankPyon_CandleMaking,1.6\Defs\ThingDefs_Buildings\Buildings_Furniture.xml
66,Medieval Overhaul,dankpyon.medieval.overhaul,DankPyon_Candle_Beeswax,candle,building,(none),,DankPyon_SingleCandleBase,BuildingsFurniture,DankPyon_CandleMaking,1.6\Defs\ThingDefs_Buildings\Buildings_Furniture.xml
66,Medieval Overhaul,dankpyon.medieval.overhaul,DankPyon_Candles,candles,building,(none),,DankPyon_BuildingBase,BuildingsFurniture,DankPyon_CandleMaking,1.6\Defs\ThingDefs_Buildings\Buildings_Furniture.xml
66,Medieval Overhaul,dankpyon.medieval.overhaul,DankPyon_Candles_Beeswax,candles,building,(none),,DankPyon_CandleBase,BuildingsFurniture,DankPyon_CandleMaking,1.6\Defs\ThingDefs_Buildings\Buildings_Furniture.xml
66,Medieval Overhaul,dankpyon.medieval.overhaul,DankPyon_Candelabra,candlebra,building,(none),,DankPyon_BuildingBase,BuildingsFurniture,DankPyon_CandleMaking,1.6\Defs\ThingDefs_Buildings\Buildings_Furniture.xml
66,Medieval Overhaul,dankpyon.medieval.overhaul,DankPyon_CandleStand,candle stand,building,(none),,DankPyon_BuildingBase,BuildingsFurniture,DankPyon_CandleMaking,1.6\Defs\ThingDefs_Buildings\Buildings_Furniture.xml
66,Medieval Overhaul,dankpyon.medieval.overhaul,DankPyon_RusticLamp,oil lamp,building,(none),,DankPyon_BuildingBase,BuildingsFurniture,DankPyon_RusticFurniture;Smithing,1.6\Defs\ThingDefs_Buildings\Buildings_Furniture.xml
66,Medieval Overhaul,dankpyon.medieval.overhaul,DankPyon_RusticChest,rustic chest,building,(none),,DankPyon_VanillaShelfBase,BuildingsFurniture,DankPyon_RusticFurniture,1.6\Defs\ThingDefs_Buildings\Buildings_Furniture.xml
66,Medieval Overhaul,dankpyon.medieval.overhaul,DankPyon_MetalStrongbox,metal strongbox,building,(none),,DankPyon_VanillaShelfBase,BuildingsFurniture,Smithing,1.6\Defs\ThingDefs_Buildings\Buildings_Furniture.xml
66,Medieval Overhaul,dankpyon.medieval.overhaul,DankPyon_RoyalChest,royal chest,building,(none),,DankPyon_VanillaShelfBase,BuildingsFurniture,Smithing;DankPyon_RoyalRusticFurniture,1.6\Defs\ThingDefs_Buildings\Buildings_Furniture.xml
66,Medieval Overhaul,dankpyon.medieval.overhaul,DankPyon_RusticDresser,dresser,item,(none),,DankPyon_ArtableFurnitureBase,BuildingsFurniture,DankPyon_RusticFurniture,1.6\Defs\ThingDefs_Buildings\Buildings_Furniture.xml
66,Medieval Overhaul,dankpyon.medieval.overhaul,DankPyon_RusticCloset,closet,building,(none),,DankPyon_FurnitureWithQualityBase,BuildingsMisc,DankPyon_RusticFurniture,1.6\Defs\ThingDefs_Buildings\Buildings_Furniture.xml
66,Medieval Overhaul,dankpyon.medieval.overhaul,DankPyon_RusticCloset1x2c,closet (1x2),building,(none),,DankPyon_FurnitureWithQualityBase,BuildingsMisc,DankPyon_RusticFurniture,1.6\Defs\ThingDefs_Buildings\Buildings_Furniture.xml
66,Medieval Overhaul,dankpyon.medieval.overhaul,DankPyon_RusticBookshelf,small research shelf,building,(none),,DankPyon_FurnitureWithQualityBase,BuildingsMisc,DankPyon_RusticFurniture,1.6\Defs\ThingDefs_Buildings\Buildings_Furniture.xml
66,Medieval Overhaul,dankpyon.medieval.overhaul,DankPyon_RusticBookshelf1x2c,large research shelf,building,(none),,DankPyon_FurnitureWithQualityBase,BuildingsMisc,DankPyon_RusticFurniture,1.6\Defs\ThingDefs_Buildings\Buildings_Furniture.xml
66,Medieval Overhaul,dankpyon.medieval.overhaul,DankPyon_RusticEmptyShelf,empty shelf,building,(none),,DankPyon_FurnitureWithQualityBase,BuildingsMisc,DankPyon_RusticFurniture,1.6\Defs\ThingDefs_Buildings\Buildings_Furniture.xml
66,Medieval Overhaul,dankpyon.medieval.overhaul,DankPyon_RusticEmptyShelf1x2c,empty large shelf,building,(none),,DankPyon_FurnitureWithQualityBase,BuildingsMisc,DankPyon_RusticFurniture,1.6\Defs\ThingDefs_Buildings\Buildings_Furniture.xml
66,Medieval Overhaul,dankpyon.medieval.overhaul,DankPyon_BedLog,log bed,building,Medieval,,DankPyon_BasicBedBase,BuildingsFurniture,DankPyon_RusticFurniture,1.6\Defs\ThingDefs_Buildings\Buildings_Furniture.xml
66,Medieval Overhaul,dankpyon.medieval.overhaul,DankPyon_BedLogDouble,double log bed,building,Medieval,,DankPyon_BasicBedBase,BuildingsFurniture,DankPyon_RusticFurniture,1.6\Defs\ThingDefs_Buildings\Buildings_Furniture.xml
66,Medieval Overhaul,dankpyon.medieval.overhaul,DankPyon_BedWicker,wicker bed,building,Medieval,,DankPyon_BasicBedBase,BuildingsFurniture,DankPyon_Lumber,1.6\Defs\ThingDefs_Buildings\Buildings_Furniture.xml
66,Medieval Overhaul,dankpyon.medieval.overhaul,DankPyon_BedWickerDouble,double wicker bed,building,Medieval,,DankPyon_BasicBedBase,BuildingsFurniture,DankPyon_Lumber,1.6\Defs\ThingDefs_Buildings\Buildings_Furniture.xml
66,Medieval Overhaul,dankpyon.medieval.overhaul,DankPyon_StrawBed,straw bed,building,Medieval,,DankPyon_BasicBedBase,BuildingsFurniture,DankPyon_Lumber,1.6\Defs\ThingDefs_Buildings\Buildings_Furniture.xml
66,Medieval Overhaul,dankpyon.medieval.overhaul,DankPyon_StrawBedDouble,double straw bed,building,Medieval,,DankPyon_BasicBedBase,BuildingsFurniture,DankPyon_Lumber,1.6\Defs\ThingDefs_Buildings\Buildings_Furniture.xml
66,Medieval Overhaul,dankpyon.medieval.overhaul,DankPyon_BedFur,fur bed,building,Medieval,,DankPyon_BasicBedBase,BuildingsFurniture,DankPyon_RusticFurniture,1.6\Defs\ThingDefs_Buildings\Buildings_Furniture.xml
66,Medieval Overhaul,dankpyon.medieval.overhaul,DankPyon_BedFurDouble,double fur bed,building,Medieval,,DankPyon_BasicBedBase,BuildingsFurniture,DankPyon_RusticFurniture,1.6\Defs\ThingDefs_Buildings\Buildings_Furniture.xml
66,Medieval Overhaul,dankpyon.medieval.overhaul,DankPyon_Bed_Rustic_Red,rustic bed (red),building,Medieval,,DankPyon_BasicBedBase,BuildingsFurniture,ComplexFurniture,1.6\Defs\ThingDefs_Buildings\Buildings_Furniture.xml
66,Medieval Overhaul,dankpyon.medieval.overhaul,DankPyon_Bed_Rustic_Green,rustic bed (green),building,Medieval,,DankPyon_RusticBedBase,BuildingsFurniture,ComplexFurniture,1.6\Defs\ThingDefs_Buildings\Buildings_Furniture.xml
66,Medieval Overhaul,dankpyon.medieval.overhaul,DankPyon_Bed_Rustic_Blue,rustic bed (blue),building,Medieval,,DankPyon_RusticBedBase,BuildingsFurniture,ComplexFurniture,1.6\Defs\ThingDefs_Buildings\Buildings_Furniture.xml
66,Medieval Overhaul,dankpyon.medieval.overhaul,DankPyon_Bed_RusticDouble_Red,rustic double bed (red),building,Medieval,,DankPyon_BasicBedBase,BuildingsFurniture,ComplexFurniture,1.6\Defs\ThingDefs_Buildings\Buildings_Furniture.xml
66,Medieval Overhaul,dankpyon.medieval.overhaul,DankPyon_Bed_RusticDouble_Green,rustic double bed (green),building,Medieval,,DankPyon_RusticDoubleBed_Base,BuildingsFurniture,ComplexFurniture,1.6\Defs\ThingDefs_Buildings\Buildings_Furniture.xml
66,Medieval Overhaul,dankpyon.medieval.overhaul,DankPyon_Bed_RusticDouble_Blue,rustic double bed (blue),building,Medieval,,DankPyon_RusticDoubleBed_Base,BuildingsFurniture,ComplexFurniture,1.6\Defs\ThingDefs_Buildings\Buildings_Furniture.xml
66,Medieval Overhaul,dankpyon.medieval.overhaul,DankPyon_WoodBurningStove,wood burning stove,parent:DankPyon_BuildingBase,(none),,DankPyon_BuildingBase,,DankPyon_RusticFurniture,1.6\Defs\ThingDefs_Buildings\Buildings_Furniture.xml
66,Medieval Overhaul,dankpyon.medieval.overhaul,DankPyon_RusticHearth,hearth,building,(none),,BenchBase,BuildingsProduction,DankPyon_RusticFurniture,1.6\Defs\ThingDefs_Buildings\Buildings_Furniture.xml
66,Medieval Overhaul,dankpyon.medieval.overhaul,DankPyon_RoyalCloset,royal closet,item,(none),,DankPyon_FurnitureWithQualityBase,BuildingsMisc,DankPyon_RoyalRusticFurniture,1.6\Defs\ThingDefs_Buildings\Buildings_Furniture_Royal.xml
66,Medieval Overhaul,dankpyon.medieval.overhaul,DankPyon_RoyalBookshelf,royal bookshelf,item,(none),,DankPyon_FurnitureWithQualityBase,BuildingsMisc,DankPyon_RoyalRusticFurniture,1.6\Defs\ThingDefs_Buildings\Buildings_Furniture_Royal.xml
66,Medieval Overhaul,dankpyon.medieval.overhaul,DankPyon_RoyalArmchair,royal armchair,building,(none),,DankPyon_FurnitureWithQualityBase,BuildingsFurniture,DankPyon_RoyalRusticFurniture,1.6\Defs\ThingDefs_Buildings\Buildings_Furniture_Royal.xml
66,Medieval Overhaul,dankpyon.medieval.overhaul,DankPyon_RoyalThrone,royal throne,building,(none),,DankPyon_FurnitureWithQualityBase,BuildingsFurniture,DankPyon_RoyalRusticFurniture,1.6\Defs\ThingDefs_Buildings\Buildings_Furniture_Royal.xml
66,Medieval Overhaul,dankpyon.medieval.overhaul,DankPyon_RoyalTable2x2c,royal table (2x2),building,(none),,DankPyon_TableGatherSpotBase,BuildingsFurniture,DankPyon_RoyalRusticFurniture,1.6\Defs\ThingDefs_Buildings\Buildings_Furniture_Royal.xml
66,Medieval Overhaul,dankpyon.medieval.overhaul,DankPyon_RoyalTable2x4c,royal table (2x4),building,(none),,DankPyon_TableGatherSpotBase,BuildingsFurniture,DankPyon_RoyalRusticFurniture,1.6\Defs\ThingDefs_Buildings\Buildings_Furniture_Royal.xml
66,Medieval Overhaul,dankpyon.medieval.overhaul,DankPyon_RoyalEndTable,royal end table,building,(none),,DankPyon_TableBase,BuildingsFurniture,DankPyon_RoyalRusticFurniture,1.6\Defs\ThingDefs_Buildings\Buildings_Furniture_Royal.xml
66,Medieval Overhaul,dankpyon.medieval.overhaul,DankPyon_RoyalDresser,royal dresser,item,(none),,DankPyon_ArtableFurnitureBase,BuildingsFurniture,DankPyon_RoyalRusticFurniture,1.6\Defs\ThingDefs_Buildings\Buildings_Furniture_Royal.xml
66,Medieval Overhaul,dankpyon.medieval.overhaul,DankPyon_RoyalTudorBed,royal tudor bed,building,Medieval,,DankPyon_ArtableBedBase,BuildingsFurniture,DankPyon_RoyalRusticFurniture,1.6\Defs\ThingDefs_Buildings\Buildings_Furniture_Royal.xml
66,Medieval Overhaul,dankpyon.medieval.overhaul,Dankpyon_CupAndDice,cup and dice,building,(none),,FurnitureWithQualityBase,BuildingsFurniture,DankPyon_RusticFurniture,1.6\Defs\ThingDefs_Buildings\Buildings_Joy.xml
66,Medieval Overhaul,dankpyon.medieval.overhaul,DankPyon_Tarocco,tarocco table,building,(none),,FurnitureWithQualityBase,BuildingsFurniture,DankPyon_RusticFurniture,1.6\Defs\ThingDefs_Buildings\Buildings_Joy.xml
66,Medieval Overhaul,dankpyon.medieval.overhaul,DankPyon_RimWar,rim of war,building,(none),,FurnitureWithQualityBase,BuildingsFurniture,DankPyon_RusticFurniture,1.6\Defs\ThingDefs_Buildings\Buildings_Joy.xml
66,Medieval Overhaul,dankpyon.medieval.overhaul,DankPyon_Building_ChaliceSilver,silver chalice,building,(none),,DankPyon_LootBuildingBase,DankPyon_BuildingsLoot,,1.6\Defs\ThingDefs_Buildings\Buildings_Loot.xml
66,Medieval Overhaul,dankpyon.medieval.overhaul,DankPyon_Building_ChaliceGold,golden chalice,building,(none),,DankPyon_LootBuildingBase,DankPyon_BuildingsLoot,,1.6\Defs\ThingDefs_Buildings\Buildings_Loot.xml
66,Medieval Overhaul,dankpyon.medieval.overhaul,DankPyon_Building_BowlSilver,silver bowl,building,(none),,DankPyon_LootBuildingBase,DankPyon_BuildingsLoot,,1.6\Defs\ThingDefs_Buildings\Buildings_Loot.xml
66,Medieval Overhaul,dankpyon.medieval.overhaul,DankPyon_Building_BowlGold,gold bowl,building,(none),,DankPyon_LootBuildingBase,DankPyon_BuildingsLoot,,1.6\Defs\ThingDefs_Buildings\Buildings_Loot.xml
66,Medieval Overhaul,dankpyon.medieval.overhaul,DankPyon_Building_SkullGold,gold skull,building,(none),,DankPyon_LootBuildingBase,DankPyon_BuildingsLoot,,1.6\Defs\ThingDefs_Buildings\Buildings_Loot.xml
66,Medieval Overhaul,dankpyon.medieval.overhaul,DankPyon_Building_SkullEmerald,emerald skull,building,(none),,DankPyon_LootBuildingBase,DankPyon_BuildingsLoot,,1.6\Defs\ThingDefs_Buildings\Buildings_Loot.xml
66,Medieval Overhaul,dankpyon.medieval.overhaul,DankPyon_Building_SkullSapphire,sapphire skull,building,(none),,DankPyon_LootBuildingBase,DankPyon_BuildingsLoot,,1.6\Defs\ThingDefs_Buildings\Buildings_Loot.xml
66,Medieval Overhaul,dankpyon.medieval.overhaul,DankPyon_Building_SkullRuby,ruby skull,building,(none),,DankPyon_LootBuildingBase,DankPyon_BuildingsLoot,,1.6\Defs\ThingDefs_Buildings\Buildings_Loot.xml
66,Medieval Overhaul,dankpyon.medieval.overhaul,DankPyon_Building_AncientCodex,ancient codex,building,(none),,DankPyon_LootBuildingBase,DankPyon_BuildingsLoot,,1.6\Defs\ThingDefs_Buildings\Buildings_Loot.xml
66,Medieval Overhaul,dankpyon.medieval.overhaul,DankPyon_MiningTools,mining tools,item,(none),,BuildingBase,BuildingsMisc,Smithing,1.6\Defs\ThingDefs_Buildings\Buildings_Misc.xml
66,Medieval Overhaul,dankpyon.medieval.overhaul,DankPyon_ToolRack,tool rack,building,(none),,BuildingBase,BuildingsMisc,Smithing,1.6\Defs\ThingDefs_Buildings\Buildings_Misc.xml
66,Medieval Overhaul,dankpyon.medieval.overhaul,DankPyon_QuenchingBucket,quenching bucket,item,(none),,BuildingBase,BuildingsMisc,Smithing,1.6\Defs\ThingDefs_Buildings\Buildings_Misc.xml
66,Medieval Overhaul,dankpyon.medieval.overhaul,DankPyon_Grinder,grinding wheel,item,(none),,BuildingBase,BuildingsMisc,Smithing,1.6\Defs\ThingDefs_Buildings\Buildings_Misc.xml
66,Medieval Overhaul,dankpyon.medieval.overhaul,DankPyon_Bellows,bellows,item,(none),,BuildingBase,BuildingsMisc,Smithing,1.6\Defs\ThingDefs_Buildings\Buildings_Misc.xml
66,Medieval Overhaul,dankpyon.medieval.overhaul,DankPyon_VialsTable,vials table,item,(none),,BuildingBase,BuildingsMisc,DankPyon_Alchemy,1.6\Defs\ThingDefs_Buildings\Buildings_Misc.xml
66,Medieval Overhaul,dankpyon.medieval.overhaul,DankPyon_HerbTable,herb table,building,(none),,BenchBase,BuildingsMisc,DankPyon_Alchemy,1.6\Defs\ThingDefs_Buildings\Buildings_Misc.xml
66,Medieval Overhaul,dankpyon.medieval.overhaul,DankPyon_Alembic,alembic,item,(none),,BuildingBase,BuildingsMisc,DankPyon_Alchemy,1.6\Defs\ThingDefs_Buildings\Buildings_Misc.xml
66,Medieval Overhaul,dankpyon.medieval.overhaul,DankPyon_PaperHangingRack,paper hanging rack,building,(none),,BuildingBase,BuildingsMisc,DankPyon_Alchemy,1.6\Defs\ThingDefs_Buildings\Buildings_Misc.xml
66,Medieval Overhaul,dankpyon.medieval.overhaul,DankPyon_QuillAndInkwell,quill and inkwell table,item,(none),,BuildingBase,BuildingsMisc,DankPyon_Alchemy,1.6\Defs\ThingDefs_Buildings\Buildings_Misc.xml
66,Medieval Overhaul,dankpyon.medieval.overhaul,DankPyon_Stack_Books,stack of books,item,(none),,BuildingBase,BuildingsMisc,DankPyon_Alchemy,1.6\Defs\ThingDefs_Buildings\Buildings_Misc.xml
66,Medieval Overhaul,dankpyon.medieval.overhaul,DankPyon_Stack_Paper,stack of papers,item,(none),,BuildingBase,BuildingsMisc,DankPyon_Alchemy,1.6\Defs\ThingDefs_Buildings\Buildings_Misc.xml
66,Medieval Overhaul,dankpyon.medieval.overhaul,DankPyon_RusticCookingTools,cooking tools,item,(none),,BuildingBase,BuildingsMisc,DankPyon_RusticFurniture,1.6\Defs\ThingDefs_Buildings\Buildings_Misc.xml
66,Medieval Overhaul,dankpyon.medieval.overhaul,DankPyon_TableBaking,baking tools,item,(none),,BuildingBase,BuildingsMisc,DankPyon_RusticFurniture,1.6\Defs\ThingDefs_Buildings\Buildings_Misc.xml
66,Medieval Overhaul,dankpyon.medieval.overhaul,DankPyon_BirdPost,bird post,building,(none),,BuildingBase,BuildingsMisc,DankPyon_CarrierBirds,1.6\Defs\ThingDefs_Buildings\Buildings_Misc.xml
66,Medieval Overhaul,dankpyon.medieval.overhaul,DankPyon_ScribeTable,messenger table,item,(none),,BuildingBase,BuildingsMisc,DankPyon_CarrierBirds,1.6\Defs\ThingDefs_Buildings\Buildings_Misc.xml
66,Medieval Overhaul,dankpyon.medieval.overhaul,DankPyon_QuestFinder,explorer's workbench,building,Medieval,,BenchBase,BuildingsProduction,DankPyon_Exploration,1.6\Defs\ThingDefs_Buildings\Buildings_Misc_Hideouts.xml
66,Medieval Overhaul,dankpyon.medieval.overhaul,DankPyon_CultBook,tome of knowledge,building,(none),,BuildingBase,DankPyon_BuildingsBook,DankPyon_Exploration,1.6\Defs\ThingDefs_Buildings\Buildings_Misc_Hideouts.xml
66,Medieval Overhaul,dankpyon.medieval.overhaul,DankPyon_CultPedestal,ancient pedestal,building,(none),,DankPyon_QuestLinkables,DankPyon_QuestStuff;BuildingsFurniture,,1.6\Defs\ThingDefs_Buildings\Buildings_Misc_Hideouts.xml
66,Medieval Overhaul,dankpyon.medieval.overhaul,DankPyon_CultOrb,ancient orb,building,(none),,DankPyon_QuestLinkables,DankPyon_QuestStuff;BuildingsFurniture,,1.6\Defs\ThingDefs_Buildings\Buildings_Misc_Hideouts.xml
66,Medieval Overhaul,dankpyon.medieval.overhaul,DankPyon_CultShelf,explorer's archive,building,(none),,DankPyon_ShelfBase,BuildingsFurniture,DankPyon_RusticStorage,1.6\Defs\ThingDefs_Buildings\Buildings_Misc_Hideouts.xml
66,Medieval Overhaul,dankpyon.medieval.overhaul,DankPyon_LargeClutch,large clutch,building,(none),,DankPyon_RuinedBuildingBase,,,1.6\Defs\ThingDefs_Buildings\Buildings_MonsterLair.xml
66,Medieval Overhaul,dankpyon.medieval.overhaul,DankPyon_MineableCoal,coal ore,building,(none),,RockBase,,,1.6\Defs\ThingDefs_Buildings\Buildings_Natural.xml
66,Medieval Overhaul,dankpyon.medieval.overhaul,DankPyon_MineableSalt,salt ore,building,(none),,RockBase,,,1.6\Defs\ThingDefs_Buildings\Buildings_Natural.xml
66,Medieval Overhaul,dankpyon.medieval.overhaul,DankPyon_MineableGold,gold ore,building,(none),,RockBase,,,1.6\Defs\ThingDefs_Buildings\Buildings_Natural.xml
66,Medieval Overhaul,dankpyon.medieval.overhaul,DankPyon_MineableIron,iron ore,building,(none),,RockBase,,,1.6\Defs\ThingDefs_Buildings\Buildings_Natural.xml
66,Medieval Overhaul,dankpyon.medieval.overhaul,DankPyon_MineableCitrine,citrine deposit,building,(none),,RockBase,,,1.6\Defs\ThingDefs_Buildings\Buildings_Natural.xml
66,Medieval Overhaul,dankpyon.medieval.overhaul,DankPyon_MineableAmber,amber deposit,building,(none),,RockBase,,,1.6\Defs\ThingDefs_Buildings\Buildings_Natural.xml
66,Medieval Overhaul,dankpyon.medieval.overhaul,DankPyon_MineableOnyx,onyx deposit,building,(none),,RockBase,,,1.6\Defs\ThingDefs_Buildings\Buildings_Natural.xml
66,Medieval Overhaul,dankpyon.medieval.overhaul,DankPyon_MineableEmerald,emerald deposit,building,(none),,RockBase,,,1.6\Defs\ThingDefs_Buildings\Buildings_Natural.xml
66,Medieval Overhaul,dankpyon.medieval.overhaul,DankPyon_MineableSapphire,sapphire deposit,building,(none),,RockBase,,,1.6\Defs\ThingDefs_Buildings\Buildings_Natural.xml
66,Medieval Overhaul,dankpyon.medieval.overhaul,DankPyon_MineableRuby,ruby deposit,building,(none),,RockBase,,,1.6\Defs\ThingDefs_Buildings\Buildings_Natural.xml
66,Medieval Overhaul,dankpyon.medieval.overhaul,DankPyon_TarPit,tar pit,building,(none),,BuildingNaturalBase,,,1.6\Defs\ThingDefs_Buildings\Buildings_Natural.xml
66,Medieval Overhaul,dankpyon.medieval.overhaul,DankPyon_BeeHive,bee hive,building,(none),,BuildingNaturalBase,,,1.6\Defs\ThingDefs_Buildings\Buildings_Natural.xml
66,Medieval Overhaul,dankpyon.medieval.overhaul,DankPyon_HornetNest,hive,building,(none),,BuildingNaturalBase,,,1.6\Defs\ThingDefs_Buildings\Buildings_Natural.xml
66,Medieval Overhaul,dankpyon.medieval.overhaul,DankPyon_GolemRock_Iron_MapGen,unusual iron formation,building,(none),,BuildingNaturalBase,,,1.6\Defs\ThingDefs_Buildings\Buildings_Natural.xml
66,Medieval Overhaul,dankpyon.medieval.overhaul,DankPyon_GolemRock_Silver_MapGen,unusual silver formation,building,(none),,BuildingNaturalBase,,,1.6\Defs\ThingDefs_Buildings\Buildings_Natural.xml
66,Medieval Overhaul,dankpyon.medieval.overhaul,DankPyon_GolemRock_Iron_Incident,unusual iron formation,building,(none),,BuildingNaturalBase,,,1.6\Defs\ThingDefs_Buildings\Buildings_Natural.xml
66,Medieval Overhaul,dankpyon.medieval.overhaul,DankPyon_GolemRock_Silver_Incident,unusual silver formation,building,(none),,BuildingNaturalBase,,,1.6\Defs\ThingDefs_Buildings\Buildings_Natural.xml
66,Medieval Overhaul,dankpyon.medieval.overhaul,DankPyon_GolemRock_Gold_Incident,unusual gold formation,building,(none),,BuildingNaturalBase,,,1.6\Defs\ThingDefs_Buildings\Buildings_Natural.xml
66,Medieval Overhaul,dankpyon.medieval.overhaul,DankPyon_RugPatched_Leather1x1c,patched leather rug (1x1),building,(none),,DankPyon_RugPatched_LeatherBase,BuildingsFurniture,ComplexClothing,1.6\Defs\ThingDefs_Buildings\Buildings_Rug.xml
66,Medieval Overhaul,dankpyon.medieval.overhaul,DankPyon_RugPatched_Leather1x2c,patched leather rug (1x2),building,(none),,DankPyon_RugPatched_LeatherBase,BuildingsFurniture,ComplexClothing,1.6\Defs\ThingDefs_Buildings\Buildings_Rug.xml
66,Medieval Overhaul,dankpyon.medieval.overhaul,DankPyon_RugPatched_Leather2x2c,patched leather rug (2x2),building,(none),,DankPyon_RugPatched_LeatherBase,BuildingsFurniture,ComplexClothing,1.6\Defs\ThingDefs_Buildings\Buildings_Rug.xml
66,Medieval Overhaul,dankpyon.medieval.overhaul,DankPyon_RugPatched_Leather2x4c,patched leather rug (2x4),building,(none),,DankPyon_RugPatched_LeatherBase,BuildingsFurniture,ComplexClothing,1.6\Defs\ThingDefs_Buildings\Buildings_Rug.xml
66,Medieval Overhaul,dankpyon.medieval.overhaul,DankPyon_RugPatched_Leather3x3c,patched leather rug (3x3),building,(none),,DankPyon_RugPatched_LeatherBase,BuildingsFurniture,ComplexClothing,1.6\Defs\ThingDefs_Buildings\Buildings_Rug.xml
66,Medieval Overhaul,dankpyon.medieval.overhaul,DankPyon_RugPatched_Cloth1x1c,patched cloth rug (1x1),building,(none),,DankPyon_RugPatched_ClothBase,BuildingsFurniture,ComplexClothing,1.6\Defs\ThingDefs_Buildings\Buildings_Rug.xml
66,Medieval Overhaul,dankpyon.medieval.overhaul,DankPyon_RugPatched_Cloth1x2c,patched cloth rug (1x2),building,(none),,DankPyon_RugPatched_ClothBase,BuildingsFurniture,ComplexClothing,1.6\Defs\ThingDefs_Buildings\Buildings_Rug.xml
66,Medieval Overhaul,dankpyon.medieval.overhaul,DankPyon_RugPatched_Cloth2x2c,patched cloth rug (2x2),building,(none),,DankPyon_RugPatched_ClothBase,BuildingsFurniture,ComplexClothing,1.6\Defs\ThingDefs_Buildings\Buildings_Rug.xml
66,Medieval Overhaul,dankpyon.medieval.overhaul,DankPyon_RugPatched_Cloth2x4c,patched cloth rug (2x4),building,(none),,DankPyon_RugPatched_ClothBase,BuildingsFurniture,ComplexClothing,1.6\Defs\ThingDefs_Buildings\Buildings_Rug.xml
66,Medieval Overhaul,dankpyon.medieval.overhaul,DankPyon_RugPatched_Cloth3x3c,patched cloth rug (3x3),building,(none),,DankPyon_RugPatched_ClothBase,BuildingsFurniture,ComplexClothing,1.6\Defs\ThingDefs_Buildings\Buildings_Rug.xml
66,Medieval Overhaul,dankpyon.medieval.overhaul,DankPyon_RugRoyal_Lys2x3c,royal lys rug (2x3),building,(none),,DankPyon_RugRoyalBase,BuildingsFurniture,DankPyon_RoyalRusticFurniture,1.6\Defs\ThingDefs_Buildings\Buildings_Rug.xml
66,Medieval Overhaul,dankpyon.medieval.overhaul,DankPyon_RugRoyal_LongLys2x4c,long royal lys rug (2x4),building,(none),,DankPyon_RugRoyalBase,BuildingsFurniture,DankPyon_RoyalRusticFurniture,1.6\Defs\ThingDefs_Buildings\Buildings_Rug.xml
66,Medieval Overhaul,dankpyon.medieval.overhaul,DankPyon_RugRoyal_LongLys3x3c,royal cross rug (3x3),building,(none),,DankPyon_RugRoyalBase,BuildingsFurniture,DankPyon_RoyalRusticFurniture,1.6\Defs\ThingDefs_Buildings\Buildings_Rug.xml
66,Medieval Overhaul,dankpyon.medieval.overhaul,DankPyon_RugRoyal_GrandCross3x3c,grand royal cross rug (4x6),building,(none),,DankPyon_RugRoyalBase,BuildingsFurniture,DankPyon_RoyalRusticFurniture,1.6\Defs\ThingDefs_Buildings\Buildings_Rug.xml
66,Medieval Overhaul,dankpyon.medieval.overhaul,DankPyon_RugLoot_Lys_DeepGreen2x3c,deep green lys rug (2x3),building,(none),,DankPyon_Rug_LootOnlyBase,BuildingsFurniture,ComplexClothing,1.6\Defs\ThingDefs_Buildings\Buildings_Rug.xml
66,Medieval Overhaul,dankpyon.medieval.overhaul,DankPyon_RugLoot_Lys_Lime2x3c,lime lys rug (2x3),building,(none),,DankPyon_RugLoot_LysBase,BuildingsFurniture,ComplexClothing,1.6\Defs\ThingDefs_Buildings\Buildings_Rug.xml
66,Medieval Overhaul,dankpyon.medieval.overhaul,DankPyon_RugLoot_Lys_Blue2x3c,blue lys rug (2x3),building,(none),,DankPyon_RugLoot_LysBase,BuildingsFurniture,ComplexClothing,1.6\Defs\ThingDefs_Buildings\Buildings_Rug.xml
66,Medieval Overhaul,dankpyon.medieval.overhaul,DankPyon_RugLoot_Lys_Red2x3c,red lys rug (2x3),building,(none),,DankPyon_RugLoot_LysBase,BuildingsFurniture,ComplexClothing,1.6\Defs\ThingDefs_Buildings\Buildings_Rug.xml
66,Medieval Overhaul,dankpyon.medieval.overhaul,DankPyon_RugLoot_Diamond_DeepGreen2x4c,deep green diamond rug (2x4),building,(none),,DankPyon_Rug_LootOnlyBase,BuildingsFurniture,ComplexClothing,1.6\Defs\ThingDefs_Buildings\Buildings_Rug.xml
66,Medieval Overhaul,dankpyon.medieval.overhaul,DankPyon_RugLoot_Diamond_RedYellow2x4c,red-yellow diamond rug (2x4),building,(none),,DankPyon_RugLoot_DiamondBase,BuildingsFurniture,ComplexClothing,1.6\Defs\ThingDefs_Buildings\Buildings_Rug.xml
66,Medieval Overhaul,dankpyon.medieval.overhaul,DankPyon_RugLoot_Diamond_LimeRed2x4c,lime-red diamond rug (2x4),building,(none),,DankPyon_RugLoot_DiamondBase,BuildingsFurniture,ComplexClothing,1.6\Defs\ThingDefs_Buildings\Buildings_Rug.xml
66,Medieval Overhaul,dankpyon.medieval.overhaul,DankPyon_RugLoot_Diamond_RGB2x4c,checkered diamond rug (2x4),building,(none),,DankPyon_RugLoot_DiamondBase,BuildingsFurniture,ComplexClothing,1.6\Defs\ThingDefs_Buildings\Buildings_Rug.xml
66,Medieval Overhaul,dankpyon.medieval.overhaul,DankPyon_RugLoot_Striped_RGB2x4c,deep green striped rug (2x4),building,(none),,DankPyon_RugLoot_DiamondBase,BuildingsFurniture,ComplexClothing,1.6\Defs\ThingDefs_Buildings\Buildings_Rug.xml
66,Medieval Overhaul,dankpyon.medieval.overhaul,DankPyon_RugLoot_Striped_BlueLime2x4c,blue-lime striped rug (2x4),building,(none),,DankPyon_RugLoot_DiamondBase,BuildingsFurniture,ComplexClothing,1.6\Defs\ThingDefs_Buildings\Buildings_Rug.xml
66,Medieval Overhaul,dankpyon.medieval.overhaul,DankPyon_RugHyena2x2c,hyena rug (2x2),building,(none),,DankPyon_FurnitureBaseRug,BuildingsFurniture,ComplexClothing,1.6\Defs\ThingDefs_Buildings\Buildings_Rug.xml
66,Medieval Overhaul,dankpyon.medieval.overhaul,DankPyon_RugWolfTimber2x2c,timber wolf rug (2x2),building,(none),,DankPyon_FurnitureBaseRug,BuildingsFurniture,ComplexClothing,1.6\Defs\ThingDefs_Buildings\Buildings_Rug.xml
66,Medieval Overhaul,dankpyon.medieval.overhaul,DankPyon_RugWolfArctic2x2c,arctic wolf rug (2x2),building,(none),,DankPyon_FurnitureBaseRug,BuildingsFurniture,ComplexClothing,1.6\Defs\ThingDefs_Buildings\Buildings_Rug.xml
66,Medieval Overhaul,dankpyon.medieval.overhaul,DankPyon_RugCougar2x2c,cougar rug (2x2),building,(none),,DankPyon_FurnitureBaseRug,BuildingsFurniture,ComplexClothing,1.6\Defs\ThingDefs_Buildings\Buildings_Rug.xml
66,Medieval Overhaul,dankpyon.medieval.overhaul,DankPyon_RugPanther2x2c,panther rug (2x2),building,(none),,DankPyon_FurnitureBaseRug,BuildingsFurniture,ComplexClothing,1.6\Defs\ThingDefs_Buildings\Buildings_Rug.xml
66,Medieval Overhaul,dankpyon.medieval.overhaul,DankPyon_RugGrizzlyBear3x3c,grizzly bear rug (3x3),building,(none),,DankPyon_FurnitureBaseRug,BuildingsFurniture,ComplexClothing,1.6\Defs\ThingDefs_Buildings\Buildings_Rug.xml
66,Medieval Overhaul,dankpyon.medieval.overhaul,DankPyon_RugPolarBear3x3c,polar bear rug (3x3),building,(none),,DankPyon_FurnitureBaseRug,BuildingsFurniture,ComplexClothing,1.6\Defs\ThingDefs_Buildings\Buildings_Rug.xml
66,Medieval Overhaul,dankpyon.medieval.overhaul,DankPyon_RugRox3x3c,rox rug (3x3),building,(none),,DankPyon_FurnitureBaseRug,BuildingsFurniture,ComplexClothing,1.6\Defs\ThingDefs_Buildings\Buildings_Rug.xml
66,Medieval Overhaul,dankpyon.medieval.overhaul,DankPyon_RugThrumbo3x3c,thrumbo rug (3x3),building,(none),,DankPyon_FurnitureBaseRug,BuildingsFurniture,ComplexClothing,1.6\Defs\ThingDefs_Buildings\Buildings_Rug.xml
66,Medieval Overhaul,dankpyon.medieval.overhaul,DankPyon_RugDaer4x4c,daer rug (4x4),building,(none),,DankPyon_FurnitureBaseRug,BuildingsFurniture,ComplexClothing,1.6\Defs\ThingDefs_Buildings\Buildings_Rug.xml
66,Medieval Overhaul,dankpyon.medieval.overhaul,DankPyon_RugHuman1x2c,human rug (1x2),building,(none),,DankPyon_FurnitureBaseRug,BuildingsFurniture,ComplexClothing,1.6\Defs\ThingDefs_Buildings\Buildings_Rug.xml
66,Medieval Overhaul,dankpyon.medieval.overhaul,DankPyon_RuinedBatteringRam,ancient ruined battering ram,building,(none),,NonDeconstructibleAncientBuildingBase,,,1.6\Defs\ThingDefs_Buildings\Buildings_Ruined_Outdoors.xml
66,Medieval Overhaul,dankpyon.medieval.overhaul,DankPyon_RuinedSiegeTower,ancient ruined siege tower,building,(none),,NonDeconstructibleAncientBuildingBase,,,1.6\Defs\ThingDefs_Buildings\Buildings_Ruined_Outdoors.xml
66,Medieval Overhaul,dankpyon.medieval.overhaul,DankPyon_AncientFootman,footman remains,building,(none),,DankPyon_SmallRuin,,,1.6\Defs\ThingDefs_Buildings\Buildings_Ruined_Outdoors.xml
66,Medieval Overhaul,dankpyon.medieval.overhaul,DankPyon_RustedHauberk,rusted hauberk,building,(none),,DankPyon_SmallRuin,,,1.6\Defs\ThingDefs_Buildings\Buildings_Ruined_Outdoors.xml
66,Medieval Overhaul,dankpyon.medieval.overhaul,DankPyon_RustedHelmet,rusted helmet,building,(none),,DankPyon_SmallRuin,,,1.6\Defs\ThingDefs_Buildings\Buildings_Ruined_Outdoors.xml
66,Medieval Overhaul,dankpyon.medieval.overhaul,DankPyon_RustedSwords,rusted swords,building,(none),,DankPyon_SmallRuin,,,1.6\Defs\ThingDefs_Buildings\Buildings_Ruined_Outdoors.xml
66,Medieval Overhaul,dankpyon.medieval.overhaul,DankPyon_AncientRuinedBanner,ancient ruined banner,building,(none),,DankPyon_SmallRuin,,,1.6\Defs\ThingDefs_Buildings\Buildings_Ruined_Outdoors.xml
66,Medieval Overhaul,dankpyon.medieval.overhaul,DankPyon_AncientRuinedCart,ancient ruined cart,building,(none),,DankPyon_SmallRuin,,,1.6\Defs\ThingDefs_Buildings\Buildings_Ruined_Outdoors.xml
66,Medieval Overhaul,dankpyon.medieval.overhaul,DankPyon_AncientRuinedCrate,ancient ruined crate,building,(none),,DankPyon_SmallRuin,,,1.6\Defs\ThingDefs_Buildings\Buildings_Ruined_Outdoors.xml
66,Medieval Overhaul,dankpyon.medieval.overhaul,DankPyon_AncientRuinedBarrel,ancient ruined barrel,building,(none),,DankPyon_RuinedCrateBase,,,1.6\Defs\ThingDefs_Buildings\Buildings_Ruined_Outdoors.xml
66,Medieval Overhaul,dankpyon.medieval.overhaul,DankPyon_RuinedRusticDoor,blocked door,building,(none),,DankPyon_RuinedBuildingBase,,,1.6\Defs\ThingDefs_Buildings\Buildings_Ruins.xml
66,Medieval Overhaul,dankpyon.medieval.overhaul,DankPyon_RuinedSlabDoor,ruined slab door,building,(none),,DankPyon_RuinedBuildingBase,,,1.6\Defs\ThingDefs_Buildings\Buildings_Ruins.xml
66,Medieval Overhaul,dankpyon.medieval.overhaul,DankPyon_RuinedGate,locked gate,building,(none),,DankPyon_RuinedBuildingBase,,,1.6\Defs\ThingDefs_Buildings\Buildings_Ruins.xml
66,Medieval Overhaul,dankpyon.medieval.overhaul,DankPyon_RuinedColumn,ruined column,building,(none),,DankPyon_RuinedBuildingBase,,,1.6\Defs\ThingDefs_Buildings\Buildings_Ruins.xml
66,Medieval Overhaul,dankpyon.medieval.overhaul,DankPyon_Ruined_AncientColumn,ancient column,building,(none),,DankPyon_SculptureBase,BuildingsArt,DankPyon_RusticFurniture,1.6\Defs\ThingDefs_Buildings\Buildings_Ruins.xml
66,Medieval Overhaul,dankpyon.medieval.overhaul,DankPyon_RuinedStool,ruined round stool,building,(none),,DankPyon_RuinedBuildingBase,,,1.6\Defs\ThingDefs_Buildings\Buildings_Ruins.xml
66,Medieval Overhaul,dankpyon.medieval.overhaul,DankPyon_RuinedBedWicker,wicker bed,building,(none),,DankPyon_RuinedBuildingBase,,,1.6\Defs\ThingDefs_Buildings\Buildings_Ruins.xml
66,Medieval Overhaul,dankpyon.medieval.overhaul,DankPyon_RuinedBedWickerDouble,ruined double wicker bed,building,(none),,DankPyon_RuinedBuildingBase,,,1.6\Defs\ThingDefs_Buildings\Buildings_Ruins.xml
66,Medieval Overhaul,dankpyon.medieval.overhaul,DankPyon_WoodenDebris,Debris,building,(none),,DankPyon_RuinedBuildingBase,,,1.6\Defs\ThingDefs_Buildings\Buildings_Ruins.xml
66,Medieval Overhaul,dankpyon.medieval.overhaul,DankPyon_RuinedCloset,ruined closet,building,(none),,DankPyon_RuinedBuildingBase,,,1.6\Defs\ThingDefs_Buildings\Buildings_Ruins.xml
66,Medieval Overhaul,dankpyon.medieval.overhaul,DankPyon_RuinedBookshelf,ruined bookshelf,building,(none),,DankPyon_RuinedBuildingBase,,,1.6\Defs\ThingDefs_Buildings\Buildings_Ruins.xml
66,Medieval Overhaul,dankpyon.medieval.overhaul,DankPyon_EmptyBucket,empty bucket,building,(none),,DankPyon_RuinedBuildingBase,,,1.6\Defs\ThingDefs_Buildings\Buildings_Ruins.xml
66,Medieval Overhaul,dankpyon.medieval.overhaul,DankPyon_RuinedCrate1x1c,ruined crate,building,(none),,DankPyon_RuinedBuildingBase,,,1.6\Defs\ThingDefs_Buildings\Buildings_Ruins.xml
66,Medieval Overhaul,dankpyon.medieval.overhaul,DankPyon_RuinedTable1x2c,ruined table (1x2),building,(none),,DankPyon_RuinedBuildingBase,,,1.6\Defs\ThingDefs_Buildings\Buildings_Ruins.xml
66,Medieval Overhaul,dankpyon.medieval.overhaul,DankPyon_RuinedTable2x4c,ruined table (2x4),building,(none),,DankPyon_RuinedBuildingBase,,,1.6\Defs\ThingDefs_Buildings\Buildings_Ruins.xml
66,Medieval Overhaul,dankpyon.medieval.overhaul,DankPyon_RuinedRugGrizzlyBear3x3c,ruined grizzly bear rug (3x3),building,(none),,DankPyon_RuinedBuildingBase,,,1.6\Defs\ThingDefs_Buildings\Buildings_Ruins.xml
66,Medieval Overhaul,dankpyon.medieval.overhaul,DankPyon_RuinedBonePile1x1c,remains,building,(none),,DankPyon_RuinedBuildingBase,,,1.6\Defs\ThingDefs_Buildings\Buildings_Ruins.xml
66,Medieval Overhaul,dankpyon.medieval.overhaul,DankPyon_RuinedBonePile1x2c,large remains,building,(none),,DankPyon_RuinedBuildingBase,,,1.6\Defs\ThingDefs_Buildings\Buildings_Ruins.xml
66,Medieval Overhaul,dankpyon.medieval.overhaul,DankPyon_RuinedBonePile2x2c,massive remains,building,(none),,DankPyon_RuinedBuildingBase,,,1.6\Defs\ThingDefs_Buildings\Buildings_Ruins.xml
66,Medieval Overhaul,dankpyon.medieval.overhaul,DankPyon_RuinedBust,ruined bust,building,(none),,DankPyon_RuinedBuildingBase,,,1.6\Defs\ThingDefs_Buildings\Buildings_Ruins.xml
66,Medieval Overhaul,dankpyon.medieval.overhaul,DankPyon_RuinedCandles,ruined candles,building,(none),,DankPyon_RuinedBuildingBase,,,1.6\Defs\ThingDefs_Buildings\Buildings_Ruins.xml
66,Medieval Overhaul,dankpyon.medieval.overhaul,DankPyon_RuinedCandleStand,ruined candle stand,building,(none),,DankPyon_RuinedBuildingBase,,,1.6\Defs\ThingDefs_Buildings\Buildings_Ruins.xml
66,Medieval Overhaul,dankpyon.medieval.overhaul,DankPyon_RuinedStewPot,ruined stew pot,building,(none),,DankPyon_RuinedBuildingBase,,,1.6\Defs\ThingDefs_Buildings\Buildings_Ruins.xml
66,Medieval Overhaul,dankpyon.medieval.overhaul,DankPyon_RuinedAnvil,ruined anvil,building,(none),,DankPyon_RuinedBuildingBase,,,1.6\Defs\ThingDefs_Buildings\Buildings_Ruins.xml
66,Medieval Overhaul,dankpyon.medieval.overhaul,DankPyon_RuinedHearth,ruined hearth,building,(none),,DankPyon_RuinedBuildingBase,,,1.6\Defs\ThingDefs_Buildings\Buildings_Ruins.xml
66,Medieval Overhaul,dankpyon.medieval.overhaul,DankPyon_RuinedMineShaft,ruined mine shaft,building,(none),,DankPyon_RuinedBuildingBase,,,1.6\Defs\ThingDefs_Buildings\Buildings_Ruins.xml
66,Medieval Overhaul,dankpyon.medieval.overhaul,DankPyon_StoneDebris,stone debris,building,(none),,DankPyon_RuinedBuildingBase,,,1.6\Defs\ThingDefs_Buildings\Buildings_Ruins.xml
66,Medieval Overhaul,dankpyon.medieval.overhaul,DankPyon_StoneDebrisSmall,stone debris small,building,(none),,DankPyon_RuinedBuildingBase,,,1.6\Defs\ThingDefs_Buildings\Buildings_Ruins.xml
66,Medieval Overhaul,dankpyon.medieval.overhaul,DankPyon_Cellar,сellar,building,Medieval,,DankPyon_RuinedBuildingBase,,,1.6\Defs\ThingDefs_Buildings\Buildings_Ruins.xml
66,Medieval Overhaul,dankpyon.medieval.overhaul,DankPyon_RuinedShelfEmpty,ruined shelf,building,(none),,DankPyon_RuinedBuildingBase,,,1.6\Defs\ThingDefs_Buildings\Buildings_RuinsLootable.xml
66,Medieval Overhaul,dankpyon.medieval.overhaul,DankPyon_LootableShelf_AssortedHerbs,filled shelf (herbs),building,(none),,DankPyon_LootableShelf_Base,,,1.6\Defs\ThingDefs_Buildings\Buildings_RuinsLootable.xml
66,Medieval Overhaul,dankpyon.medieval.overhaul,DankPyon_LootableShelf_GreenHerbs,filled shelf (herbs),building,(none),,DankPyon_LootableShelf_Base,,,1.6\Defs\ThingDefs_Buildings\Buildings_RuinsLootable.xml
66,Medieval Overhaul,dankpyon.medieval.overhaul,DankPyon_LootableShelf_RedHerbs,filled shelf (herbs),building,(none),,DankPyon_LootableShelf_Base,,,1.6\Defs\ThingDefs_Buildings\Buildings_RuinsLootable.xml
66,Medieval Overhaul,dankpyon.medieval.overhaul,DankPyon_LootableShelf_BattleElixir,filled shelf (drugs),building,(none),,DankPyon_LootableShelf_Base,,,1.6\Defs\ThingDefs_Buildings\Buildings_RuinsLootable.xml
66,Medieval Overhaul,dankpyon.medieval.overhaul,DankPyon_LootableShelf_HappyPowder,filled shelf (drugs),building,(none),,DankPyon_LootableShelf_Base,,,1.6\Defs\ThingDefs_Buildings\Buildings_RuinsLootable.xml
66,Medieval Overhaul,dankpyon.medieval.overhaul,DankPyon_LootableShelf_VigorPill,filled shelf (drugs),building,(none),,DankPyon_LootableShelf_Base,,,1.6\Defs\ThingDefs_Buildings\Buildings_RuinsLootable.xml
66,Medieval Overhaul,dankpyon.medieval.overhaul,DankPyon_LootableShelf_AssortedDrugsA,filled shelf (drugs),building,(none),,DankPyon_LootableShelf_Base,,,1.6\Defs\ThingDefs_Buildings\Buildings_RuinsLootable.xml
66,Medieval Overhaul,dankpyon.medieval.overhaul,DankPyon_LootableShelf_Stardust,filled shelf (drugs),building,(none),,DankPyon_LootableShelf_Base,,,1.6\Defs\ThingDefs_Buildings\Buildings_RuinsLootable.xml
66,Medieval Overhaul,dankpyon.medieval.overhaul,DankPyon_LootableShelf_Luhix,filled shelf (drugs),building,(none),,DankPyon_LootableShelf_Base,,,1.6\Defs\ThingDefs_Buildings\Buildings_RuinsLootable.xml
66,Medieval Overhaul,dankpyon.medieval.overhaul,DankPyon_LootableShelf_Paregoric,filled shelf (drugs),building,(none),,DankPyon_LootableShelf_Base,,,1.6\Defs\ThingDefs_Buildings\Buildings_RuinsLootable.xml
66,Medieval Overhaul,dankpyon.medieval.overhaul,DankPyon_LootableShelf_AssortedDrugsB,filled shelf (drugs),building,(none),,DankPyon_LootableShelf_Base,,,1.6\Defs\ThingDefs_Buildings\Buildings_RuinsLootable.xml
66,Medieval Overhaul,dankpyon.medieval.overhaul,DankPyon_LootableShelf_ChaliceSilver,filled shelf,building,(none),,DankPyon_LootBuilding,,,1.6\Defs\ThingDefs_Buildings\Buildings_RuinsLootable.xml
66,Medieval Overhaul,dankpyon.medieval.overhaul,DankPyon_LootableShelf_Emerald,filled shelf,building,(none),,DankPyon_LootShelfBase,,,1.6\Defs\ThingDefs_Buildings\Buildings_RuinsLootable.xml
66,Medieval Overhaul,dankpyon.medieval.overhaul,DankPyon_LootableShelf_Ruby,filled shelf,building,(none),,DankPyon_LootShelfBase,,,1.6\Defs\ThingDefs_Buildings\Buildings_RuinsLootable.xml
66,Medieval Overhaul,dankpyon.medieval.overhaul,DankPyon_LootableShelf_Sapphire,filled shelf,building,(none),,DankPyon_LootShelfBase,,,1.6\Defs\ThingDefs_Buildings\Buildings_RuinsLootable.xml
66,Medieval Overhaul,dankpyon.medieval.overhaul,DankPyon_LootableShelf_Rations,filled shelf,building,(none),,DankPyon_LootShelfBase,,,1.6\Defs\ThingDefs_Buildings\Buildings_RuinsLootable.xml
66,Medieval Overhaul,dankpyon.medieval.overhaul,DankPyon_LootableShelf_IronIngot,filled shelf,building,(none),,DankPyon_LootShelfBase,,,1.6\Defs\ThingDefs_Buildings\Buildings_RuinsLootable.xml
66,Medieval Overhaul,dankpyon.medieval.overhaul,DankPyon_LootableShelf_Bowl,filled shelf,building,(none),,DankPyon_LootShelfBase,,,1.6\Defs\ThingDefs_Buildings\Buildings_RuinsLootable.xml
66,Medieval Overhaul,dankpyon.medieval.overhaul,DankPyon_LootableShelf_Book,filled shelf,building,(none),,DankPyon_LootShelfBase,,,1.6\Defs\ThingDefs_Buildings\Buildings_RuinsLootable.xml
66,Medieval Overhaul,dankpyon.medieval.overhaul,DankPyon_Lootable_RackMix,weapon rack,building,(none),,DankPyon_LootBuilding,,,1.6\Defs\ThingDefs_Buildings\Buildings_RuinsLootable.xml
66,Medieval Overhaul,dankpyon.medieval.overhaul,DankPyon_Lootable_RackSword,sword rack,building,(none),,DankPyon_LootRackBase,,,1.6\Defs\ThingDefs_Buildings\Buildings_RuinsLootable.xml
66,Medieval Overhaul,dankpyon.medieval.overhaul,DankPyon_Lootable_RackSpear,spear rack,building,(none),,DankPyon_LootRackBase,,,1.6\Defs\ThingDefs_Buildings\Buildings_RuinsLootable.xml
66,Medieval Overhaul,dankpyon.medieval.overhaul,DankPyon_LootableChest_RusticChest,chest,building,(none),,DankPyon_LootBuilding,,,1.6\Defs\ThingDefs_Buildings\Buildings_RuinsLootable.xml
66,Medieval Overhaul,dankpyon.medieval.overhaul,DankPyon_LootableChest_RoyalChest,royal chest,building,(none),,DankPyon_LootableChest_Base,,,1.6\Defs\ThingDefs_Buildings\Buildings_RuinsLootable.xml
66,Medieval Overhaul,dankpyon.medieval.overhaul,DankPyon_Lootable_ArmorStatueNamed,named armor statue,building,(none),,DankPyon_LootBuilding,,,1.6\Defs\ThingDefs_Buildings\Buildings_RuinsLootable.xml
66,Medieval Overhaul,dankpyon.medieval.overhaul,DankPyon_HatchedClutch,large hatched clutch,building,(none),,DankPyon_RuinedBuildingBase,,,1.6\Defs\ThingDefs_Buildings\Buildings_RuinsSnake.xml
66,Medieval Overhaul,dankpyon.medieval.overhaul,DankPyon_HatchedClutchSmall,hatched clutch,building,(none),,DankPyon_RuinedBuildingBase,,,1.6\Defs\ThingDefs_Buildings\Buildings_RuinsSnake.xml
66,Medieval Overhaul,dankpyon.medieval.overhaul,DankPyon_Turret_Scorpio,scorpio,building,Medieval,,BuildingBase,,DankPyon_Ballista;DankPyon_Crossbow,1.6\Defs\ThingDefs_Buildings\Buildings_Security_Turrets.xml
66,Medieval Overhaul,dankpyon.medieval.overhaul,DankPyon_Bullet_Scorpio,scorpio bolt,projectile,(none),,BaseBullet,,,1.6\Defs\ThingDefs_Buildings\Buildings_Security_Turrets.xml
66,Medieval Overhaul,dankpyon.medieval.overhaul,DankPyon_Gun_ScorpioTurret,scorpio,weapon,(none),,BaseWeaponTurret,,,1.6\Defs\ThingDefs_Buildings\Buildings_Security_Turrets.xml
66,Medieval Overhaul,dankpyon.medieval.overhaul,DankPyon_Turret_Ballista,Ballista,building,Medieval,,BuildingBase,,DankPyon_Ballista;DankPyon_HeavyCrossbow,1.6\Defs\ThingDefs_Buildings\Buildings_Security_Turrets.xml
66,Medieval Overhaul,dankpyon.medieval.overhaul,DankPyon_Bullet_Ballista,ballista bolt,projectile,(none),,BaseBullet,,,1.6\Defs\ThingDefs_Buildings\Buildings_Security_Turrets.xml
66,Medieval Overhaul,dankpyon.medieval.overhaul,DankPyon_Gun_BallistaTurret,ballista,weapon,(none),,BaseWeaponTurret,,,1.6\Defs\ThingDefs_Buildings\Buildings_Security_Turrets.xml
66,Medieval Overhaul,dankpyon.medieval.overhaul,DankPyon_Turret_Trebuchet,trebuchet,building,(none),,DankPyon_BaseTrebuchetBuilding,BuildingsSecurity,DankPyon_Trebuchet,1.6\Defs\ThingDefs_Buildings\Buildings_Security_Turrets.xml
66,Medieval Overhaul,dankpyon.medieval.overhaul,DankPyon_Artillery_Trebuchet,trebuchet,weapon,(none),,BaseArtilleryWeapon,,,1.6\Defs\ThingDefs_Buildings\Buildings_Security_Turrets.xml
66,Medieval Overhaul,dankpyon.medieval.overhaul,DankPyon_Turret_RepeaterBallista,Ballista repeater,building,Medieval,,BuildingBase,,DankPyon_RepeaterBallista,1.6\Defs\ThingDefs_Buildings\Buildings_Security_Turrets.xml
66,Medieval Overhaul,dankpyon.medieval.overhaul,DankPyon_Gun_RepeaterBallistaTurret,ballista repeater turret,weapon,(none),,BaseWeaponTurret,,,1.6\Defs\ThingDefs_Buildings\Buildings_Security_Turrets.xml
66,Medieval Overhaul,dankpyon.medieval.overhaul,DankPyon_Bale1x2c,hay bale (1x2),building,(none),,DankPyon_StorageBase,BuildingsFurniture,DankPyon_RusticStorage,1.6\Defs\ThingDefs_Buildings\Buildings_Storage.xml
66,Medieval Overhaul,dankpyon.medieval.overhaul,DankPyon_StrawBale1x2c,straw bale (1x2),building,(none),,DankPyon_Bale1x2Base,BuildingsFurniture,DankPyon_RusticStorage,1.6\Defs\ThingDefs_Buildings\Buildings_Storage.xml
66,Medieval Overhaul,dankpyon.medieval.overhaul,DankPyon_FlaxBale1x2c,flax bale (1x2),building,(none),,DankPyon_Bale1x2Base,BuildingsFurniture,DankPyon_RusticStorage,1.6\Defs\ThingDefs_Buildings\Buildings_Storage.xml
66,Medieval Overhaul,dankpyon.medieval.overhaul,DankPyon_HayBale2x2c,hay bale (2x2),building,(none),,DankPyon_Bale1x2Base,BuildingsFurniture,DankPyon_RusticStorage,1.6\Defs\ThingDefs_Buildings\Buildings_Storage.xml
66,Medieval Overhaul,dankpyon.medieval.overhaul,DankPyon_StrawBale2x2c,straw bale (2x2),building,(none),,DankPyon_Bale2x2Base,BuildingsFurniture,DankPyon_RusticStorage,1.6\Defs\ThingDefs_Buildings\Buildings_Storage.xml
66,Medieval Overhaul,dankpyon.medieval.overhaul,DankPyon_FlaxBale2x2c,flax bale (2x2),building,(none),,DankPyon_Bale2x2Base,BuildingsFurniture,DankPyon_RusticStorage,1.6\Defs\ThingDefs_Buildings\Buildings_Storage.xml
66,Medieval Overhaul,dankpyon.medieval.overhaul,DankPyon_HayPile1x2c,hay pile,building,(none),,DankPyon_StorageBase,BuildingsFurniture,DankPyon_RusticStorage,1.6\Defs\ThingDefs_Buildings\Buildings_Storage.xml
66,Medieval Overhaul,dankpyon.medieval.overhaul,DankPyon_StrawPile1x2c,straw pile,building,(none),,DankPyon_Pile1x2Base,BuildingsFurniture,DankPyon_RusticStorage,1.6\Defs\ThingDefs_Buildings\Buildings_Storage.xml
66,Medieval Overhaul,dankpyon.medieval.overhaul,DankPyon_FlaxPile1x2c,flax pile,building,(none),,DankPyon_Pile1x2Base,BuildingsFurniture,DankPyon_RusticStorage,1.6\Defs\ThingDefs_Buildings\Buildings_Storage.xml
66,Medieval Overhaul,dankpyon.medieval.overhaul,DankPyon_WoodLogs1x1c,raw wood pile (1x1),building,(none),,DankPyon_LumberStorageBase,BuildingsFurniture,DankPyon_Lumber,1.6\Defs\ThingDefs_Buildings\Buildings_Storage.xml
66,Medieval Overhaul,dankpyon.medieval.overhaul,DankPyon_WoodLogs1x2c,raw wood pile (1x2),building,(none),,DankPyon_LumberStorageBase,BuildingsFurniture,DankPyon_Lumber,1.6\Defs\ThingDefs_Buildings\Buildings_Storage.xml
66,Medieval Overhaul,dankpyon.medieval.overhaul,DankPyon_WoodLogs2x2c,raw wood pile (2x2),building,(none),,DankPyon_LumberStorageBase,BuildingsFurniture,DankPyon_Lumber,1.6\Defs\ThingDefs_Buildings\Buildings_Storage.xml
66,Medieval Overhaul,dankpyon.medieval.overhaul,DankPyon_Timber1x1c,timber (1x1),building,(none),,DankPyon_LumberStorageBase,BuildingsFurniture,DankPyon_Lumber,1.6\Defs\ThingDefs_Buildings\Buildings_Storage.xml
66,Medieval Overhaul,dankpyon.medieval.overhaul,DankPyon_Timber1x2c,timber (1x2),building,(none),,DankPyon_LumberStorageBase,BuildingsFurniture,DankPyon_Lumber,1.6\Defs\ThingDefs_Buildings\Buildings_Storage.xml
66,Medieval Overhaul,dankpyon.medieval.overhaul,DankPyon_Timber2x2c,timber (2x2),building,(none),,DankPyon_LumberStorageBase,BuildingsFurniture,DankPyon_Lumber,1.6\Defs\ThingDefs_Buildings\Buildings_Storage.xml
66,Medieval Overhaul,dankpyon.medieval.overhaul,DankPyon_Bricks1x1c,bricks (1x1),building,(none),,DankPyon_BrickStorageBase,BuildingsFurniture,Stonecutting,1.6\Defs\ThingDefs_Buildings\Buildings_Storage.xml
66,Medieval Overhaul,dankpyon.medieval.overhaul,DankPyon_Bricks1x2c,bricks (1x2),building,(none),,DankPyon_BrickStorageBase,BuildingsFurniture,Stonecutting,1.6\Defs\ThingDefs_Buildings\Buildings_Storage.xml
66,Medieval Overhaul,dankpyon.medieval.overhaul,DankPyon_Bricks2x2c,bricks (2x2),building,(none),,DankPyon_BrickStorageBase,BuildingsFurniture,Stonecutting,1.6\Defs\ThingDefs_Buildings\Buildings_Storage.xml
66,Medieval Overhaul,dankpyon.medieval.overhaul,DankPyon_IronIngots1x1c,iron ingot stack(1x1),building,(none),,DankPyon_StorageBase,BuildingsFurniture,DankPyon_RusticStorage,1.6\Defs\ThingDefs_Buildings\Buildings_Storage.xml
66,Medieval Overhaul,dankpyon.medieval.overhaul,DankPyon_IronIngots1x2c,iron ingot stack(1x2),building,(none),,DankPyon_IronIngotStackBase,BuildingsFurniture,DankPyon_RusticStorage,1.6\Defs\ThingDefs_Buildings\Buildings_Storage.xml
66,Medieval Overhaul,dankpyon.medieval.overhaul,DankPyon_IronIngots2x2c,iron ingot stack(2x2),building,(none),,DankPyon_IronIngotStackBase,BuildingsFurniture,DankPyon_RusticStorage,1.6\Defs\ThingDefs_Buildings\Buildings_Storage.xml
66,Medieval Overhaul,dankpyon.medieval.overhaul,DankPyon_SteelIngots1x1c,steel ingot stack(1x1),building,(none),,DankPyon_StorageBase,BuildingsFurniture,DankPyon_RusticStorage,1.6\Defs\ThingDefs_Buildings\Buildings_Storage.xml
66,Medieval Overhaul,dankpyon.medieval.overhaul,DankPyon_SteelIngots1x2c,steel ingot stack(1x2),building,(none),,DankPyon_SteelIngotStackBase,BuildingsFurniture,DankPyon_RusticStorage,1.6\Defs\ThingDefs_Buildings\Buildings_Storage.xml
66,Medieval Overhaul,dankpyon.medieval.overhaul,DankPyon_SteelIngots2x2c,steel ingot stack(2x2),building,(none),,DankPyon_SteelIngotStackBase,BuildingsFurniture,DankPyon_RusticStorage,1.6\Defs\ThingDefs_Buildings\Buildings_Storage.xml
66,Medieval Overhaul,dankpyon.medieval.overhaul,DankPyon_SilverIngots1x1c,silver ingot stack(1x1),building,(none),,DankPyon_StorageBase,BuildingsFurniture,DankPyon_RusticStorage,1.6\Defs\ThingDefs_Buildings\Buildings_Storage.xml
66,Medieval Overhaul,dankpyon.medieval.overhaul,DankPyon_SilverIngots1x2c,silver ingot stack(1x2),building,(none),,DankPyon_SilverIngotStackBase,BuildingsFurniture,DankPyon_RusticStorage,1.6\Defs\ThingDefs_Buildings\Buildings_Storage.xml
66,Medieval Overhaul,dankpyon.medieval.overhaul,DankPyon_SilverIngots2x2c,silver ingot stack(2x2),building,(none),,DankPyon_SilverIngotStackBase,BuildingsFurniture,DankPyon_RusticStorage,1.6\Defs\ThingDefs_Buildings\Buildings_Storage.xml
66,Medieval Overhaul,dankpyon.medieval.overhaul,DankPyon_GoldIngots1x1c,gold ingot stack(1x1),building,(none),,DankPyon_StorageBase,BuildingsFurniture,DankPyon_RusticStorage,1.6\Defs\ThingDefs_Buildings\Buildings_Storage.xml
66,Medieval Overhaul,dankpyon.medieval.overhaul,DankPyon_GoldIngots1x2c,gold ingot stack(1x2),building,(none),,DankPyon_GoldIngotStackBase,BuildingsFurniture,DankPyon_RusticStorage,1.6\Defs\ThingDefs_Buildings\Buildings_Storage.xml
66,Medieval Overhaul,dankpyon.medieval.overhaul,DankPyon_GoldIngots2x2c,gold ingot stack(2x2),building,(none),,DankPyon_GoldIngotStackBase,BuildingsFurniture,DankPyon_RusticStorage,1.6\Defs\ThingDefs_Buildings\Buildings_Storage.xml
66,Medieval Overhaul,dankpyon.medieval.overhaul,DankPyon_Plasteel1x1c,plasteel stack(1x1),building,(none),,DankPyon_StorageBase,BuildingsFurniture,DankPyon_RusticStorage,1.6\Defs\ThingDefs_Buildings\Buildings_Storage.xml
66,Medieval Overhaul,dankpyon.medieval.overhaul,DankPyon_Plasteel1x2c,plasteel stack(1x2),building,(none),,DankPyon_PlasteelStackBase,BuildingsFurniture,DankPyon_RusticStorage,1.6\Defs\ThingDefs_Buildings\Buildings_Storage.xml
66,Medieval Overhaul,dankpyon.medieval.overhaul,DankPyon_Plasteel2x2c,plasteel stack(2x2),building,(none),,DankPyon_PlasteelStackBase,BuildingsFurniture,DankPyon_RusticStorage,1.6\Defs\ThingDefs_Buildings\Buildings_Storage.xml
66,Medieval Overhaul,dankpyon.medieval.overhaul,DankPyon_RusticCupboardEmpty,cupboard,building,(none),,DankPyon_StorageBase,BuildingsFurniture,DankPyon_RusticStorage,1.6\Defs\ThingDefs_Buildings\Buildings_Storage.xml
66,Medieval Overhaul,dankpyon.medieval.overhaul,DankPyon_RusticCupboardBread,bread cupboard,building,(none),,DankPyon_StorageBase,BuildingsFurniture,DankPyon_RusticStorage,1.6\Defs\ThingDefs_Buildings\Buildings_Storage.xml
66,Medieval Overhaul,dankpyon.medieval.overhaul,DankPyon_RusticCupboardCheese,cheese cupboard,building,(none),,DankPyon_CupboardBase,BuildingsFurniture,DankPyon_RusticStorage,1.6\Defs\ThingDefs_Buildings\Buildings_Storage.xml
66,Medieval Overhaul,dankpyon.medieval.overhaul,DankPyon_RusticCupboardWine,wine cupboard,building,(none),,DankPyon_CupboardBase,BuildingsFurniture,DankPyon_RusticStorage,1.6\Defs\ThingDefs_Buildings\Buildings_Storage.xml
66,Medieval Overhaul,dankpyon.medieval.overhaul,DankPyon_RusticBarrelBigClosed,large barrel,building,(none),,DankPyon_StorageBase,BuildingsFurniture,DankPyon_RusticStorage,1.6\Defs\ThingDefs_Buildings\Buildings_Storage.xml
66,Medieval Overhaul,dankpyon.medieval.overhaul,DankPyon_RusticBarrelBigGrape,large grape barrel,building,(none),,DankPyon_StorageBase,BuildingsFurniture,DankPyon_RusticStorage,1.6\Defs\ThingDefs_Buildings\Buildings_Storage.xml
66,Medieval Overhaul,dankpyon.medieval.overhaul,DankPyon_RusticBarrelBigClosedDown,large barrel,building,(none),,DankPyon_StorageBase,BuildingsFurniture,DankPyon_RusticStorage,1.6\Defs\ThingDefs_Buildings\Buildings_Storage.xml
66,Medieval Overhaul,dankpyon.medieval.overhaul,DankPyon_RusticBarrelStack,barrel shelf,building,(none),,DankPyon_StorageBase,BuildingsFurniture,DankPyon_RusticStorage,1.6\Defs\ThingDefs_Buildings\Buildings_Storage.xml
66,Medieval Overhaul,dankpyon.medieval.overhaul,DankPyon_RusticBarrelClosed,barrel,building,(none),,DankPyon_StorageBase,BuildingsFurniture,DankPyon_RusticStorage,1.6\Defs\ThingDefs_Buildings\Buildings_Storage.xml
66,Medieval Overhaul,dankpyon.medieval.overhaul,DankPyon_BarrelWoodLog,barrel of wood,building,(none),,DankPyon_StorageBase,BuildingsFurniture,DankPyon_RusticStorage,1.6\Defs\ThingDefs_Buildings\Buildings_Storage.xml
66,Medieval Overhaul,dankpyon.medieval.overhaul,DankPyon_BarrelIronOre,barrel of iron ore,building,(none),,DankPyon_BarrelBase,BuildingsFurniture,DankPyon_RusticStorage,1.6\Defs\ThingDefs_Buildings\Buildings_Storage.xml
66,Medieval Overhaul,dankpyon.medieval.overhaul,DankPyon_BarrelSilverOre,barrel of silver ore,building,(none),,DankPyon_BarrelBase,BuildingsFurniture,DankPyon_RusticStorage,1.6\Defs\ThingDefs_Buildings\Buildings_Storage.xml
66,Medieval Overhaul,dankpyon.medieval.overhaul,DankPyon_BarrelGoldOre,barrel of gold ore,building,(none),,DankPyon_BarrelBase,BuildingsFurniture,DankPyon_RusticStorage,1.6\Defs\ThingDefs_Buildings\Buildings_Storage.xml
66,Medieval Overhaul,dankpyon.medieval.overhaul,DankPyon_BarrelRawPlasteel,barrel of raw plasteel,building,(none),,DankPyon_BarrelBase,BuildingsFurniture,DankPyon_RusticStorage,1.6\Defs\ThingDefs_Buildings\Buildings_Storage.xml
66,Medieval Overhaul,dankpyon.medieval.overhaul,DankPyon_BarrelCoalOre,barrel of coal ore,building,(none),,DankPyon_BarrelBase,BuildingsFurniture,DankPyon_RusticStorage,1.6\Defs\ThingDefs_Buildings\Buildings_Storage.xml
66,Medieval Overhaul,dankpyon.medieval.overhaul,DankPyon_BarrelTextiles,barrel of textiles,building,(none),,DankPyon_BarrelBase,BuildingsFurniture,DankPyon_RusticStorage,1.6\Defs\ThingDefs_Buildings\Buildings_Storage.xml
66,Medieval Overhaul,dankpyon.medieval.overhaul,DankPyon_BarrelLeather,barrel of leather,building,(none),,DankPyon_BarrelBase,BuildingsFurniture,DankPyon_RusticStorage,1.6\Defs\ThingDefs_Buildings\Buildings_Storage.xml
66,Medieval Overhaul,dankpyon.medieval.overhaul,DankPyon_BarrelComponentBasic,barrel of basic components,building,(none),,DankPyon_BarrelBase,BuildingsFurniture,DankPyon_RusticStorage,1.6\Defs\ThingDefs_Buildings\Buildings_Storage.xml
66,Medieval Overhaul,dankpyon.medieval.overhaul,DankPyon_BarrelGrape,barrel of grape,building,(none),,DankPyon_BarrelBase,BuildingsFurniture,DankPyon_RusticStorage,1.6\Defs\ThingDefs_Buildings\Buildings_Storage.xml
66,Medieval Overhaul,dankpyon.medieval.overhaul,DankPyon_LargeShelfEmpty,large empty shelf,building,(none),,DankPyon_StorageBase,BuildingsFurniture,DankPyon_RusticStorage,1.6\Defs\ThingDefs_Buildings\Buildings_Storage.xml
66,Medieval Overhaul,dankpyon.medieval.overhaul,DankPyon_LargeShelf_Bread,large bread shelf,building,(none),,DankPyon_StorageBase,BuildingsFurniture,DankPyon_RusticStorage,1.6\Defs\ThingDefs_Buildings\Buildings_Storage.xml
66,Medieval Overhaul,dankpyon.medieval.overhaul,DankPyon_LargeShelf_Grain,large grain shelf,building,(none),,DankPyon_LargeShelfBase,BuildingsFurniture,DankPyon_RusticStorage,1.6\Defs\ThingDefs_Buildings\Buildings_Storage.xml
66,Medieval Overhaul,dankpyon.medieval.overhaul,DankPyon_Large_Meat_Shelf,large meat shelf,building,(none),,DankPyon_LargeShelfBase,BuildingsFurniture,DankPyon_RusticStorage,1.6\Defs\ThingDefs_Buildings\Buildings_Storage.xml
66,Medieval Overhaul,dankpyon.medieval.overhaul,DankPyon_LargeShelf_Cheese,large cheese shelf,building,(none),,DankPyon_LargeShelfBase,BuildingsFurniture,DankPyon_RusticStorage,1.6\Defs\ThingDefs_Buildings\Buildings_Storage.xml
66,Medieval Overhaul,dankpyon.medieval.overhaul,DankPyon_LargeShelf_Wine,large wine shelf,building,(none),,DankPyon_LargeShelfBase,BuildingsFurniture,DankPyon_RusticStorage,1.6\Defs\ThingDefs_Buildings\Buildings_Storage.xml
66,Medieval Overhaul,dankpyon.medieval.overhaul,DankPyon_LargeShelf_Mead,large mead shelf,building,(none),,DankPyon_LargeShelfBase,BuildingsFurniture,DankPyon_RusticStorage,1.6\Defs\ThingDefs_Buildings\Buildings_Storage.xml
66,Medieval Overhaul,dankpyon.medieval.overhaul,DankPyon_LargeShelf_Vegetables,large vegetables shelf,building,(none),,DankPyon_LargeShelfBase,BuildingsFurniture,DankPyon_RusticStorage,1.6\Defs\ThingDefs_Buildings\Buildings_Storage.xml
66,Medieval Overhaul,dankpyon.medieval.overhaul,DankPyon_SackClosed,sack,building,(none),,DankPyon_StorageBase,BuildingsFurniture,DankPyon_RusticStorage,1.6\Defs\ThingDefs_Buildings\Buildings_Storage.xml
66,Medieval Overhaul,dankpyon.medieval.overhaul,DankPyon_SackFlour,sack of flour,building,(none),,DankPyon_StorageBase,BuildingsFurniture,DankPyon_RusticStorage,1.6\Defs\ThingDefs_Buildings\Buildings_Storage.xml
66,Medieval Overhaul,dankpyon.medieval.overhaul,DankPyon_SackWheat,sack of wheat,building,(none),,DankPyon_SackBase,BuildingsFurniture,DankPyon_RusticStorage,1.6\Defs\ThingDefs_Buildings\Buildings_Storage.xml
66,Medieval Overhaul,dankpyon.medieval.overhaul,DankPyon_SackPotato,sack of potatoes,building,(none),,DankPyon_SackBase,BuildingsFurniture,DankPyon_RusticStorage,1.6\Defs\ThingDefs_Buildings\Buildings_Storage.xml
66,Medieval Overhaul,dankpyon.medieval.overhaul,DankPyon_SackApple,sack of apples,building,(none),,DankPyon_SackBase,BuildingsFurniture,DankPyon_RusticStorage,1.6\Defs\ThingDefs_Buildings\Buildings_Storage.xml
66,Medieval Overhaul,dankpyon.medieval.overhaul,DankPyon_BundledSack1x1c,bundled sack (1x1),building,(none),,DankPyon_StorageBase,BuildingsFurniture,DankPyon_RusticStorage,1.6\Defs\ThingDefs_Buildings\Buildings_Storage.xml
66,Medieval Overhaul,dankpyon.medieval.overhaul,DankPyon_BundledSack2x2c,bundled sack (2x2),building,(none),,DankPyon_StorageBase,BuildingsFurniture,DankPyon_RusticStorage,1.6\Defs\ThingDefs_Buildings\Buildings_Storage.xml
66,Medieval Overhaul,dankpyon.medieval.overhaul,DankPyon_Crate1x1c,crate (1x1),building,(none),,DankPyon_StorageBase,BuildingsFurniture,DankPyon_RusticStorage,1.6\Defs\ThingDefs_Buildings\Buildings_Storage.xml
66,Medieval Overhaul,dankpyon.medieval.overhaul,DankPyon_Crate1x2c,crate (1x2),building,(none),,DankPyon_StorageBase,BuildingsFurniture,DankPyon_RusticStorage,1.6\Defs\ThingDefs_Buildings\Buildings_Storage.xml
66,Medieval Overhaul,dankpyon.medieval.overhaul,DankPyon_Crate2x2c,crate (2x2),building,(none),,DankPyon_StorageBase,BuildingsFurniture,DankPyon_RusticStorage,1.6\Defs\ThingDefs_Buildings\Buildings_Storage.xml
66,Medieval Overhaul,dankpyon.medieval.overhaul,DankPyon_Crate2x2_Bones,large crate (bones),building,(none),,DankPyon_StorageBase,BuildingsFurniture,DankPyon_RusticStorage,1.6\Defs\ThingDefs_Buildings\Buildings_Storage.xml
66,Medieval Overhaul,dankpyon.medieval.overhaul,DankPyon_Crate2x2_Unhold,large crate (unhold),building,(none),,DankPyon_StorageBase,BuildingsFurniture,DankPyon_RusticStorage,1.6\Defs\ThingDefs_Buildings\Buildings_Storage.xml
66,Medieval Overhaul,dankpyon.medieval.overhaul,DankPyon_Crate2x2_Lindwurm,large crate (lindwurm),building,(none),,DankPyon_StorageBase,BuildingsFurniture,DankPyon_RusticStorage,1.6\Defs\ThingDefs_Buildings\Buildings_Storage.xml
66,Medieval Overhaul,dankpyon.medieval.overhaul,DankPyon_RackEmpty,empty rack,building,(none),,DankPyon_StorageBase,BuildingsFurniture,DankPyon_RusticStorage,1.6\Defs\ThingDefs_Buildings\Buildings_Storage.xml
66,Medieval Overhaul,dankpyon.medieval.overhaul,DankPyon_RackSword,sword rack,building,(none),,DankPyon_StorageBase,BuildingsFurniture,DankPyon_RusticStorage,1.6\Defs\ThingDefs_Buildings\Buildings_Storage.xml
66,Medieval Overhaul,dankpyon.medieval.overhaul,DankPyon_RackSpear,spear rack,building,(none),,DankPyon_StorageRackBase,BuildingsFurniture,DankPyon_RusticStorage,1.6\Defs\ThingDefs_Buildings\Buildings_Storage.xml
66,Medieval Overhaul,dankpyon.medieval.overhaul,DankPyon_RackMixed,weapon rack,building,(none),,DankPyon_StorageRackBase,BuildingsFurniture,DankPyon_RusticStorage,1.6\Defs\ThingDefs_Buildings\Buildings_Storage.xml
66,Medieval Overhaul,dankpyon.medieval.overhaul,DankPyon_ShelfEmpty,empty shelf,building,(none),,DankPyon_StorageBase,BuildingsFurniture,DankPyon_RusticStorage,1.6\Defs\ThingDefs_Buildings\Buildings_Storage.xml
66,Medieval Overhaul,dankpyon.medieval.overhaul,DankPyon_ShelfFilled1c,filled shelf,building,(none),,DankPyon_ShelfBase,BuildingsFurniture,DankPyon_RusticStorage,1.6\Defs\ThingDefs_Buildings\Buildings_Storage.xml
66,Medieval Overhaul,dankpyon.medieval.overhaul,DankPyon_ShelfFilled2c,filled shelf,building,(none),,DankPyon_ShelfBase,BuildingsFurniture,DankPyon_RusticStorage,1.6\Defs\ThingDefs_Buildings\Buildings_Storage.xml
66,Medieval Overhaul,dankpyon.medieval.overhaul,DankPyon_ShelfFilledEmerald,emerald filled shelf,building,(none),,DankPyon_ShelfBase,BuildingsFurniture,DankPyon_RusticStorage,1.6\Defs\ThingDefs_Buildings\Buildings_Storage.xml
66,Medieval Overhaul,dankpyon.medieval.overhaul,DankPyon_ShelfFilledSapphire,sapphire filled shelf,building,(none),,DankPyon_ShelfBase,BuildingsFurniture,DankPyon_RusticStorage,1.6\Defs\ThingDefs_Buildings\Buildings_Storage.xml
66,Medieval Overhaul,dankpyon.medieval.overhaul,DankPyon_ShelfFilledRuby,ruby filled shelf,building,(none),,DankPyon_ShelfBase,BuildingsFurniture,DankPyon_RusticStorage,1.6\Defs\ThingDefs_Buildings\Buildings_Storage.xml
66,Medieval Overhaul,dankpyon.medieval.overhaul,DankPyon_ShelfFilledSilverware,silverware filled shelf,building,(none),,DankPyon_ShelfBase,BuildingsFurniture,DankPyon_RusticStorage,1.6\Defs\ThingDefs_Buildings\Buildings_Storage.xml
66,Medieval Overhaul,dankpyon.medieval.overhaul,DankPyon_ShelfFilledGoldware,goldware filled shelf,building,(none),,DankPyon_ShelfBase,BuildingsFurniture,DankPyon_RusticStorage,1.6\Defs\ThingDefs_Buildings\Buildings_Storage.xml
66,Medieval Overhaul,dankpyon.medieval.overhaul,DankPyon_ShelfFilledChaliceSilver,silver chalice filled shelf,building,(none),,DankPyon_ShelfBase,BuildingsFurniture,DankPyon_RusticStorage,1.6\Defs\ThingDefs_Buildings\Buildings_Storage.xml
66,Medieval Overhaul,dankpyon.medieval.overhaul,DankPyon_ShelfFilledChaliceGold,gold chalice filled shelf,building,(none),,DankPyon_ShelfBase,BuildingsFurniture,DankPyon_RusticStorage,1.6\Defs\ThingDefs_Buildings\Buildings_Storage.xml
66,Medieval Overhaul,dankpyon.medieval.overhaul,DankPyon_ShelfFilledWine,wine filled shelf,building,(none),,DankPyon_ShelfBase,BuildingsFurniture,DankPyon_RusticStorage,1.6\Defs\ThingDefs_Buildings\Buildings_Storage.xml
66,Medieval Overhaul,dankpyon.medieval.overhaul,DankPyon_ShelfFilledFood,food filled shelf,building,(none),,DankPyon_ShelfBase,BuildingsFurniture,DankPyon_RusticStorage,1.6\Defs\ThingDefs_Buildings\Buildings_Storage.xml
66,Medieval Overhaul,dankpyon.medieval.overhaul,DankPyon_ShelfFilledIngot,ingot filled shelf,building,(none),,DankPyon_ShelfBase,BuildingsFurniture,DankPyon_RusticStorage,1.6\Defs\ThingDefs_Buildings\Buildings_Storage.xml
66,Medieval Overhaul,dankpyon.medieval.overhaul,DankPyon_ShelfFilledBook,book filled shelf,building,(none),,DankPyon_ShelfBase,BuildingsFurniture,DankPyon_RusticStorage,1.6\Defs\ThingDefs_Buildings\Buildings_Storage.xml
66,Medieval Overhaul,dankpyon.medieval.overhaul,DankPyon_Shelf_AssortedHerbs,shelf (assorted herbs),building,(none),,DankPyon_ShelfBase,BuildingsFurniture,DankPyon_RusticStorage,1.6\Defs\ThingDefs_Buildings\Buildings_Storage.xml
66,Medieval Overhaul,dankpyon.medieval.overhaul,DankPyon_Shelf_GreenHerbs,shelf (green herbs),building,(none),,DankPyon_ShelfBase,BuildingsFurniture,DankPyon_RusticStorage,1.6\Defs\ThingDefs_Buildings\Buildings_Storage.xml
66,Medieval Overhaul,dankpyon.medieval.overhaul,DankPyon_Shelf_RedHerbs,shelf (red herbs),building,(none),,DankPyon_ShelfBase,BuildingsFurniture,DankPyon_RusticStorage,1.6\Defs\ThingDefs_Buildings\Buildings_Storage.xml
66,Medieval Overhaul,dankpyon.medieval.overhaul,DankPyon_Shelf_BattleElixir,shelf (battle elixir),building,(none),,DankPyon_ShelfBase,BuildingsFurniture,DankPyon_RusticStorage,1.6\Defs\ThingDefs_Buildings\Buildings_Storage.xml
66,Medieval Overhaul,dankpyon.medieval.overhaul,DankPyon_Shelf_HappyPowder,shelf (happy powder),building,(none),,DankPyon_ShelfBase,BuildingsFurniture,DankPyon_RusticStorage,1.6\Defs\ThingDefs_Buildings\Buildings_Storage.xml
66,Medieval Overhaul,dankpyon.medieval.overhaul,DankPyon_Shelf_VigorPill,shelf (vigor pill),building,(none),,DankPyon_ShelfBase,BuildingsFurniture,DankPyon_RusticStorage,1.6\Defs\ThingDefs_Buildings\Buildings_Storage.xml
66,Medieval Overhaul,dankpyon.medieval.overhaul,DankPyon_Shelf_AssortedDrugsA,shelf (assorted drugs a),building,(none),,DankPyon_ShelfBase,BuildingsFurniture,DankPyon_RusticStorage,1.6\Defs\ThingDefs_Buildings\Buildings_Storage.xml
66,Medieval Overhaul,dankpyon.medieval.overhaul,DankPyon_Shelf_Stardust,shelf (stardust),building,(none),,DankPyon_ShelfBase,BuildingsFurniture,DankPyon_RusticStorage,1.6\Defs\ThingDefs_Buildings\Buildings_Storage.xml
66,Medieval Overhaul,dankpyon.medieval.overhaul,DankPyon_Shelf_Luhix,shelf (luhix),building,(none),,DankPyon_ShelfBase,BuildingsFurniture,DankPyon_RusticStorage,1.6\Defs\ThingDefs_Buildings\Buildings_Storage.xml
66,Medieval Overhaul,dankpyon.medieval.overhaul,DankPyon_Shelf_Paregoric,shelf (paregoric),building,(none),,DankPyon_ShelfBase,BuildingsFurniture,DankPyon_RusticStorage,1.6\Defs\ThingDefs_Buildings\Buildings_Storage.xml
66,Medieval Overhaul,dankpyon.medieval.overhaul,DankPyon_Shelf_AssortedDrugsB,shelf (assorted drugs b),building,(none),,DankPyon_ShelfBase,BuildingsFurniture,DankPyon_RusticStorage,1.6\Defs\ThingDefs_Buildings\Buildings_Storage.xml
66,Medieval Overhaul,dankpyon.medieval.overhaul,DankPyon_Storage_Cart_Empty,empty cart,building,(none),,DankPyon_StorageBase,BuildingsFurniture,DankPyon_RusticStorage,1.6\Defs\ThingDefs_Buildings\Buildings_Storage.xml
66,Medieval Overhaul,dankpyon.medieval.overhaul,DankPyon_Storage_Cart_Assorted,assorted cart,building,(none),,DankPyon_CartBase,BuildingsFurniture,DankPyon_RusticStorage,1.6\Defs\ThingDefs_Buildings\Buildings_Storage.xml
66,Medieval Overhaul,dankpyon.medieval.overhaul,DankPyon_Storage_Cart_Ore,ore cart,building,(none),,DankPyon_CartBase,BuildingsFurniture,DankPyon_RusticStorage,1.6\Defs\ThingDefs_Buildings\Buildings_Storage.xml
66,Medieval Overhaul,dankpyon.medieval.overhaul,DankPyon_Storage_Cart_PlantRaw,raw plant cart,building,(none),,DankPyon_CartBase,BuildingsFurniture,DankPyon_RusticStorage,1.6\Defs\ThingDefs_Buildings\Buildings_Storage.xml
66,Medieval Overhaul,dankpyon.medieval.overhaul,DankPyon_Storage_Cart_Textiles,textiles cart,building,(none),,DankPyon_CartBase,BuildingsFurniture,DankPyon_RusticStorage,1.6\Defs\ThingDefs_Buildings\Buildings_Storage.xml
66,Medieval Overhaul,dankpyon.medieval.overhaul,DankPyon_Storage_Cart_RawWood,raw wood cart,building,(none),,DankPyon_CartBase,BuildingsFurniture,DankPyon_RusticStorage,1.6\Defs\ThingDefs_Buildings\Buildings_Storage.xml
66,Medieval Overhaul,dankpyon.medieval.overhaul,DankPyon_IceCellar,ice сellar,building,Medieval,,DankPyon_StorageBase,BuildingsFurniture,Stonecutting,1.6\Defs\ThingDefs_Buildings\Buildings_Storage.xml
66,Medieval Overhaul,dankpyon.medieval.overhaul,DankPyon_LootableCrate_Bones,large crate,building,(none),,DankPyon_LootableCrate_Base,,,1.6\Defs\ThingDefs_Buildings\Buildings_Storage_Hideout.xml
66,Medieval Overhaul,dankpyon.medieval.overhaul,DankPyon_LootableCrate_Unhold,large crate,building,(none),,DankPyon_LootableCrate_Base,,,1.6\Defs\ThingDefs_Buildings\Buildings_Storage_Hideout.xml
66,Medieval Overhaul,dankpyon.medieval.overhaul,DankPyon_LootableCrate_Lindwurm,large crate,building,(none),,DankPyon_LootableCrate_Base,,,1.6\Defs\ThingDefs_Buildings\Buildings_Storage_Hideout.xml
66,Medieval Overhaul,dankpyon.medieval.overhaul,DankPyon_HideoutTableMarket_Meats,meat stall,building,(none),,DankPyon_HideoutTableMarket,,,1.6\Defs\ThingDefs_Buildings\Buildings_Storage_Hideout.xml
66,Medieval Overhaul,dankpyon.medieval.overhaul,DankPyon_HideoutTableMarket_Dairy,dairy stall,building,(none),,DankPyon_HideoutTableMarket,,,1.6\Defs\ThingDefs_Buildings\Buildings_Storage_Hideout.xml
66,Medieval Overhaul,dankpyon.medieval.overhaul,DankPyon_HideoutTableMarket_Bread,bread stall,building,(none),,DankPyon_HideoutTableMarket,,,1.6\Defs\ThingDefs_Buildings\Buildings_Storage_Hideout.xml
66,Medieval Overhaul,dankpyon.medieval.overhaul,DankPyon_HideoutTableMarket_Herb,herb stall,building,(none),,DankPyon_HideoutTableMarket,,,1.6\Defs\ThingDefs_Buildings\Buildings_Storage_Hideout.xml
66,Medieval Overhaul,dankpyon.medieval.overhaul,DankPyon_HideoutTableMarket_Bow,bow stall,building,(none),,DankPyon_HideoutTableMarket,,,1.6\Defs\ThingDefs_Buildings\Buildings_Storage_Hideout.xml
66,Medieval Overhaul,dankpyon.medieval.overhaul,DankPyon_HideoutTableMarket_Melee,melee weapon stall,building,(none),,DankPyon_HideoutTableMarket,,,1.6\Defs\ThingDefs_Buildings\Buildings_Storage_Hideout.xml
66,Medieval Overhaul,dankpyon.medieval.overhaul,DankPyon_HideoutStallMarket_Meats,meat stall,building,(none),,DankPyon_HideoutTableMarket,,,1.6\Defs\ThingDefs_Buildings\Buildings_Storage_Hideout.xml
66,Medieval Overhaul,dankpyon.medieval.overhaul,DankPyon_HideoutStallMarket_Dairy,dairy stall,building,(none),,DankPyon_HideoutTableMarket,,,1.6\Defs\ThingDefs_Buildings\Buildings_Storage_Hideout.xml
66,Medieval Overhaul,dankpyon.medieval.overhaul,DankPyon_HideoutStallMarket_Bread,bread stall,building,(none),,DankPyon_HideoutTableMarket,,,1.6\Defs\ThingDefs_Buildings\Buildings_Storage_Hideout.xml
66,Medieval Overhaul,dankpyon.medieval.overhaul,DankPyon_HideoutStallMarket_Herb,herb stall,building,(none),,DankPyon_HideoutTableMarket,,,1.6\Defs\ThingDefs_Buildings\Buildings_Storage_Hideout.xml
66,Medieval Overhaul,dankpyon.medieval.overhaul,DankPyon_HideoutStallMarket_Bow,bow stall,building,(none),,DankPyon_HideoutTableMarket,,,1.6\Defs\ThingDefs_Buildings\Buildings_Storage_Hideout.xml
66,Medieval Overhaul,dankpyon.medieval.overhaul,DankPyon_HideoutStallMarket_Melee,melee stall,building,(none),,DankPyon_HideoutTableMarket,,,1.6\Defs\ThingDefs_Buildings\Buildings_Storage_Hideout.xml
66,Medieval Overhaul,dankpyon.medieval.overhaul,DankPyon_HideoutWoodLogs1x1c,raw wood pile,building,(none),,DankPyon_HideOutBuildingBase,,,1.6\Defs\ThingDefs_Buildings\Buildings_Storage_Hideout.xml
66,Medieval Overhaul,dankpyon.medieval.overhaul,DankPyon_HideoutWoodLogs1x2c,raw wood (1x2),building,(none),,DankPyon_HideOutBuildingBase,,,1.6\Defs\ThingDefs_Buildings\Buildings_Storage_Hideout.xml
66,Medieval Overhaul,dankpyon.medieval.overhaul,DankPyon_HideoutWoodLogs2x2c,raw wood (2x2),building,(none),,DankPyon_HideOutBuildingBase,,,1.6\Defs\ThingDefs_Buildings\Buildings_Storage_Hideout.xml
66,Medieval Overhaul,dankpyon.medieval.overhaul,DankPyon_HideoutTimber1x1c,timber (1x1),building,(none),,DankPyon_HideOutBuildingBase,,,1.6\Defs\ThingDefs_Buildings\Buildings_Storage_Hideout.xml
66,Medieval Overhaul,dankpyon.medieval.overhaul,DankPyon_HideoutTimber1x2c,timber (1x2),building,(none),,DankPyon_HideOutBuildingBase,,,1.6\Defs\ThingDefs_Buildings\Buildings_Storage_Hideout.xml
66,Medieval Overhaul,dankpyon.medieval.overhaul,DankPyon_HideoutTimber2x2c,timber (2x2),building,(none),,DankPyon_HideOutBuildingBase,,,1.6\Defs\ThingDefs_Buildings\Buildings_Storage_Hideout.xml
66,Medieval Overhaul,dankpyon.medieval.overhaul,DankPyon_HideoutBricks1x1c,bricks(1x1),building,(none),,DankPyon_HideOutBuildingBase,,,1.6\Defs\ThingDefs_Buildings\Buildings_Storage_Hideout.xml
66,Medieval Overhaul,dankpyon.medieval.overhaul,DankPyon_HideoutBricks1x2c,bricks(1x2),building,(none),,DankPyon_HideOutBuildingBase,,,1.6\Defs\ThingDefs_Buildings\Buildings_Storage_Hideout.xml
66,Medieval Overhaul,dankpyon.medieval.overhaul,DankPyon_HideoutBricks2x2c,bricks,building,(none),,DankPyon_HideOutBuildingBase,,,1.6\Defs\ThingDefs_Buildings\Buildings_Storage_Hideout.xml
66,Medieval Overhaul,dankpyon.medieval.overhaul,DankPyon_HideoutRusticCupboardEmpty,cupboard,building,(none),,DankPyon_HideOutBuildingBase,,,1.6\Defs\ThingDefs_Buildings\Buildings_Storage_Hideout.xml
66,Medieval Overhaul,dankpyon.medieval.overhaul,DankPyon_HideoutRusticCupboardBread,bread cupboard,building,(none),,DankPyon_HideOutBuildingBase,,,1.6\Defs\ThingDefs_Buildings\Buildings_Storage_Hideout.xml
66,Medieval Overhaul,dankpyon.medieval.overhaul,DankPyon_HideoutRusticCupboardCheese,cheese cupboard,building,(none),,DankPyon_HideOutBuildingBase,,,1.6\Defs\ThingDefs_Buildings\Buildings_Storage_Hideout.xml
66,Medieval Overhaul,dankpyon.medieval.overhaul,DankPyon_HideoutRusticCupboardWine,wine cupboard,building,(none),,DankPyon_HideOutBuildingBase,,,1.6\Defs\ThingDefs_Buildings\Buildings_Storage_Hideout.xml
66,Medieval Overhaul,dankpyon.medieval.overhaul,DankPyon_HideoutRusticBarrelBigClosed,large barrel,building,(none),,DankPyon_HideOutBuildingBase,,,1.6\Defs\ThingDefs_Buildings\Buildings_Storage_Hideout.xml
66,Medieval Overhaul,dankpyon.medieval.overhaul,DankPyon_HideoutRusticBarrelBigGrape,large grape barrel,building,(none),,DankPyon_HideOutBuildingBase,,,1.6\Defs\ThingDefs_Buildings\Buildings_Storage_Hideout.xml
66,Medieval Overhaul,dankpyon.medieval.overhaul,DankPyon_HideoutRusticBarrelBigClosedDown,large wine must barrel,building,(none),,DankPyon_HideOutBuildingBase,,,1.6\Defs\ThingDefs_Buildings\Buildings_Storage_Hideout.xml
66,Medieval Overhaul,dankpyon.medieval.overhaul,DankPyon_HideoutRusticBarrelStack,barrel shelf,building,(none),,DankPyon_HideOutBuildingBase,,,1.6\Defs\ThingDefs_Buildings\Buildings_Storage_Hideout.xml
66,Medieval Overhaul,dankpyon.medieval.overhaul,DankPyon_HideoutRusticBarrelClosed,barrel,building,(none),,DankPyon_HideOutBuildingBase,,,1.6\Defs\ThingDefs_Buildings\Buildings_Storage_Hideout.xml
66,Medieval Overhaul,dankpyon.medieval.overhaul,DankPyon_HideoutBarrelWoodLog,barrel of wood,building,(none),,DankPyon_HideOutBarrelBase,,,1.6\Defs\ThingDefs_Buildings\Buildings_Storage_Hideout.xml
66,Medieval Overhaul,dankpyon.medieval.overhaul,DankPyon_HideoutBarrelIronOre,barrel of iron ore,building,(none),,DankPyon_HideOutBarrelBase,,,1.6\Defs\ThingDefs_Buildings\Buildings_Storage_Hideout.xml
66,Medieval Overhaul,dankpyon.medieval.overhaul,DankPyon_HideoutBarrelSilverOre,barrel of silver ore,building,(none),,DankPyon_HideOutBarrelBase,,,1.6\Defs\ThingDefs_Buildings\Buildings_Storage_Hideout.xml
66,Medieval Overhaul,dankpyon.medieval.overhaul,DankPyon_HideoutBarrelGoldOre,barrel of gold ore,building,(none),,DankPyon_HideOutBarrelBase,,,1.6\Defs\ThingDefs_Buildings\Buildings_Storage_Hideout.xml
66,Medieval Overhaul,dankpyon.medieval.overhaul,DankPyon_HideoutBarrelCoalOre,barrel of coal ore,building,(none),,DankPyon_HideOutBarrelBase,,,1.6\Defs\ThingDefs_Buildings\Buildings_Storage_Hideout.xml
66,Medieval Overhaul,dankpyon.medieval.overhaul,DankPyon_HideoutBarrelPlasteelOre,barrel of raw plasteel,building,(none),,DankPyon_HideOutBarrelBase,,,1.6\Defs\ThingDefs_Buildings\Buildings_Storage_Hideout.xml
66,Medieval Overhaul,dankpyon.medieval.overhaul,DankPyon_HideoutBarrelTextiles,barrel of textiles,building,(none),,DankPyon_HideOutBarrelBase,,,1.6\Defs\ThingDefs_Buildings\Buildings_Storage_Hideout.xml
66,Medieval Overhaul,dankpyon.medieval.overhaul,DankPyon_HideoutBarrelLeather,barrel of leather,building,(none),,DankPyon_HideOutBarrelBase,,,1.6\Defs\ThingDefs_Buildings\Buildings_Storage_Hideout.xml
66,Medieval Overhaul,dankpyon.medieval.overhaul,DankPyon_HideoutBarrelComponentBasic,barrel of basic components,building,(none),,DankPyon_HideOutBarrelBase,,,1.6\Defs\ThingDefs_Buildings\Buildings_Storage_Hideout.xml
66,Medieval Overhaul,dankpyon.medieval.overhaul,DankPyon_HideoutBarrelGrape,barrel of grape,building,(none),,DankPyon_HideOutBarrelBase,,,1.6\Defs\ThingDefs_Buildings\Buildings_Storage_Hideout.xml
66,Medieval Overhaul,dankpyon.medieval.overhaul,DankPyon_HideoutLargeShelfEmpty,large empty shelf,building,(none),,DankPyon_HideoutLargeShelfBase,,,1.6\Defs\ThingDefs_Buildings\Buildings_Storage_Hideout.xml
66,Medieval Overhaul,dankpyon.medieval.overhaul,DankPyon_HideoutLargeShelf_Bread,large bread shelf,building,(none),,DankPyon_HideoutLargeShelfBase,,,1.6\Defs\ThingDefs_Buildings\Buildings_Storage_Hideout.xml
66,Medieval Overhaul,dankpyon.medieval.overhaul,DankPyon_HideoutLargeShelf_Grain,large grain shelf,building,(none),,DankPyon_HideoutLargeShelfBase,,,1.6\Defs\ThingDefs_Buildings\Buildings_Storage_Hideout.xml
66,Medieval Overhaul,dankpyon.medieval.overhaul,DankPyon_HideoutLargeShelf_Meats,large meat shelf,building,(none),,DankPyon_HideoutLargeShelfBase,,,1.6\Defs\ThingDefs_Buildings\Buildings_Storage_Hideout.xml
66,Medieval Overhaul,dankpyon.medieval.overhaul,DankPyon_HideoutLargeShelf_Cheese,large cheese shelf,building,(none),,DankPyon_HideoutLargeShelfBase,,,1.6\Defs\ThingDefs_Buildings\Buildings_Storage_Hideout.xml
66,Medieval Overhaul,dankpyon.medieval.overhaul,DankPyon_HideoutLargeShelf_Wine,large wine shelf,building,(none),,DankPyon_HideoutLargeShelfBase,,,1.6\Defs\ThingDefs_Buildings\Buildings_Storage_Hideout.xml
66,Medieval Overhaul,dankpyon.medieval.overhaul,DankPyon_HideoutLargeShelf_Mead,large mead shelf,building,(none),,DankPyon_HideoutLargeShelfBase,,,1.6\Defs\ThingDefs_Buildings\Buildings_Storage_Hideout.xml
66,Medieval Overhaul,dankpyon.medieval.overhaul,DankPyon_HideoutLargeShelf_Vegetables,large vegetables shelf,building,(none),,DankPyon_HideoutLargeShelfBase,,,1.6\Defs\ThingDefs_Buildings\Buildings_Storage_Hideout.xml
66,Medieval Overhaul,dankpyon.medieval.overhaul,DankPyon_HideoutSackClosed,closed sack,building,(none),,DankPyon_HideoutSackBase,,,1.6\Defs\ThingDefs_Buildings\Buildings_Storage_Hideout.xml
66,Medieval Overhaul,dankpyon.medieval.overhaul,DankPyon_HideoutSackFlour,sack of flour,building,(none),,DankPyon_HideoutSackBase,,,1.6\Defs\ThingDefs_Buildings\Buildings_Storage_Hideout.xml
66,Medieval Overhaul,dankpyon.medieval.overhaul,DankPyon_HideoutSackWheat,sack of wheat,building,(none),,DankPyon_HideoutSackBase,,,1.6\Defs\ThingDefs_Buildings\Buildings_Storage_Hideout.xml
66,Medieval Overhaul,dankpyon.medieval.overhaul,DankPyon_HideoutSackPotato,sack of potatoes,building,(none),,DankPyon_HideoutSackBase,,,1.6\Defs\ThingDefs_Buildings\Buildings_Storage_Hideout.xml
66,Medieval Overhaul,dankpyon.medieval.overhaul,DankPyon_HideoutSackApple,sack of apples,building,(none),,DankPyon_HideoutSackBase,,,1.6\Defs\ThingDefs_Buildings\Buildings_Storage_Hideout.xml
66,Medieval Overhaul,dankpyon.medieval.overhaul,DankPyon_HideoutCrate1x1c,crate,building,(none),,DankPyon_HideOutBuildingBase,,,1.6\Defs\ThingDefs_Buildings\Buildings_Storage_Hideout.xml
66,Medieval Overhaul,dankpyon.medieval.overhaul,DankPyon_HideoutCrate1x2c,crate,building,(none),,DankPyon_HideOutBuildingBase,,,1.6\Defs\ThingDefs_Buildings\Buildings_Storage_Hideout.xml
66,Medieval Overhaul,dankpyon.medieval.overhaul,DankPyon_HideoutRackEmpty,empty rack,building,(none),,DankPyon_HideOutBuildingBaseRackBase,,,1.6\Defs\ThingDefs_Buildings\Buildings_Storage_Hideout.xml
66,Medieval Overhaul,dankpyon.medieval.overhaul,DankPyon_HideoutRackSword,sword rack,building,(none),,DankPyon_HideOutBuildingBaseRackBase,,,1.6\Defs\ThingDefs_Buildings\Buildings_Storage_Hideout.xml
66,Medieval Overhaul,dankpyon.medieval.overhaul,DankPyon_HideoutRackSpear,spear rack,building,(none),,DankPyon_HideOutBuildingBaseRackBase,,,1.6\Defs\ThingDefs_Buildings\Buildings_Storage_Hideout.xml
66,Medieval Overhaul,dankpyon.medieval.overhaul,DankPyon_HideoutRackMixed,weapon rack,building,(none),,DankPyon_HideOutBuildingBaseRackBase,,,1.6\Defs\ThingDefs_Buildings\Buildings_Storage_Hideout.xml
66,Medieval Overhaul,dankpyon.medieval.overhaul,DankPyon_HideoutShelfEmpty,empty shelf,building,(none),,DankPyon_HideoutShelfBase,,,1.6\Defs\ThingDefs_Buildings\Buildings_Storage_Hideout.xml
66,Medieval Overhaul,dankpyon.medieval.overhaul,DankPyon_HideoutLargeShelf_FilledA_Amboise,(A) filled shelf,building,(none),,DankPyon_HideoutShelfBase,,,1.6\Defs\ThingDefs_Buildings\Buildings_Storage_Hideout.xml
66,Medieval Overhaul,dankpyon.medieval.overhaul,DankPyon_HideoutLargeShelf_FilledB_Amboise,(A) filled shelf,building,(none),,DankPyon_HideoutShelfBase,,,1.6\Defs\ThingDefs_Buildings\Buildings_Storage_Hideout.xml
66,Medieval Overhaul,dankpyon.medieval.overhaul,DankPyon_HideoutLargeShelf_FilledA_Hesse,(H) filled shelf,building,(none),,DankPyon_HideoutShelfBase,,,1.6\Defs\ThingDefs_Buildings\Buildings_Storage_Hideout.xml
66,Medieval Overhaul,dankpyon.medieval.overhaul,DankPyon_HideoutLargeShelf_FilledB_Hesse,(H) filled shelf,building,(none),,DankPyon_HideoutShelfBase,,,1.6\Defs\ThingDefs_Buildings\Buildings_Storage_Hideout.xml
66,Medieval Overhaul,dankpyon.medieval.overhaul,DankPyon_HideoutLargeShelf_FilledA_Soren,(S) filled shelf,building,(none),,DankPyon_HideoutShelfBase,,,1.6\Defs\ThingDefs_Buildings\Buildings_Storage_Hideout.xml
66,Medieval Overhaul,dankpyon.medieval.overhaul,DankPyon_HideoutLargeShelf_FilledB_Soren,(S) filled shelf,building,(none),,DankPyon_HideoutShelfBase,,,1.6\Defs\ThingDefs_Buildings\Buildings_Storage_Hideout.xml
66,Medieval Overhaul,dankpyon.medieval.overhaul,DankPyon_HideoutLargeShelf_FilledA_Oswin,(O) filled shelf,building,(none),,DankPyon_HideoutShelfBase,,,1.6\Defs\ThingDefs_Buildings\Buildings_Storage_Hideout.xml
66,Medieval Overhaul,dankpyon.medieval.overhaul,DankPyon_HideoutLargeShelf_FilledB_Oswin,(O) filled shelf,building,(none),,DankPyon_HideoutShelfBase,,,1.6\Defs\ThingDefs_Buildings\Buildings_Storage_Hideout.xml
66,Medieval Overhaul,dankpyon.medieval.overhaul,DankPyon_HideoutShelfFilledEmerald,emerald filled shelf,building,(none),,DankPyon_HideoutShelfBase,,,1.6\Defs\ThingDefs_Buildings\Buildings_Storage_Hideout.xml
66,Medieval Overhaul,dankpyon.medieval.overhaul,DankPyon_HideoutShelfFilledSapphire,sapphire filled shelf,building,(none),,DankPyon_HideoutShelfBase,,,1.6\Defs\ThingDefs_Buildings\Buildings_Storage_Hideout.xml
66,Medieval Overhaul,dankpyon.medieval.overhaul,DankPyon_HideoutShelfFilledRuby,ruby filled shelf,building,(none),,DankPyon_HideoutShelfBase,,,1.6\Defs\ThingDefs_Buildings\Buildings_Storage_Hideout.xml
66,Medieval Overhaul,dankpyon.medieval.overhaul,DankPyon_HideoutShelfFilledSilverware,silverware filled shelf,building,(none),,DankPyon_HideoutShelfBase,,,1.6\Defs\ThingDefs_Buildings\Buildings_Storage_Hideout.xml
66,Medieval Overhaul,dankpyon.medieval.overhaul,DankPyon_HideoutShelfFilledGoldware,goldware filled shelf,building,(none),,DankPyon_HideoutShelfBase,,,1.6\Defs\ThingDefs_Buildings\Buildings_Storage_Hideout.xml
66,Medieval Overhaul,dankpyon.medieval.overhaul,DankPyon_HideoutShelfFilledChaliceSilver,silver chalice filled shelf,building,(none),,DankPyon_HideoutShelfBase,,,1.6\Defs\ThingDefs_Buildings\Buildings_Storage_Hideout.xml
66,Medieval Overhaul,dankpyon.medieval.overhaul,DankPyon_HideoutShelfFilledWine,wine filled shelf,building,(none),,DankPyon_HideoutShelfBase,,,1.6\Defs\ThingDefs_Buildings\Buildings_Storage_Hideout.xml
66,Medieval Overhaul,dankpyon.medieval.overhaul,DankPyon_HideoutShelfFilledFood,food filled shelf,building,(none),,DankPyon_HideoutShelfBase,,,1.6\Defs\ThingDefs_Buildings\Buildings_Storage_Hideout.xml
66,Medieval Overhaul,dankpyon.medieval.overhaul,DankPyon_HideoutShelfFilledIngot,ingot filled shelf,building,(none),,DankPyon_HideoutShelfBase,,,1.6\Defs\ThingDefs_Buildings\Buildings_Storage_Hideout.xml
66,Medieval Overhaul,dankpyon.medieval.overhaul,DankPyon_HideoutShelfFilledBook,book filled shelf,building,(none),,DankPyon_HideoutShelfBase,,,1.6\Defs\ThingDefs_Buildings\Buildings_Storage_Hideout.xml
66,Medieval Overhaul,dankpyon.medieval.overhaul,DankPyon_HideoutStrawPile,straw pile,building,(none),,DankPyon_HideOutBuildingBase,,,1.6\Defs\ThingDefs_Buildings\Buildings_Storage_Hideout.xml
66,Medieval Overhaul,dankpyon.medieval.overhaul,DankPyon_HideOutBuildingBase_Cart_Empty,empty cart,building,(none),,DankPyon_HideoutCartBase,,,1.6\Defs\ThingDefs_Buildings\Buildings_Storage_Hideout.xml
66,Medieval Overhaul,dankpyon.medieval.overhaul,DankPyon_HideOutBuildingBase_Cart_Assorted,assorted cart,building,(none),,DankPyon_HideoutCartBase,,,1.6\Defs\ThingDefs_Buildings\Buildings_Storage_Hideout.xml
66,Medieval Overhaul,dankpyon.medieval.overhaul,DankPyon_HideOutBuildingBase_Cart_Ore,ore cart,building,(none),,DankPyon_HideoutCartBase,,,1.6\Defs\ThingDefs_Buildings\Buildings_Storage_Hideout.xml
66,Medieval Overhaul,dankpyon.medieval.overhaul,DankPyon_HideOutBuildingBase_Cart_PlantRaw,raw plant cart,building,(none),,DankPyon_HideoutCartBase,,,1.6\Defs\ThingDefs_Buildings\Buildings_Storage_Hideout.xml
66,Medieval Overhaul,dankpyon.medieval.overhaul,DankPyon_HideOutBuildingBase_Cart_Textiles,textiles cart,building,(none),,DankPyon_HideoutCartBase,,,1.6\Defs\ThingDefs_Buildings\Buildings_Storage_Hideout.xml
66,Medieval Overhaul,dankpyon.medieval.overhaul,DankPyon_HideOutBuildingBase_Cart_RawWood,raw wood cart,building,(none),,DankPyon_HideoutCartBase,,,1.6\Defs\ThingDefs_Buildings\Buildings_Storage_Hideout.xml
66,Medieval Overhaul,dankpyon.medieval.overhaul,DankPyon_IngotStack1x1_Iron,stack of iron ingots,building,(none),,DankPyon_HideOutIngotBase,,,1.6\Defs\ThingDefs_Buildings\Buildings_Storage_Hideout.xml
66,Medieval Overhaul,dankpyon.medieval.overhaul,DankPyon_IngotStack1x1_Steel,stack of iron ingots,building,(none),,DankPyon_HideOutIngotBase,,,1.6\Defs\ThingDefs_Buildings\Buildings_Storage_Hideout.xml
66,Medieval Overhaul,dankpyon.medieval.overhaul,DankPyon_IngotStack1x1_Gold,stack of iron ingots,building,(none),,DankPyon_HideOutIngotBase,,,1.6\Defs\ThingDefs_Buildings\Buildings_Storage_Hideout.xml
66,Medieval Overhaul,dankpyon.medieval.overhaul,DankPyon_HideoutDryingRack_Big,drying rack (2x2),building,(none),,DankPyon_HideoutDryingRack,,,1.6\Defs\ThingDefs_Buildings\Buildings_Storage_Hideout.xml
66,Medieval Overhaul,dankpyon.medieval.overhaul,DankPyon_HideoutTanningRack,tanning rack,building,(none),,DankPyon_HideoutTanningRack,,,1.6\Defs\ThingDefs_Buildings\Buildings_Storage_Hideout.xml
66,Medieval Overhaul,dankpyon.medieval.overhaul,DankPyon_Hideout_RusticChest,rustic chest,building,(none),,DankPyon_HideOutBuildingBase,,,1.6\Defs\ThingDefs_Buildings\Buildings_Storage_Hideout.xml
66,Medieval Overhaul,dankpyon.medieval.overhaul,DankPyon_Hideout_RoyalChest,royal chest,building,(none),,DankPyon_HideOutBuildingBase,,,1.6\Defs\ThingDefs_Buildings\Buildings_Storage_Hideout.xml
66,Medieval Overhaul,dankpyon.medieval.overhaul,DankPyon_LootableTornNote_Hideout,torn note,building,(none),,DankPyon_HideoutBookBuildingBase,,,1.6\Defs\ThingDefs_Buildings\Buildings_Storage_Hideout.xml
66,Medieval Overhaul,dankpyon.medieval.overhaul,DankPyon_HideoutBook,a strange book,building,(none),700,DankPyon_HideoutBookBuildingBase,,,1.6\Defs\ThingDefs_Buildings\Buildings_Storage_Hideout.xml
66,Medieval Overhaul,dankpyon.medieval.overhaul,DankPyon_HideoutBook_2T,The Ancient Tome of Materialcraft,building,(none),700,DankPyon_HideoutBookBuildingBase,,,1.6\Defs\ThingDefs_Buildings\Buildings_Storage_Hideout.xml
66,Medieval Overhaul,dankpyon.medieval.overhaul,DankPyon_HideoutBook_3T,"The Ancient Tome of War, Defense and delicious Food",building,(none),700,DankPyon_HideoutBookBuildingBase,,,1.6\Defs\ThingDefs_Buildings\Buildings_Storage_Hideout.xml
66,Medieval Overhaul,dankpyon.medieval.overhaul,DankPyon_RusticDoor,rustic door,building,(none),,DoorBase,,,1.6\Defs\ThingDefs_Buildings\Buildings_Structure.xml
66,Medieval Overhaul,dankpyon.medieval.overhaul,DankPyon_LogGate,log gate,building,(none),,DoorBase,,,1.6\Defs\ThingDefs_Buildings\Buildings_Structure.xml
66,Medieval Overhaul,dankpyon.medieval.overhaul,DankPyon_Gate,gate,building,(none),,DoorBase,,,1.6\Defs\ThingDefs_Buildings\Buildings_Structure.xml
66,Medieval Overhaul,dankpyon.medieval.overhaul,DankPyon_ReinfocedLogGate,reinforced log gate,building,(none),,DoorBase,,ComplexFurniture,1.6\Defs\ThingDefs_Buildings\Buildings_Structure.xml
66,Medieval Overhaul,dankpyon.medieval.overhaul,DankPyon_SlabDoor,slab door,building,(none),,DoorBase,,,1.6\Defs\ThingDefs_Buildings\Buildings_Structure.xml
66,Medieval Overhaul,dankpyon.medieval.overhaul,DankPyon_RusticDoor1x2c,rustic door (1x2),building,(none),,DoorBase,,DankPyon_RusticFurniture,1.6\Defs\ThingDefs_Buildings\Buildings_Structure.xml
66,Medieval Overhaul,dankpyon.medieval.overhaul,DankPyon_Gate1x2c,gate (1x2),building,(none),,DoorBase,,DankPyon_RusticFurniture,1.6\Defs\ThingDefs_Buildings\Buildings_Structure.xml
66,Medieval Overhaul,dankpyon.medieval.overhaul,DankPyon_SlabDoor1x2c,slab door (1x2),building,(none),,DoorBase,,DankPyon_RusticFurniture,1.6\Defs\ThingDefs_Buildings\Buildings_Structure.xml
66,Medieval Overhaul,dankpyon.medieval.overhaul,DankPyon_Frame_Log,log gate frame,building,(none),,BuildingBase,,,1.6\Defs\ThingDefs_Buildings\Buildings_Structure.xml
66,Medieval Overhaul,dankpyon.medieval.overhaul,DankPyon_LogWall,log wall,building,(none),,RusticWallBase,,,1.6\Defs\ThingDefs_Buildings\Buildings_Structure.xml
66,Medieval Overhaul,dankpyon.medieval.overhaul,DankPyon_TentWall,tent,building,(none),,RusticWallBase,,,1.6\Defs\ThingDefs_Buildings\Buildings_Structure.xml
66,Medieval Overhaul,dankpyon.medieval.overhaul,DankPyon_Palisade,palisades,building,(none),,RusticWallBase,,,1.6\Defs\ThingDefs_Buildings\Buildings_Structure.xml
66,Medieval Overhaul,dankpyon.medieval.overhaul,DankPyon_EmbPalisade,palisade embrasures,building,(none),,RusticWallBase,,,1.6\Defs\ThingDefs_Buildings\Buildings_Structure.xml
66,Medieval Overhaul,dankpyon.medieval.overhaul,DankPyon_TudorWall,tudor wall,building,(none),,RusticWallBase,,Stonecutting,1.6\Defs\ThingDefs_Buildings\Buildings_Structure.xml
66,Medieval Overhaul,dankpyon.medieval.overhaul,DankPyon_CastleWall,castle wall,building,(none),,RusticWallBase,,Stonecutting,1.6\Defs\ThingDefs_Buildings\Buildings_Structure.xml
66,Medieval Overhaul,dankpyon.medieval.overhaul,DankPyon_CastleWallEmbrasures,castle wall embrasures,building,(none),,DankPyon_CastleWallBase,,Stonecutting,1.6\Defs\ThingDefs_Buildings\Buildings_Structure.xml
66,Medieval Overhaul,dankpyon.medieval.overhaul,DankPyon_CavalrySpike,wooden cavalry spikes,building,(none),,BuildingBase,,,1.6\Defs\ThingDefs_Buildings\Buildings_Structure.xml
66,Medieval Overhaul,dankpyon.medieval.overhaul,DankPyon_Trench,trench,building,(none),,BuildingBase,,,1.6\Defs\ThingDefs_Buildings\Buildings_Structure.xml
66,Medieval Overhaul,dankpyon.medieval.overhaul,DankPyon_RTrench,reinforced trench,building,(none),,BuildingBase,,Stonecutting,1.6\Defs\ThingDefs_Buildings\Buildings_Structure.xml
66,Medieval Overhaul,dankpyon.medieval.overhaul,DankPyon_LogColumn,log column,building,(none),,BuildingBase,,,1.6\Defs\ThingDefs_Buildings\Buildings_Structure.xml
66,Medieval Overhaul,dankpyon.medieval.overhaul,DankPyon_RoyalColumn,royal column,building,(none),,BuildingBase,,,1.6\Defs\ThingDefs_Buildings\Buildings_Structure.xml
66,Medieval Overhaul,dankpyon.medieval.overhaul,DankPyon_IceChest,ice chest,parent:BuildingBase,(none),,BuildingBase,,DankPyon_RusticFurniture,1.6\Defs\ThingDefs_Buildings\Buildings_Temperature.xml
66,Medieval Overhaul,dankpyon.medieval.overhaul,DankPyon_Pyre,large square pyre,building,(none),,BuildingBase,,,1.6\Defs\ThingDefs_Buildings\Buildings_Temperature.xml
66,Medieval Overhaul,dankpyon.medieval.overhaul,DankPyon_PyreRound,large round pyre,building,(none),,DankPyon_PyreBase,,,1.6\Defs\ThingDefs_Buildings\Buildings_Temperature.xml
66,Medieval Overhaul,dankpyon.medieval.overhaul,DankPyon_TableMarket_Meats,table (meat),building,(none),,DankPyon_StorageBase,BuildingsFurniture,DankPyon_RusticStorage,1.6\Defs\ThingDefs_Buildings\Buildings_Tents.xml
66,Medieval Overhaul,dankpyon.medieval.overhaul,DankPyon_TableMarket_Dairy,table (dairy),building,(none),,DankPyon_TableMarket,BuildingsFurniture,DankPyon_RusticStorage,1.6\Defs\ThingDefs_Buildings\Buildings_Tents.xml
66,Medieval Overhaul,dankpyon.medieval.overhaul,DankPyon_TableMarket_Bread,table (bread),building,(none),,DankPyon_TableMarket,BuildingsFurniture,DankPyon_RusticStorage,1.6\Defs\ThingDefs_Buildings\Buildings_Tents.xml
66,Medieval Overhaul,dankpyon.medieval.overhaul,DankPyon_TableMarket_Herb,table (herb),building,(none),,DankPyon_TableMarket,BuildingsFurniture,DankPyon_RusticStorage,1.6\Defs\ThingDefs_Buildings\Buildings_Tents.xml
66,Medieval Overhaul,dankpyon.medieval.overhaul,DankPyon_TableMarket_MeleeWeapons,table (weapons),building,(none),,DankPyon_TableMarket,BuildingsFurniture,DankPyon_RusticStorage,1.6\Defs\ThingDefs_Buildings\Buildings_Tents.xml
66,Medieval Overhaul,dankpyon.medieval.overhaul,DankPyon_TableMarket_Bow,table (bow),building,(none),,DankPyon_TableMarket,BuildingsFurniture,DankPyon_RusticStorage,1.6\Defs\ThingDefs_Buildings\Buildings_Tents.xml
66,Medieval Overhaul,dankpyon.medieval.overhaul,DankPyon_Stall_Empty,empty market stall,building,(none),,DankPyon_TableMarket,BuildingsFurniture,DankPyon_RusticStorage,1.6\Defs\ThingDefs_Buildings\Buildings_Tents.xml
66,Medieval Overhaul,dankpyon.medieval.overhaul,DankPyon_Stall_Meats,market stall (meat),building,(none),,DankPyon_TableMarket,BuildingsFurniture,DankPyon_RusticStorage,1.6\Defs\ThingDefs_Buildings\Buildings_Tents.xml
66,Medieval Overhaul,dankpyon.medieval.overhaul,DankPyon_Stall_Dairy,market stall (dairy),building,(none),,DankPyon_TableMarket,BuildingsFurniture,DankPyon_RusticStorage,1.6\Defs\ThingDefs_Buildings\Buildings_Tents.xml
66,Medieval Overhaul,dankpyon.medieval.overhaul,DankPyon_Stall_Bread,market stall (bread),building,(none),,DankPyon_TableMarket,BuildingsFurniture,DankPyon_RusticStorage,1.6\Defs\ThingDefs_Buildings\Buildings_Tents.xml
66,Medieval Overhaul,dankpyon.medieval.overhaul,DankPyon_Stall_Herb,market stall (herb),building,(none),,DankPyon_TableMarket,BuildingsFurniture,DankPyon_RusticStorage,1.6\Defs\ThingDefs_Buildings\Buildings_Tents.xml
66,Medieval Overhaul,dankpyon.medieval.overhaul,DankPyon_Stall_MeleeWeapons,market stall (weapons),building,(none),,DankPyon_TableMarket,BuildingsFurniture,DankPyon_RusticStorage,1.6\Defs\ThingDefs_Buildings\Buildings_Tents.xml
66,Medieval Overhaul,dankpyon.medieval.overhaul,DankPyon_Stall_Bow,market stall (bow),building,(none),,DankPyon_TableMarket,BuildingsFurniture,DankPyon_RusticStorage,1.6\Defs\ThingDefs_Buildings\Buildings_Tents.xml
66,Medieval Overhaul,dankpyon.medieval.overhaul,DankPyon_MarketTent_1c,tent stall (red),building,(none),,BuildingBase,BuildingsFurniture,DankPyon_RusticFurniture,1.6\Defs\ThingDefs_Buildings\Buildings_Tents.xml
66,Medieval Overhaul,dankpyon.medieval.overhaul,DankPyon_MarketTent_2c,tent stall (blue),building,(none),,DankPyon_MarketTent_Base,BuildingsFurniture,DankPyon_RusticFurniture,1.6\Defs\ThingDefs_Buildings\Buildings_Tents.xml
66,Medieval Overhaul,dankpyon.medieval.overhaul,DankPyon_MarketTent_3c,tent stall (lime),building,(none),,DankPyon_MarketTent_Base,BuildingsFurniture,DankPyon_RusticFurniture,1.6\Defs\ThingDefs_Buildings\Buildings_Tents.xml
66,Medieval Overhaul,dankpyon.medieval.overhaul,DankPyon_MarketTent_4c,tent stall (black white),building,(none),,DankPyon_MarketTent_Base,BuildingsFurniture,DankPyon_RusticFurniture,1.6\Defs\ThingDefs_Buildings\Buildings_Tents.xml
66,Medieval Overhaul,dankpyon.medieval.overhaul,DankPyon_MarketTent_5c,tent stall (black yellow),building,(none),,DankPyon_MarketTent_Base,BuildingsFurniture,DankPyon_RusticFurniture,1.6\Defs\ThingDefs_Buildings\Buildings_Tents.xml
66,Medieval Overhaul,dankpyon.medieval.overhaul,DankPyon_MarketTent_6c,tent stall (white),building,(none),,DankPyon_MarketTent_Base,BuildingsFurniture,DankPyon_RusticFurniture,1.6\Defs\ThingDefs_Buildings\Buildings_Tents.xml
66,Medieval Overhaul,dankpyon.medieval.overhaul,DankPyon_MarketTent_7c,tent stall (plain),building,(none),,DankPyon_MarketTent_Base,BuildingsFurniture,DankPyon_RusticFurniture,1.6\Defs\ThingDefs_Buildings\Buildings_Tents.xml
66,Medieval Overhaul,dankpyon.medieval.overhaul,DankPyon_AncientReliquaryEmpty,ancient reliquary,building,(none),,BuildingBase,BuildingsArt,,1.6\Defs\ThingDefs_Buildings\Buildings_UnderEmpire.xml
66,Medieval Overhaul,dankpyon.medieval.overhaul,DankPyon_AncientReliquary,ancient reliquary,building,(none),,DankPyon_AncientReliquaryBase,BuildingsArt,,1.6\Defs\ThingDefs_Buildings\Buildings_UnderEmpire.xml
66,Medieval Overhaul,dankpyon.medieval.overhaul,DankPyon_Post,post,building,Medieval,,FurnitureWithQualityBase,BuildingsFurniture,DankPyon_IntermediateAgriculture,1.6\Defs\ThingDefs_Buildings\Production\Buildings_Gardening.xml
66,Medieval Overhaul,dankpyon.medieval.overhaul,DankPyon_GardeningBox,gardening box,building,Medieval,,FurnitureWithQualityBase,BuildingsFurniture,DankPyon_BasicAgriculture,1.6\Defs\ThingDefs_Buildings\Production\Buildings_Gardening.xml
66,Medieval Overhaul,dankpyon.medieval.overhaul,DankPyon_CharcoalPile,charcoal pile,parent:BuildingBase,(none),,BuildingBase,,,1.6\Defs\ThingDefs_Buildings\Production\Buildings_Processors.xml
66,Medieval Overhaul,dankpyon.medieval.overhaul,DankPyon_Cauldron,cauldron,building,Medieval,,BuildingBase,,DankPyon_Alchemy,1.6\Defs\ThingDefs_Buildings\Production\Buildings_Processors.xml
66,Medieval Overhaul,dankpyon.medieval.overhaul,DankPyon_DryingRack_Small,drying rack (1x2),parent:BuildingBase,(none),,BuildingBase,,Pemmican,1.6\Defs\ThingDefs_Buildings\Production\Buildings_Processors.xml
66,Medieval Overhaul,dankpyon.medieval.overhaul,DankPyon_DryingRack_Big,drying rack (2x2),parent:BuildingBase,(none),,BuildingBase,,Pemmican,1.6\Defs\ThingDefs_Buildings\Production\Buildings_Processors.xml
66,Medieval Overhaul,dankpyon.medieval.overhaul,DankPyon_RawhideRack,rawhide rack,parent:BuildingBase,Medieval,,BuildingBase,,,1.6\Defs\ThingDefs_Buildings\Production\Buildings_Processors.xml
66,Medieval Overhaul,dankpyon.medieval.overhaul,DankPyon_TanningRack,tanning rack,parent:BuildingBase,Medieval,,BuildingBase,,DankPyon_LeatherTanning,1.6\Defs\ThingDefs_Buildings\Production\Buildings_Processors.xml
66,Medieval Overhaul,dankpyon.medieval.overhaul,DankPyon_Presser,cheese press,building,(none),,BuildingBase,,DankPyon_Presser,1.6\Defs\ThingDefs_Buildings\Production\Buildings_Processors.xml
66,Medieval Overhaul,dankpyon.medieval.overhaul,DankPyon_Press_Paper,paper press,building,(none),,BuildingBase,,DankPyon_Presser,1.6\Defs\ThingDefs_Buildings\Production\Buildings_Processors.xml
66,Medieval Overhaul,dankpyon.medieval.overhaul,DankPyon_Smoker,Smoker,item,(none),,BuildingBase,BuildingsProduction,DankPyon_Smoker;DankPyon_RusticFurniture,1.6\Defs\ThingDefs_Buildings\Production\Buildings_Processors.xml
66,Medieval Overhaul,dankpyon.medieval.overhaul,DankPyon_SilkBed,silk bed,building,(none),,BuildingBase,,DankPyon_Silk,1.6\Defs\ThingDefs_Buildings\Production\Buildings_Processors.xml
66,Medieval Overhaul,dankpyon.medieval.overhaul,DankPyon_Smelter,smelter,parent:BuildingBase,Medieval,,BuildingBase,,DankPyon_Steel,1.6\Defs\ThingDefs_Buildings\Production\Buildings_Processors.xml
66,Medieval Overhaul,dankpyon.medieval.overhaul,DankPyon_Kiln,kiln,parent:BuildingBase,Medieval,,BuildingBase,,Stonecutting,1.6\Defs\ThingDefs_Buildings\Production\Buildings_Processors.xml
66,Medieval Overhaul,dankpyon.medieval.overhaul,DankPyon_WindMill,windmill,building,Medieval,,BuildingBase,,DankPyon_Windmill,1.6\Defs\ThingDefs_Buildings\Production\Buildings_Processors.xml
66,Medieval Overhaul,dankpyon.medieval.overhaul,DankPyon_WaterMill,watermill,building,Medieval,,BuildingBase,,DankPyon_Watermill,1.6\Defs\ThingDefs_Buildings\Production\Buildings_Processors.xml
66,Medieval Overhaul,dankpyon.medieval.overhaul,DankPyon_IceBlock_Maker,ice block mold,parent:BuildingBase,(none),,BuildingBase,,DankPyon_RusticFurniture,1.6\Defs\ThingDefs_Buildings\Production\Buildings_Processors.xml
66,Medieval Overhaul,dankpyon.medieval.overhaul,DankPyon_TanningDrum,tanning drum,parent:BuildingBase,Industrial,,BuildingBase,,DankPyon_LeatherTanning;Electricity,1.6\Defs\ThingDefs_Buildings\Production\Buildings_Processors_Industrial.xml
66,Medieval Overhaul,dankpyon.medieval.overhaul,DankPyon_BlastFurnace,blast furnace,parent:BuildingBase,Industrial,,BuildingBase,,Electricity,1.6\Defs\ThingDefs_Buildings\Production\Buildings_Processors_Industrial.xml
66,Medieval Overhaul,dankpyon.medieval.overhaul,DankPyon_ClothSpinner,cloth spinner,parent:BuildingBase,Industrial,,BuildingBase,,ComplexClothing;Electricity,1.6\Defs\ThingDefs_Buildings\Production\Buildings_Processors_Industrial.xml
66,Medieval Overhaul,dankpyon.medieval.overhaul,DankPyon_StonecuttingSpot,stonecutter's block,building,(none),,BenchBase,BuildingsProduction,,1.6\Defs\ThingDefs_Buildings\Production\Buildings_Production.xml
66,Medieval Overhaul,dankpyon.medieval.overhaul,DankPyon_ButchersBlock,butcher's block,building,Medieval,,BenchBase,BuildingsProduction,,1.6\Defs\ThingDefs_Buildings\Production\Buildings_Production.xml
66,Medieval Overhaul,dankpyon.medieval.overhaul,DankPyon_Well,well,building,(none),,BenchBase,BuildingsProduction,DankPyon_Engineering,1.6\Defs\ThingDefs_Buildings\Production\Buildings_Production.xml
66,Medieval Overhaul,dankpyon.medieval.overhaul,DankPyon_StoneOven,rustic oven,building,Medieval,,DankPyon_1X3WorkbenchBase,BuildingsProduction,DankPyon_Oven;DankPyon_RusticFurniture,1.6\Defs\ThingDefs_Buildings\Production\Buildings_Production.xml
66,Medieval Overhaul,dankpyon.medieval.overhaul,DankPyon_StoneOvenLarge,large oven,building,Medieval,,DankPyon_1X3WorkbenchBase,BuildingsProduction,DankPyon_Oven;Stonecutting,1.6\Defs\ThingDefs_Buildings\Production\Buildings_Production.xml
66,Medieval Overhaul,dankpyon.medieval.overhaul,DankPyon_Grill,grill,building,(none),,BenchBase,BuildingsProduction,DankPyon_Grill,1.6\Defs\ThingDefs_Buildings\Production\Buildings_Production.xml
66,Medieval Overhaul,dankpyon.medieval.overhaul,DankPyon_StewPot,soup pot,building,(none),,BenchBase,BuildingsProduction,DankPyon_StewPot;DankPyon_RusticFurniture,1.6\Defs\ThingDefs_Buildings\Production\Buildings_Production.xml
66,Medieval Overhaul,dankpyon.medieval.overhaul,DankPyon_Millstone,millstone,building,(none),,BenchBase,BuildingsProduction,DankPyon_BasicAgriculture,1.6\Defs\ThingDefs_Buildings\Production\Buildings_Production.xml
66,Medieval Overhaul,dankpyon.medieval.overhaul,DankPyon_Trestle,trestle,building,Medieval,,DankPyon_1X3WorkbenchBase,BuildingsProduction,DankPyon_Lumber,1.6\Defs\ThingDefs_Buildings\Production\Buildings_Production.xml
66,Medieval Overhaul,dankpyon.medieval.overhaul,DankPyon_SawTable,table saw,building,Industrial,,DankPyon_1X3WorkbenchBase,BuildingsProduction,DankPyon_Lumber;Electricity,1.6\Defs\ThingDefs_Buildings\Production\Buildings_Production.xml
66,Medieval Overhaul,dankpyon.medieval.overhaul,DankPyon_Workbench,workbench,building,Medieval,,DankPyon_1X3WorkbenchBase,BuildingsProduction,DankPyon_Lumber,1.6\Defs\ThingDefs_Buildings\Production\Buildings_Production.xml
66,Medieval Overhaul,dankpyon.medieval.overhaul,DankPyon_JewelryBench,jewelry bench,building,Medieval,,DankPyon_1X3WorkbenchBase,BuildingsProduction,DankPyon_Jewelry,1.6\Defs\ThingDefs_Buildings\Production\Buildings_Production.xml
66,Medieval Overhaul,dankpyon.medieval.overhaul,DankPyon_CleaningBench,cleaning bench,building,Medieval,,DankPyon_1X3WorkbenchBase,BuildingsProduction,,1.6\Defs\ThingDefs_Buildings\Production\Buildings_Production.xml
66,Medieval Overhaul,dankpyon.medieval.overhaul,DankPyon_AlchemyBench,alchemy workbench,building,Medieval,,BenchBase,BuildingsProduction,DankPyon_Alchemy,1.6\Defs\ThingDefs_Buildings\Production\Buildings_Production.xml
66,Medieval Overhaul,dankpyon.medieval.overhaul,DankPyon_Book_ScribeTable,book scribe table,building,Medieval,,DankPyon_1X3WorkbenchBase,BuildingsProduction,,1.6\Defs\ThingDefs_Buildings\Production\Buildings_Production.xml
66,Medieval Overhaul,dankpyon.medieval.overhaul,DankPyon_AdvancedResearchBench,advanced research bench,building,Medieval,,BenchBase,BuildingsProduction,DankPyon_Engineering;DankPyon_Alchemy,1.6\Defs\ThingDefs_Buildings\Production\Buildings_Production.xml
66,Medieval Overhaul,dankpyon.medieval.overhaul,DankPyon_SpinningWheel,spinning wheel,building,Medieval,,BenchBase,BuildingsProduction,DankPyon_TextileSpinning,1.6\Defs\ThingDefs_Buildings\Production\Buildings_Production.xml
66,Medieval Overhaul,dankpyon.medieval.overhaul,DankPyon_Furnace,furnace,building,Medieval,,BenchBase,BuildingsProduction,Smithing,1.6\Defs\ThingDefs_Buildings\Production\Buildings_Production.xml
66,Medieval Overhaul,dankpyon.medieval.overhaul,DankPyon_Anvil,anvil,building,Medieval,,BenchBase,BuildingsProduction,Smithing,1.6\Defs\ThingDefs_Buildings\Production\Buildings_Production.xml
66,Medieval Overhaul,dankpyon.medieval.overhaul,DankPyon_MineShaft,mine shaft,building,Medieval,,BuildingBase,,DankPyon_Mining,1.6\Defs\ThingDefs_Buildings\Production\Buildings_Production.xml
66,Medieval Overhaul,dankpyon.medieval.overhaul,DankPyon_Apiary,apiary,parent:BuildingBase,Medieval,,BuildingBase,,DankPyon_RusticFurniture,1.6\Defs\ThingDefs_Buildings\Production\Buildings_Production.xml
66,Medieval Overhaul,dankpyon.medieval.overhaul,DankPyon_SlopPot,slop pot,building,Medieval,,BuildingBase,,DankPyon_StewPot;Smithing,1.6\Defs\ThingDefs_Buildings\Production\Buildings_Production.xml
66,Medieval Overhaul,dankpyon.medieval.overhaul,DankPyon_SlopPot_Stew,ragout pot,building,Medieval,,BuildingBase,,DankPyon_StewPot;Smithing,1.6\Defs\ThingDefs_Buildings\Production\Buildings_Production.xml
66,Medieval Overhaul,dankpyon.medieval.overhaul,DankPyon_SlopPot_Fondue,fondue pot,building,Medieval,,BuildingBase,,DankPyon_StewPot;Smithing,1.6\Defs\ThingDefs_Buildings\Production\Buildings_Production.xml
66,Medieval Overhaul,dankpyon.medieval.overhaul,DankPyon_MendingBench,mending bench,building,Medieval,,DankPyon_1X3WorkbenchBase,BuildingsProduction,DankPyon_RusticFurniture,1.6\Defs\ThingDefs_Buildings\Production\Buildings_Production.xml
66,Medieval Overhaul,dankpyon.medieval.overhaul,DankPyon_MiningSpot,mining spot,building,(none),,BuildingBase,,,1.6\Defs\ThingDefs_Buildings\Production\Buildings_Spots.xml
66,Medieval Overhaul,dankpyon.medieval.overhaul,DankPyon_DiggingSpot,digging spot,building,(none),,BuildingBase,,,1.6\Defs\ThingDefs_Buildings\Production\Buildings_Spots.xml
66,Medieval Overhaul,dankpyon.medieval.overhaul,DankPyon_ResearchingSpot,researching spot,building,(none),,BuildingBase,,,1.6\Defs\ThingDefs_Buildings\Production\Buildings_Spots.xml
66,Medieval Overhaul,dankpyon.medieval.overhaul,DankPyon_WaterSpot,water gathering spot,building,(none),,BuildingBase,,,1.6\Defs\ThingDefs_Buildings\Production\Buildings_Spots.xml
66,Medieval Overhaul,dankpyon.medieval.overhaul,DankPyon_RoxHorn,Rox Horn,item,Neolithic,100,ResourceVerbBase,Items,,1.6\Defs\ThingDefs_Items\Items_Exotic.xml
66,Medieval Overhaul,dankpyon.medieval.overhaul,DankPyon_DaerAntler,daer antler,item,Neolithic,1200,ResourceVerbBase,Items,,1.6\Defs\ThingDefs_Items\Items_Exotic.xml
66,Medieval Overhaul,dankpyon.medieval.overhaul,DankPyon_DireBoarTusk,dire boar tusk,item,Neolithic,80,ResourceVerbBase,Items,,1.6\Defs\ThingDefs_Items\Items_Exotic.xml
66,Medieval Overhaul,dankpyon.medieval.overhaul,DankPyon_MealRations,packaged rations,food/drug,(none),24,DankPyon_RationsBase,FoodMeals,,1.6\Defs\ThingDefs_Items\Items_Food.xml
66,Medieval Overhaul,dankpyon.medieval.overhaul,DankPyon_MealRationsVegetarian,packaged macci,food/drug,(none),24,DankPyon_RationsBase,FoodMeals,,1.6\Defs\ThingDefs_Items\Items_Food.xml
66,Medieval Overhaul,dankpyon.medieval.overhaul,DankPyon_DriedMeat,dried Meat,food/drug,(none),1.9,OrganicProductBase,MeatRaw,,1.6\Defs\ThingDefs_Items\Items_Food.xml
66,Medieval Overhaul,dankpyon.medieval.overhaul,DankPyon_DriedMeat_Human,dried Human Meat,food/drug,(none),1.9,OrganicProductBase,MeatRaw,,1.6\Defs\ThingDefs_Items\Items_Food.xml
66,Medieval Overhaul,dankpyon.medieval.overhaul,DankPyon_DriedMeat_Insect,dried Insect Meat,food/drug,(none),1.9,OrganicProductBase,MeatRaw,,1.6\Defs\ThingDefs_Items\Items_Food.xml
66,Medieval Overhaul,dankpyon.medieval.overhaul,DankPyon_SmokedMeat,smoked meat,food/drug,(none),15,MealBaseIngredientless,FoodMeals,,1.6\Defs\ThingDefs_Items\Items_Food.xml
66,Medieval Overhaul,dankpyon.medieval.overhaul,DankPyon_SmokedMeat_Human,smoked human meat,food/drug,(none),15,MealBaseIngredientless,FoodMeals,,1.6\Defs\ThingDefs_Items\Items_Food.xml
66,Medieval Overhaul,dankpyon.medieval.overhaul,DankPyon_SmokedMeat_Insect,smoked insect meat,food/drug,(none),15,MealBaseIngredientless,FoodMeals,,1.6\Defs\ThingDefs_Items\Items_Food.xml
66,Medieval Overhaul,dankpyon.medieval.overhaul,DankPyon_GoatMilk,goat milk,food/drug,(none),1.9,OrganicProductBase,DankPyon_Milk,,1.6\Defs\ThingDefs_Items\Items_Food.xml
66,Medieval Overhaul,dankpyon.medieval.overhaul,DankPyon_SheepMilk,sheep milk,food/drug,(none),1.9,DankPyon_MilkBase,DankPyon_Milk,,1.6\Defs\ThingDefs_Items\Items_Food.xml
66,Medieval Overhaul,dankpyon.medieval.overhaul,DankPyon_MealCheese,cheese,food/drug,(none),10,DankPyon_CheeseBase,DankPyon_Cheese,DankPyon_Presser,1.6\Defs\ThingDefs_Items\Items_Food.xml
66,Medieval Overhaul,dankpyon.medieval.overhaul,DankPyon_MealGoatCheese,goat cheese,food/drug,(none),10,DankPyon_CheeseBase,DankPyon_Cheese,DankPyon_Presser,1.6\Defs\ThingDefs_Items\Items_Food.xml
66,Medieval Overhaul,dankpyon.medieval.overhaul,DankPyon_MealSheepCheese,sheep cheese,food/drug,(none),10,DankPyon_CheeseBase,DankPyon_Cheese,DankPyon_Presser,1.6\Defs\ThingDefs_Items\Items_Food.xml
66,Medieval Overhaul,dankpyon.medieval.overhaul,DankPyon_MealRoxSteak,rox steak,food/drug,(none),75,MealCooked,FoodMeals,,1.6\Defs\ThingDefs_Items\Items_Food.xml
66,Medieval Overhaul,dankpyon.medieval.overhaul,DankPyon_MealGriffonBerryPie,griffon berry pie,food/drug,(none),75,MealCooked,FoodMeals,,1.6\Defs\ThingDefs_Items\Items_Food.xml
66,Medieval Overhaul,dankpyon.medieval.overhaul,DankPyon_MealSteakWithWine,steak with wine,food/drug,(none),55,MealCooked,FoodMeals,,1.6\Defs\ThingDefs_Items\Items_Food.xml
66,Medieval Overhaul,dankpyon.medieval.overhaul,DankPyon_MealCheeseSoup,cheese soup,food/drug,(none),52,MealCooked,FoodMeals,,1.6\Defs\ThingDefs_Items\Items_Food.xml
66,Medieval Overhaul,dankpyon.medieval.overhaul,DankPyon_MealBreadSoup,bread soup,food/drug,(none),20,MealCooked,FoodMeals,,1.6\Defs\ThingDefs_Items\Items_Food.xml
66,Medieval Overhaul,dankpyon.medieval.overhaul,DankPyon_MealApplePie,apple pie,food/drug,(none),24,MealCooked,FoodMeals,,1.6\Defs\ThingDefs_Items\Items_Food.xml
66,Medieval Overhaul,dankpyon.medieval.overhaul,DankPyon_MealHuntersStew,hunter's stew,food/drug,(none),22,MealCooked,FoodMeals,,1.6\Defs\ThingDefs_Items\Items_Food.xml
66,Medieval Overhaul,dankpyon.medieval.overhaul,DankPyon_MealGrilledCheese,grilled cheese,food/drug,(none),20,MealCooked,FoodMeals,,1.6\Defs\ThingDefs_Items\Items_Food.xml
66,Medieval Overhaul,dankpyon.medieval.overhaul,DankPyon_MealGrilledSausages,grilled Sausages,food/drug,(none),15,MealFineBase,FoodMeals,,1.6\Defs\ThingDefs_Items\Items_Food.xml
66,Medieval Overhaul,dankpyon.medieval.overhaul,DankPyon_MealQuiche,quiche,food/drug,(none),23,MealCooked,FoodMeals,,1.6\Defs\ThingDefs_Items\Items_Food.xml
66,Medieval Overhaul,dankpyon.medieval.overhaul,DankPyon_MealSweetPancakes,sweet pancakes,food/drug,(none),22,MealCooked,FoodMeals,,1.6\Defs\ThingDefs_Items\Items_Food.xml
66,Medieval Overhaul,dankpyon.medieval.overhaul,DankPyon_MealPumpkinPie,pumpking pie,food/drug,(none),21,MealCooked,FoodMeals,,1.6\Defs\ThingDefs_Items\Items_Food.xml
66,Medieval Overhaul,dankpyon.medieval.overhaul,DankPyon_MealPumpkinSoup,pumpkin soup,food/drug,(none),21,MealCooked,FoodMeals,,1.6\Defs\ThingDefs_Items\Items_Food.xml
66,Medieval Overhaul,dankpyon.medieval.overhaul,DankPyon_MealTomatoOmelette,tomato omelette,food/drug,(none),20,MealCooked,FoodMeals,,1.6\Defs\ThingDefs_Items\Items_Food.xml
66,Medieval Overhaul,dankpyon.medieval.overhaul,DankPyon_MealBoneSoup,bone soup,food/drug,(none),5,MealCooked,FoodMeals,,1.6\Defs\ThingDefs_Items\Items_Food.xml
66,Medieval Overhaul,dankpyon.medieval.overhaul,DankPyon_MealBread,bread,food/drug,(none),9,MealCooked,FoodMeals,,1.6\Defs\ThingDefs_Items\Items_Food.xml
66,Medieval Overhaul,dankpyon.medieval.overhaul,DankPyon_MealFriedEggs,fried Eggs,food/drug,(none),15,MealCooked,FoodMeals,,1.6\Defs\ThingDefs_Items\Items_Food.xml
66,Medieval Overhaul,dankpyon.medieval.overhaul,DankPyon_MealMashedPotatoes,mashed potatoes,food/drug,(none),17,MealCooked,FoodMeals,,1.6\Defs\ThingDefs_Items\Items_Food.xml
66,Medieval Overhaul,dankpyon.medieval.overhaul,DankPyon_MealMushroomSoup,mushroom soup,food/drug,(none),15,MealCooked,FoodMeals,,1.6\Defs\ThingDefs_Items\Items_Food.xml
66,Medieval Overhaul,dankpyon.medieval.overhaul,DankPyon_MealVegetablePot,vegetable pot,food/drug,(none),15,MealCooked,FoodMeals,,1.6\Defs\ThingDefs_Items\Items_Food.xml
66,Medieval Overhaul,dankpyon.medieval.overhaul,DankPyon_MealPumpkinFritters,pumpkin fritters,food/drug,(none),15,MealCooked,FoodMeals,,1.6\Defs\ThingDefs_Items\Items_Food.xml
66,Medieval Overhaul,dankpyon.medieval.overhaul,DankPyon_MealGrilledSkewers,grilled skewers,food/drug,(none),21,MealCooked,FoodMeals,,1.6\Defs\ThingDefs_Items\Items_Food.xml
66,Medieval Overhaul,dankpyon.medieval.overhaul,DankPyon_MealBoiledBeansAndOnion,boiled beans and onion,food/drug,(none),15,MealCooked,FoodMeals,,1.6\Defs\ThingDefs_Items\Items_Food.xml
66,Medieval Overhaul,dankpyon.medieval.overhaul,DankPyon_MealWinterLentilSoup,winter lentil soup,food/drug,(none),15,MealCooked,FoodMeals,,1.6\Defs\ThingDefs_Items\Items_Food.xml
66,Medieval Overhaul,dankpyon.medieval.overhaul,DankPyon_Slop,slop,food/drug,(none),10,MealBase,FoodMeals,,1.6\Defs\ThingDefs_Items\Items_Food.xml
66,Medieval Overhaul,dankpyon.medieval.overhaul,DankPyon_Slop_Simple,stew,food/drug,(none),15,MealBase,FoodMeals,,1.6\Defs\ThingDefs_Items\Items_Food.xml
66,Medieval Overhaul,dankpyon.medieval.overhaul,DankPyon_Slop_Fine,cheese fondue,food/drug,(none),15,MealBase,FoodMeals,,1.6\Defs\ThingDefs_Items\Items_Food.xml
66,Medieval Overhaul,dankpyon.medieval.overhaul,DankPyon_MealCarrotCake,carrot cake,food/drug,(none),21,MealCooked,FoodMeals,,1.6\Defs\ThingDefs_Items\Items_Food.xml
66,Medieval Overhaul,dankpyon.medieval.overhaul,DankPyon_MealLemonCake,lemon cake,food/drug,(none),21,MealCooked,FoodMeals,,1.6\Defs\ThingDefs_Items\Items_Food.xml
66,Medieval Overhaul,dankpyon.medieval.overhaul,DankPyon_BrokenWeapons,broken weapons,item,(none),,DankPyon_LootBase,DankPyon_Loot,,1.6\Defs\ThingDefs_Items\Items_Loot.xml
66,Medieval Overhaul,dankpyon.medieval.overhaul,DankPyon_Book,ruined book,item,(none),50,DankPyon_LootBase,DankPyon_Loot,,1.6\Defs\ThingDefs_Items\Items_Loot.xml
66,Medieval Overhaul,dankpyon.medieval.overhaul,DankPyon_TornNote_Song1c,artist's legacy,item,(none),,DankPyon_LootBase,DankPyon_Loot,,1.6\Defs\ThingDefs_Items\Items_Loot.xml
66,Medieval Overhaul,dankpyon.medieval.overhaul,DankPyon_ChaliceSilver,dirty silver chalice,item,(none),150,DankPyon_LootBase,DankPyon_Loot,,1.6\Defs\ThingDefs_Items\Items_Loot.xml
66,Medieval Overhaul,dankpyon.medieval.overhaul,DankPyon_ChaliceGold,dirty golden chalice,item,(none),150,DankPyon_LootBase,DankPyon_Loot,,1.6\Defs\ThingDefs_Items\Items_Loot.xml
66,Medieval Overhaul,dankpyon.medieval.overhaul,DankPyon_BowlSilver,dirty silver bowl,item,(none),150,DankPyon_LootBase,DankPyon_Loot,,1.6\Defs\ThingDefs_Items\Items_Loot.xml
66,Medieval Overhaul,dankpyon.medieval.overhaul,DankPyon_BowlGold,dirty golden bowl,item,(none),150,DankPyon_LootBase,DankPyon_Loot,,1.6\Defs\ThingDefs_Items\Items_Loot.xml
66,Medieval Overhaul,dankpyon.medieval.overhaul,DankPyon_SkullGold,dirty gold skull,item,(none),110,DankPyon_LootBase,DankPyon_Loot,,1.6\Defs\ThingDefs_Items\Items_Loot.xml
66,Medieval Overhaul,dankpyon.medieval.overhaul,DankPyon_SkullEmerald,dirty emerald skull,item,(none),120,DankPyon_SkullBase,DankPyon_Loot,,1.6\Defs\ThingDefs_Items\Items_Loot.xml
66,Medieval Overhaul,dankpyon.medieval.overhaul,DankPyon_SkullSapphire,dirty sapphire skull,item,(none),124,DankPyon_SkullBase,DankPyon_Loot,,1.6\Defs\ThingDefs_Items\Items_Loot.xml
66,Medieval Overhaul,dankpyon.medieval.overhaul,DankPyon_SkullRuby,dirty ruby skull,item,(none),144,DankPyon_SkullBase,DankPyon_Loot,,1.6\Defs\ThingDefs_Items\Items_Loot.xml
66,Medieval Overhaul,dankpyon.medieval.overhaul,DankPyon_DiceGold,golden dice,item,(none),,DankPyon_LootBase,DankPyon_Loot,,1.6\Defs\ThingDefs_Items\Items_Loot.xml
66,Medieval Overhaul,dankpyon.medieval.overhaul,DankPyon_DiceEmerald,emerald dice,item,(none),,DankPyon_DiceBase,DankPyon_Loot,,1.6\Defs\ThingDefs_Items\Items_Loot.xml
66,Medieval Overhaul,dankpyon.medieval.overhaul,DankPyon_DiceSapphire,sapphire dice,item,(none),,DankPyon_DiceBase,DankPyon_Loot,,1.6\Defs\ThingDefs_Items\Items_Loot.xml
66,Medieval Overhaul,dankpyon.medieval.overhaul,DankPyon_DiceRuby,ruby dice,item,(none),,DankPyon_DiceBase,DankPyon_Loot,,1.6\Defs\ThingDefs_Items\Items_Loot.xml
66,Medieval Overhaul,dankpyon.medieval.overhaul,DankPyon_Treatise_Shooting,treatise (shooting),item,Medieval,1200,DankPyon_TreatiseBase,DankPyon_Treatise,,1.6\Defs\ThingDefs_Items\Items_Loot.xml
66,Medieval Overhaul,dankpyon.medieval.overhaul,DankPyon_Treatise_Melee,treatise (melee),item,Medieval,1200,DankPyon_TreatiseBase,DankPyon_Treatise,,1.6\Defs\ThingDefs_Items\Items_Loot.xml
66,Medieval Overhaul,dankpyon.medieval.overhaul,DankPyon_Treatise_Construction,treatise (construction),item,Medieval,1200,DankPyon_TreatiseBase,DankPyon_Treatise,,1.6\Defs\ThingDefs_Items\Items_Loot.xml
66,Medieval Overhaul,dankpyon.medieval.overhaul,DankPyon_Treatise_Mining,treatise (mining),item,Medieval,1200,DankPyon_TreatiseBase,DankPyon_Treatise,,1.6\Defs\ThingDefs_Items\Items_Loot.xml
66,Medieval Overhaul,dankpyon.medieval.overhaul,DankPyon_Treatise_Cooking,treatise (cooking),item,Medieval,1200,DankPyon_TreatiseBase,DankPyon_Treatise,,1.6\Defs\ThingDefs_Items\Items_Loot.xml
66,Medieval Overhaul,dankpyon.medieval.overhaul,DankPyon_Treatise_Plants,treatise (plants),item,Medieval,1200,DankPyon_TreatiseBase,DankPyon_Treatise,,1.6\Defs\ThingDefs_Items\Items_Loot.xml
66,Medieval Overhaul,dankpyon.medieval.overhaul,DankPyon_Treatise_Animals,treatise (animals),item,Medieval,1200,DankPyon_TreatiseBase,DankPyon_Treatise,,1.6\Defs\ThingDefs_Items\Items_Loot.xml
66,Medieval Overhaul,dankpyon.medieval.overhaul,DankPyon_Treatise_Crafting,treatise (crafting),item,Medieval,1200,DankPyon_TreatiseBase,DankPyon_Treatise,,1.6\Defs\ThingDefs_Items\Items_Loot.xml
66,Medieval Overhaul,dankpyon.medieval.overhaul,DankPyon_Treatise_Artistic,treatise (artistic),item,Medieval,1200,DankPyon_TreatiseBase,DankPyon_Treatise,,1.6\Defs\ThingDefs_Items\Items_Loot.xml
66,Medieval Overhaul,dankpyon.medieval.overhaul,DankPyon_Treatise_Medicine,treatise (medicine),item,Medieval,1200,DankPyon_TreatiseBase,DankPyon_Treatise,,1.6\Defs\ThingDefs_Items\Items_Loot.xml
66,Medieval Overhaul,dankpyon.medieval.overhaul,DankPyon_Treatise_Social,treatise (social),item,Medieval,1200,DankPyon_TreatiseBase,DankPyon_Treatise,,1.6\Defs\ThingDefs_Items\Items_Loot.xml
66,Medieval Overhaul,dankpyon.medieval.overhaul,DankPyon_Treatise_Intellectual,treatise (intellectual),item,Medieval,1200,DankPyon_TreatiseBase,DankPyon_Treatise,,1.6\Defs\ThingDefs_Items\Items_Loot.xml
66,Medieval Overhaul,dankpyon.medieval.overhaul,DankPyon_TornNote_Hideout,torn note,item,(none),150,DankPyon_LootBase,DankPyon_Loot,,1.6\Defs\ThingDefs_Items\Items_Loot.xml
66,Medieval Overhaul,dankpyon.medieval.overhaul,DankPyon_Mindwort,mindwort,item,Neolithic,10,MedicineBase,Medicine,,1.6\Defs\ThingDefs_Items\Items_Resource_Alchemy.xml
66,Medieval Overhaul,dankpyon.medieval.overhaul,DankPyon_Poppy,poppy,item,Neolithic,10,MedicineBase,Medicine,,1.6\Defs\ThingDefs_Items\Items_Resource_Alchemy.xml
66,Medieval Overhaul,dankpyon.medieval.overhaul,DankPyon_Fleawort,fleawort,item,Neolithic,10,MedicineBase,Medicine,,1.6\Defs\ThingDefs_Items\Items_Resource_Alchemy.xml
66,Medieval Overhaul,dankpyon.medieval.overhaul,DankPyon_FlyAgaric,fly agaric,item,Neolithic,10,MedicineBase,Medicine,,1.6\Defs\ThingDefs_Items\Items_Resource_Alchemy.xml
66,Medieval Overhaul,dankpyon.medieval.overhaul,DankPyon_Cobra_EggUnfertilized,giant cobra egg (unfert.),food/drug,(none),7.0,EggUnfertBase,EggsUnfertilized,,1.6\Defs\ThingDefs_Items\Items_Resource_AnimalProduct.xml
66,Medieval Overhaul,dankpyon.medieval.overhaul,DankPyon_EggLargeForestCobraFertilized,large forest cobra egg (fert.),food/drug,(none),30.0,EggFertBase,EggsFertilized,,1.6\Defs\ThingDefs_Items\Items_Resource_AnimalProduct.xml
66,Medieval Overhaul,dankpyon.medieval.overhaul,DankPyon_EggLargeCobraCaveFertilized,large cave cobra egg (fert.),food/drug,(none),30.0,EggFertBase,EggsFertilized,,1.6\Defs\ThingDefs_Items\Items_Resource_AnimalProduct.xml
66,Medieval Overhaul,dankpyon.medieval.overhaul,DankPyon_Constrictor_EggUnfertilized,giant constrictor egg (unfert.),food/drug,(none),7.0,EggUnfertBase,EggsUnfertilized,,1.6\Defs\ThingDefs_Items\Items_Resource_AnimalProduct.xml
66,Medieval Overhaul,dankpyon.medieval.overhaul,DankPyon_EggConstrictorForestFertilized,giant forest constrictor egg (fert.),food/drug,(none),1000.0,EggFertBase,EggsFertilized,,1.6\Defs\ThingDefs_Items\Items_Resource_AnimalProduct.xml
66,Medieval Overhaul,dankpyon.medieval.overhaul,DankPyon_EggConstrictorCaveFertilized,giant cave constrictor egg (fert.),food/drug,(none),1000.0,EggFertBase,EggsFertilized,,1.6\Defs\ThingDefs_Items\Items_Resource_AnimalProduct.xml
66,Medieval Overhaul,dankpyon.medieval.overhaul,DankPyon_Lindwurm_EggUnfertilized,giant lindwurm egg (unfert.),food/drug,(none),7.0,EggUnfertBase,EggsUnfertilized,,1.6\Defs\ThingDefs_Items\Items_Resource_AnimalProduct.xml
66,Medieval Overhaul,dankpyon.medieval.overhaul,DankPyon_EggLindwurmForestFertilized,giant forest lindwurm egg (fert.),food/drug,(none),1500.0,EggFertBase,EggsFertilized,,1.6\Defs\ThingDefs_Items\Items_Resource_AnimalProduct.xml
66,Medieval Overhaul,dankpyon.medieval.overhaul,DankPyon_EggLindwurmCaveFertilized,giant cave lindwurm egg (fert.),food/drug,(none),1500.0,EggFertBase,EggsFertilized,,1.6\Defs\ThingDefs_Items\Items_Resource_AnimalProduct.xml
66,Medieval Overhaul,dankpyon.medieval.overhaul,DankPyon_Webknecht_EggUnfertilized,webknecht egg (unfert.),food/drug,(none),7.0,EggUnfertBase,EggsUnfertilized,,1.6\Defs\ThingDefs_Items\Items_Resource_AnimalProduct.xml
66,Medieval Overhaul,dankpyon.medieval.overhaul,DankPyon_Webknecht_EggFertilized,webknecht egg (fert.),food/drug,(none),45.0,EggFertBase,EggsFertilized,,1.6\Defs\ThingDefs_Items\Items_Resource_AnimalProduct.xml
66,Medieval Overhaul,dankpyon.medieval.overhaul,DankPyon_Griffon_EggUnfertilized,griffon egg (unfert.),food/drug,(none),7.0,EggUnfertBase,EggsUnfertilized,,1.6\Defs\ThingDefs_Items\Items_Resource_AnimalProduct.xml
66,Medieval Overhaul,dankpyon.medieval.overhaul,DankPyon_Griffon_EggFertilized,griffon egg (fert.),food/drug,(none),500.0,EggFertBase,EggsFertilized,,1.6\Defs\ThingDefs_Items\Items_Resource_AnimalProduct.xml
66,Medieval Overhaul,dankpyon.medieval.overhaul,DankPyon_HornetJelly,hornet jelly,food/drug,(none),8.0,OrganicProductBase,AnimalProductRaw,,1.6\Defs\ThingDefs_Items\Items_Resource_AnimalProduct.xml
66,Medieval Overhaul,dankpyon.medieval.overhaul,DankPyon_Leather_Rawhide,rawhide,item,(none),1.1,LeatherBase,Leathers,,1.6\Defs\ThingDefs_Items\Items_Resource_Hides.xml
66,Medieval Overhaul,dankpyon.medieval.overhaul,DankPyon_Fat,fat,food/drug,(none),1,OrganicProductBase,AnimalProductRaw,,1.6\Defs\ThingDefs_Items\Items_Resource_Ingredients.xml
66,Medieval Overhaul,dankpyon.medieval.overhaul,DankPyon_Tallow,tallow,food/drug,(none),1.5,RoughPlantBase,Foods,,1.6\Defs\ThingDefs_Items\Items_Resource_Ingredients.xml
66,Medieval Overhaul,dankpyon.medieval.overhaul,DankPyon_Flour,flour,food/drug,(none),1.5,RoughPlantBase,DankPyon_Flour,,1.6\Defs\ThingDefs_Items\Items_Resource_Ingredients.xml
66,Medieval Overhaul,dankpyon.medieval.overhaul,DankPyon_Straw,Straw,food/drug,(none),0.7,RoughPlantBase,Foods,,1.6\Defs\ThingDefs_Items\Items_Resource_Ingredients.xml
66,Medieval Overhaul,dankpyon.medieval.overhaul,DankPyon_Salt,Salt,food/drug,(none),1,RoughPlantBase,DankPyon_Condiments,,1.6\Defs\ThingDefs_Items\Items_Resource_Ingredients.xml
66,Medieval Overhaul,dankpyon.medieval.overhaul,DankPyon_Sugar,sugar,food/drug,(none),2.2,RoughPlantBase,DankPyon_Condiments,,1.6\Defs\ThingDefs_Items\Items_Resource_Ingredients.xml
66,Medieval Overhaul,dankpyon.medieval.overhaul,DankPyon_Spices,spices,food/drug,(none),2.5,RoughPlantBase,DankPyon_Condiments,,1.6\Defs\ThingDefs_Items\Items_Resource_Ingredients.xml
66,Medieval Overhaul,dankpyon.medieval.overhaul,DankPyon_Sausages,Raw sausage,food/drug,(none),10,MealFineBase,Foods,,1.6\Defs\ThingDefs_Items\Items_Resource_Ingredients.xml
66,Medieval Overhaul,dankpyon.medieval.overhaul,DankPyon_ComponentBasic,basic component,item,(none),15,ResourceBase,Manufactured,,1.6\Defs\ThingDefs_Items\Items_Resource_Manufactured.xml
66,Medieval Overhaul,dankpyon.medieval.overhaul,DankPyon_RepairTools,repair tools,item,(none),15,ResourceBase,Manufactured,,1.6\Defs\ThingDefs_Items\Items_Resource_Manufactured.xml
66,Medieval Overhaul,dankpyon.medieval.overhaul,DankPyon_Paper,paper,item,(none),2,ResourceBase,Manufactured,,1.6\Defs\ThingDefs_Items\Items_Resource_Manufactured.xml
66,Medieval Overhaul,dankpyon.medieval.overhaul,DankPyon_TanningLiquor,tanning liquor,item,(none),2.2,ResourceBase,Manufactured,,1.6\Defs\ThingDefs_Items\Items_Resource_Manufactured.xml
66,Medieval Overhaul,dankpyon.medieval.overhaul,DankPyon_Mixture_Paper,paper mixture,item,(none),2,ResourceBase,Manufactured,,1.6\Defs\ThingDefs_Items\Items_Resource_Manufactured.xml
66,Medieval Overhaul,dankpyon.medieval.overhaul,DankPyon_Tar,tar,item,(none),0.9,ResourceBase,Manufactured,,1.6\Defs\ThingDefs_Items\Items_Resource_Manufactured.xml
66,Medieval Overhaul,dankpyon.medieval.overhaul,DankPyon_Gunpowder,gunpowder,item,(none),0.9,ResourceBase,Manufactured,,1.6\Defs\ThingDefs_Items\Items_Resource_Manufactured.xml
66,Medieval Overhaul,dankpyon.medieval.overhaul,DankPyon_ScorpioBolt,scorpio bolts,item,Medieval,3,MakeableShellBase,Manufactured,DankPyon_Ballista,1.6\Defs\ThingDefs_Items\Items_Resource_Manufactured.xml
66,Medieval Overhaul,dankpyon.medieval.overhaul,DankPyon_BallistaBolt,ballista bolts,item,Medieval,5,MakeableShellBase,Manufactured,DankPyon_Ballista,1.6\Defs\ThingDefs_Items\Items_Resource_Manufactured.xml
66,Medieval Overhaul,dankpyon.medieval.overhaul,DankPyon_StoneBoulder,stone boulder,item,Medieval,20,ResourceBase,DankPyon_TrebuchetAmmo,,1.6\Defs\ThingDefs_Items\Items_Resource_Manufactured.xml
66,Medieval Overhaul,dankpyon.medieval.overhaul,DankPyon_Artillery_Boulder,stone boulder,projectile,(none),,BaseBullet,,,1.6\Defs\ThingDefs_Items\Items_Resource_Manufactured.xml
66,Medieval Overhaul,dankpyon.medieval.overhaul,DankPyon_StoneBoulderTarred,tarred stone boulder,item,Medieval,20,ResourceBase,DankPyon_TrebuchetAmmo,,1.6\Defs\ThingDefs_Items\Items_Resource_Manufactured.xml
66,Medieval Overhaul,dankpyon.medieval.overhaul,DankPyon_Artillery_BoulderTarred,tarred boulder,projectile,(none),,BaseBullet,,,1.6\Defs\ThingDefs_Items\Items_Resource_Manufactured.xml
66,Medieval Overhaul,dankpyon.medieval.overhaul,DankPyon_HerbalExtract,herbal extract,item,Neolithic,,MedicineBase,Medicine,,1.6\Defs\ThingDefs_Items\Items_Resource_Manufactured.xml
66,Medieval Overhaul,dankpyon.medieval.overhaul,DankPyon_SchratHeart,heart of the forest,item,(none),810,DankPyon_AlchemyIngredientsBase,DankPyon_AlchemyIngredients,,1.6\Defs\ThingDefs_Items\Items_Resource_MonsterCrafting.xml
66,Medieval Overhaul,dankpyon.medieval.overhaul,DankPyon_AncientWood,ancient wood,item,(none),725,DankPyon_AlchemyIngredientsBase,DankPyon_AlchemyIngredients,,1.6\Defs\ThingDefs_Items\Items_Resource_MonsterCrafting.xml
66,Medieval Overhaul,dankpyon.medieval.overhaul,DankPyon_GlowingResin,glowing resin,item,(none),625,DankPyon_AlchemyIngredientsBase,DankPyon_AlchemyIngredients,,1.6\Defs\ThingDefs_Items\Items_Resource_MonsterCrafting.xml
66,Medieval Overhaul,dankpyon.medieval.overhaul,DankPyon_UnholdBones,giant bones,item,(none),280,DankPyon_AlchemyIngredientsBase,DankPyon_AlchemyIngredients,,1.6\Defs\ThingDefs_Items\Items_Resource_MonsterCrafting.xml
66,Medieval Overhaul,dankpyon.medieval.overhaul,DankPyon_ThickUnholdFur,thick unhold fur,item,(none),375,DankPyon_AlchemyIngredientsBase,DankPyon_AlchemyIngredients,,1.6\Defs\ThingDefs_Items\Items_Resource_MonsterCrafting.xml
66,Medieval Overhaul,dankpyon.medieval.overhaul,DankPyon_UnholdHide,unhold hide,item,(none),250,DankPyon_AlchemyIngredientsBase,DankPyon_AlchemyIngredients,,1.6\Defs\ThingDefs_Items\Items_Resource_MonsterCrafting.xml
66,Medieval Overhaul,dankpyon.medieval.overhaul,DankPyon_UnholdHeart,unhold heart,item,(none),280,DankPyon_AlchemyIngredientsBase,DankPyon_AlchemyIngredients,,1.6\Defs\ThingDefs_Items\Items_Resource_MonsterCrafting.xml
66,Medieval Overhaul,dankpyon.medieval.overhaul,DankPyon_TrollHeart,blue heart,item,(none),280,DankPyon_AlchemyIngredientsBase,DankPyon_AlchemyIngredients,,1.6\Defs\ThingDefs_Items\Items_Resource_MonsterCrafting.xml
66,Medieval Overhaul,dankpyon.medieval.overhaul,DankPyon_Gossamer,gossamer,item,(none),90,DankPyon_AlchemyIngredientsBase,DankPyon_AlchemyIngredients,,1.6\Defs\ThingDefs_Items\Items_Resource_MonsterCrafting.xml
66,Medieval Overhaul,dankpyon.medieval.overhaul,DankPyon_PoisonGland,poison gland,item,(none),65,DankPyon_AlchemyIngredientsBase,DankPyon_AlchemyIngredients,,1.6\Defs\ThingDefs_Items\Items_Resource_MonsterCrafting.xml
66,Medieval Overhaul,dankpyon.medieval.overhaul,DankPyon_RedbackPoisonGland,redback poison gland,item,(none),350,DankPyon_AlchemyIngredientsBase,DankPyon_AlchemyIngredients,,1.6\Defs\ThingDefs_Items\Items_Resource_MonsterCrafting.xml
66,Medieval Overhaul,dankpyon.medieval.overhaul,DankPyon_LindwurmBlood,lindwurm blood,item,(none),500,DankPyon_AlchemyIngredientsBase,DankPyon_AlchemyIngredients,,1.6\Defs\ThingDefs_Items\Items_Resource_MonsterCrafting.xml
66,Medieval Overhaul,dankpyon.medieval.overhaul,DankPyon_LindwurmBones,lindwurm bones,item,(none),550,DankPyon_AlchemyIngredientsBase,DankPyon_AlchemyIngredients,,1.6\Defs\ThingDefs_Items\Items_Resource_MonsterCrafting.xml
66,Medieval Overhaul,dankpyon.medieval.overhaul,DankPyon_LindwurmScales,lindwurm broad scales,item,(none),750,DankPyon_AlchemyIngredientsBase,DankPyon_AlchemyIngredients,,1.6\Defs\ThingDefs_Items\Items_Resource_MonsterCrafting.xml
66,Medieval Overhaul,dankpyon.medieval.overhaul,DankPyon_NachHorns,nachzehrer horn,item,(none),95,DankPyon_AlchemyIngredientsBase,DankPyon_AlchemyIngredients,,1.6\Defs\ThingDefs_Items\Items_Resource_MonsterCrafting.xml
66,Medieval Overhaul,dankpyon.medieval.overhaul,DankPyon_ParchedSkin,parched skin,item,(none),150,DankPyon_AlchemyIngredientsBase,DankPyon_AlchemyIngredients,,1.6\Defs\ThingDefs_Items\Items_Resource_MonsterCrafting.xml
66,Medieval Overhaul,dankpyon.medieval.overhaul,DankPyon_PetrifiedScream,petrified scream,item,(none),185,DankPyon_AlchemyIngredientsBase,DankPyon_AlchemyIngredients,,1.6\Defs\ThingDefs_Items\Items_Resource_MonsterCrafting.xml
66,Medieval Overhaul,dankpyon.medieval.overhaul,DankPyon_ThirdEye,third eye,item,(none),185,DankPyon_AlchemyIngredientsBase,DankPyon_AlchemyIngredients,,1.6\Defs\ThingDefs_Items\Items_Resource_MonsterCrafting.xml
66,Medieval Overhaul,dankpyon.medieval.overhaul,DankPyon_AdrenalineGland,adrenaline gland,item,(none),100,DankPyon_AlchemyIngredientsBase,DankPyon_AlchemyIngredients,,1.6\Defs\ThingDefs_Items\Items_Resource_MonsterCrafting.xml
66,Medieval Overhaul,dankpyon.medieval.overhaul,DankPyon_RawFlax,Flax,food/drug,(none),0.7,RoughPlantBase,Foods,,1.6\Defs\ThingDefs_Items\Items_Resource_RawPlant.xml
66,Medieval Overhaul,dankpyon.medieval.overhaul,DankPyon_Silkworm,silkworm,food/drug,(none),5,RoughPlantBase,FoodRaw,,1.6\Defs\ThingDefs_Items\Items_Resource_RawPlant.xml
66,Medieval Overhaul,dankpyon.medieval.overhaul,DankPyon_RawCotton,cotton,item,(none),1,ResourceBase,ResourcesRaw,,1.6\Defs\ThingDefs_Items\Items_Resource_RawPlant.xml
66,Medieval Overhaul,dankpyon.medieval.overhaul,DankPyon_RawWheat,wheat,food/drug,(none),1.1,RoughPlantBase,DankPyon_Cereal,,1.6\Defs\ThingDefs_Items\Items_Resource_RawPlant.xml
66,Medieval Overhaul,dankpyon.medieval.overhaul,DankPyon_RawGrapes,grapes,food/drug,(none),1.2,PlantFoodRawBase,PlantFoodRaw,,1.6\Defs\ThingDefs_Items\Items_Resource_RawPlant.xml
66,Medieval Overhaul,dankpyon.medieval.overhaul,DankPyon_Sugarcane,sugarcane,food/drug,(none),1.2,RoughPlantBase,Foods,,1.6\Defs\ThingDefs_Items\Items_Resource_RawPlant.xml
66,Medieval Overhaul,dankpyon.medieval.overhaul,DankPyon_RawHerb,raw herbs,food/drug,(none),1.3,RoughPlantBase,Foods,,1.6\Defs\ThingDefs_Items\Items_Resource_RawPlant.xml
66,Medieval Overhaul,dankpyon.medieval.overhaul,DankPyon_RawTomatoes,tomatoes,food/drug,(none),1.1,PlantFoodRawBase,PlantFoodRaw,,1.6\Defs\ThingDefs_Items\Items_Resource_RawPlant.xml
66,Medieval Overhaul,dankpyon.medieval.overhaul,DankPyon_RawApples,apples,food/drug,(none),1.1,PlantFoodRawBase,PlantFoodRaw,,1.6\Defs\ThingDefs_Items\Items_Resource_RawPlant.xml
66,Medieval Overhaul,dankpyon.medieval.overhaul,DankPyon_RawLemons,lemons,food/drug,(none),1.1,PlantFoodRawBase,PlantFoodRaw,,1.6\Defs\ThingDefs_Items\Items_Resource_RawPlant.xml
66,Medieval Overhaul,dankpyon.medieval.overhaul,DankPyon_RawMulberry,mulberry,food/drug,(none),1.1,PlantFoodRawBase,PlantFoodRaw,,1.6\Defs\ThingDefs_Items\Items_Resource_RawPlant.xml
66,Medieval Overhaul,dankpyon.medieval.overhaul,DankPyon_RawCabbages,cabbages,food/drug,(none),1.1,PlantFoodRawBase,PlantFoodRaw,,1.6\Defs\ThingDefs_Items\Items_Resource_RawPlant.xml
66,Medieval Overhaul,dankpyon.medieval.overhaul,DankPyon_RawCarrots,carrots,food/drug,(none),1.1,PlantFoodRawBase,PlantFoodRaw,,1.6\Defs\ThingDefs_Items\Items_Resource_RawPlant.xml
66,Medieval Overhaul,dankpyon.medieval.overhaul,DankPyon_RawGarlic,garlic,food/drug,(none),1.1,PlantFoodRawBase,PlantFoodRaw,,1.6\Defs\ThingDefs_Items\Items_Resource_RawPlant.xml
66,Medieval Overhaul,dankpyon.medieval.overhaul,DankPyon_RawOnions,onions,food/drug,(none),1.1,PlantFoodRawBase,PlantFoodRaw,,1.6\Defs\ThingDefs_Items\Items_Resource_RawPlant.xml
66,Medieval Overhaul,dankpyon.medieval.overhaul,DankPyon_RawPumpkins,Pumpkins,food/drug,(none),1.1,PlantFoodRawBase,PlantFoodRaw,,1.6\Defs\ThingDefs_Items\Items_Resource_RawPlant.xml
66,Medieval Overhaul,dankpyon.medieval.overhaul,DankPyon_RawLentils,lentils,food/drug,(none),1.1,PlantFoodRawBase,PlantFoodRaw,,1.6\Defs\ThingDefs_Items\Items_Resource_RawPlant.xml
66,Medieval Overhaul,dankpyon.medieval.overhaul,DankPyon_GriffonBerry,griffon berry,food/drug,(none),1.1,PlantFoodRawBase,PlantFoodRaw,,1.6\Defs\ThingDefs_Items\Items_Resource_RawPlant.xml
66,Medieval Overhaul,dankpyon.medieval.overhaul,DankPyon_Bone,bone,food/drug,Neolithic,1.0,ResourceVerbBase,ResourcesRaw,,1.6\Defs\ThingDefs_Items\Items_Resource_Stuff.xml
66,Medieval Overhaul,dankpyon.medieval.overhaul,DankPyon_Linen,linen,item,(none),1.6,ResourceBase,Textiles,,1.6\Defs\ThingDefs_Items\Items_Resource_Stuff.xml
66,Medieval Overhaul,dankpyon.medieval.overhaul,DankPyon_Silk,silk,item,(none),5,ResourceBase,Textiles,,1.6\Defs\ThingDefs_Items\Items_Resource_Stuff.xml
66,Medieval Overhaul,dankpyon.medieval.overhaul,DankPyon_Leather_Rox,Rox Leather,item,(none),14.0,LeatherBase,Leathers,,1.6\Defs\ThingDefs_Items\Items_Resource_Stuff_Leather.xml
66,Medieval Overhaul,dankpyon.medieval.overhaul,DankPyon_Leather_Griffon,Griffon Leather,item,(none),14.0,LeatherBase,Leathers,,1.6\Defs\ThingDefs_Items\Items_Resource_Stuff_Leather.xml
66,Medieval Overhaul,dankpyon.medieval.overhaul,DankPyon_Leather_Direwolf,wolfskin,item,(none),3.4,LeatherBase,Leathers,,1.6\Defs\ThingDefs_Items\Items_Resource_Stuff_Leather.xml
66,Medieval Overhaul,dankpyon.medieval.overhaul,DankPyon_Leather_DireBoar,boarskin,item,(none),3.4,LeatherBase,Leathers,,1.6\Defs\ThingDefs_Items\Items_Resource_Stuff_Leather.xml
66,Medieval Overhaul,dankpyon.medieval.overhaul,DankPyon_Leather_Hyena,hyena fur,item,(none),3.0,LeatherBase,Leathers,,1.6\Defs\ThingDefs_Items\Items_Resource_Stuff_Leather.xml
66,Medieval Overhaul,dankpyon.medieval.overhaul,DankPyon_Leather_Troll,troll leather,item,(none),4.2,LeatherBase,Leathers,,1.6\Defs\ThingDefs_Items\Items_Resource_Stuff_Leather.xml
66,Medieval Overhaul,dankpyon.medieval.overhaul,DankPyon_Leather_Daer,daer leather,item,(none),17.0,LeatherBase,Leathers,,1.6\Defs\ThingDefs_Items\Items_Resource_Stuff_Leather.xml
66,Medieval Overhaul,dankpyon.medieval.overhaul,DankPyon_Leather_Lindwurm,lindwurm scales,item,(none),20.0,LeatherBase,Leathers,,1.6\Defs\ThingDefs_Items\Items_Resource_Stuff_Leather.xml
66,Medieval Overhaul,dankpyon.medieval.overhaul,DankPyon_WoolRox,rox wool,item,(none),2.7,WoolBase,Wools,,1.6\Defs\ThingDefs_Items\Items_Resource_Stuff_Leather.xml
66,Medieval Overhaul,dankpyon.medieval.overhaul,DankPyon_Clay,clay,item,(none),1.2,ResourceBase,ResourcesRaw,,1.6\Defs\ThingDefs_Items\Items_Resources.xml
66,Medieval Overhaul,dankpyon.medieval.overhaul,DankPyon_RawWood,raw wood,item,(none),0.8,ResourceBase,DankPyon_RawWood,,1.6\Defs\ThingDefs_Items\Items_Resources.xml
66,Medieval Overhaul,dankpyon.medieval.overhaul,DankPyon_RawDarkWood,dark wood,item,Neolithic,3.2,ResourceVerbBase,DankPyon_RawWood,,1.6\Defs\ThingDefs_Items\Items_Resources.xml
66,Medieval Overhaul,dankpyon.medieval.overhaul,DankPyon_DarkWood,dark wood planks,item,Neolithic,3.2,ResourceVerbBase,DankPyon_Wood,,1.6\Defs\ThingDefs_Items\Items_Resources.xml
66,Medieval Overhaul,dankpyon.medieval.overhaul,DankPyon_Coal,coal chunks,item,(none),1.1,ResourceBase,ResourcesRaw,,1.6\Defs\ThingDefs_Items\Items_Resources.xml
66,Medieval Overhaul,dankpyon.medieval.overhaul,DankPyon_IceBlock,Ice,item,(none),3.5,,ResourcesRaw,,1.6\Defs\ThingDefs_Items\Items_Resources.xml
66,Medieval Overhaul,dankpyon.medieval.overhaul,DankPyon_Waterskin,Waterskin,item,(none),3.5,,ResourcesRaw,,1.6\Defs\ThingDefs_Items\Items_Resources.xml
66,Medieval Overhaul,dankpyon.medieval.overhaul,DankPyon_Wax,wax,item,(none),1.5,ResourceBase,ResourcesRaw,,1.6\Defs\ThingDefs_Items\Items_Resources.xml
66,Medieval Overhaul,dankpyon.medieval.overhaul,DankPyon_QueenBee,oswin queen,item,(none),200,ResourceBase,ResourcesRaw,,1.6\Defs\ThingDefs_Items\Items_Resources.xml
66,Medieval Overhaul,dankpyon.medieval.overhaul,DankPyon_Honey,smokey honey,food/drug,(none),7.0,OrganicProductBase,DankPyon_Honey,,1.6\Defs\ThingDefs_Items\Items_Resources.xml
66,Medieval Overhaul,dankpyon.medieval.overhaul,DankPyon_Honeycomb,smokey honeycomb,food/drug,(none),7.0,OrganicProductBase,AnimalProductRaw,,1.6\Defs\ThingDefs_Items\Items_Resources.xml
66,Medieval Overhaul,dankpyon.medieval.overhaul,DankPyon_IronOre,iron ore,item,(none),0.4,ResourceBase,DankPyon_RawOres,,1.6\Defs\ThingDefs_Items\Items_Resources.xml
66,Medieval Overhaul,dankpyon.medieval.overhaul,DankPyon_IronIngot,iron ingot,item,(none),1.5,ResourceBase,ResourcesRaw,,1.6\Defs\ThingDefs_Items\Items_Resources.xml
66,Medieval Overhaul,dankpyon.medieval.overhaul,DankPyon_SilverOre,silver ore,item,(none),1,ResourceBase,DankPyon_RawOres,,1.6\Defs\ThingDefs_Items\Items_Resources.xml
66,Medieval Overhaul,dankpyon.medieval.overhaul,DankPyon_GoldOre,gold ore,item,(none),3,ResourceBase,DankPyon_RawOres,,1.6\Defs\ThingDefs_Items\Items_Resources.xml
66,Medieval Overhaul,dankpyon.medieval.overhaul,DankPyon_PlasteelOre,raw mithril,item,(none),0.4,ResourceBase,DankPyon_RawOres,,1.6\Defs\ThingDefs_Items\Items_Resources.xml
66,Medieval Overhaul,dankpyon.medieval.overhaul,DankPyon_Citrine,citrine,item,(none),3.95,DankPyon_GemBase,DankPyon_GemStones,,1.6\Defs\ThingDefs_Items\Items_Resources.xml
66,Medieval Overhaul,dankpyon.medieval.overhaul,DankPyon_Amber,amber,item,(none),6.25,DankPyon_GemBase,DankPyon_GemStones,,1.6\Defs\ThingDefs_Items\Items_Resources.xml
66,Medieval Overhaul,dankpyon.medieval.overhaul,DankPyon_Onyx,onyx,item,(none),7.35,DankPyon_GemBase,DankPyon_GemStones,,1.6\Defs\ThingDefs_Items\Items_Resources.xml
66,Medieval Overhaul,dankpyon.medieval.overhaul,DankPyon_Emerald,emerald,item,(none),10,DankPyon_GemBase,DankPyon_GemStones,,1.6\Defs\ThingDefs_Items\Items_Resources.xml
66,Medieval Overhaul,dankpyon.medieval.overhaul,DankPyon_Sapphire,sapphire,item,(none),13,DankPyon_GemBase,DankPyon_GemStones,,1.6\Defs\ThingDefs_Items\Items_Resources.xml
66,Medieval Overhaul,dankpyon.medieval.overhaul,DankPyon_Ruby,ruby,item,(none),16.65,DankPyon_GemBase,DankPyon_GemStones,,1.6\Defs\ThingDefs_Items\Items_Resources.xml
66,Medieval Overhaul,dankpyon.medieval.overhaul,DankPyon_UnfinishedHide,unfinished hide,item,(none),,UnfinishedBase,Unfinished,,1.6\Defs\ThingDefs_Items\Items_Unfinished.xml
66,Medieval Overhaul,dankpyon.medieval.overhaul,DankPyon_UnfinishedRug,unfinished hide,item,(none),,UnfinishedBase,Unfinished,,1.6\Defs\ThingDefs_Items\Items_Unfinished.xml
66,Medieval Overhaul,dankpyon.medieval.overhaul,DankPyon_UnfinishedHideArmor,unfinished hide armor,item,(none),,UnfinishedBase,Unfinished,,1.6\Defs\ThingDefs_Items\Items_Unfinished.xml
66,Medieval Overhaul,dankpyon.medieval.overhaul,DankPyon_UnfinishedLivingShield,unfinished living shield,item,(none),,UnfinishedBase,Unfinished,,1.6\Defs\ThingDefs_Items\Items_Unfinished.xml
66,Medieval Overhaul,dankpyon.medieval.overhaul,DankPyon_UnfinishedLinduwrmShield,unfinished lindwurm shield,item,(none),,UnfinishedBase,Unfinished,,1.6\Defs\ThingDefs_Items\Items_Unfinished.xml
66,Medieval Overhaul,dankpyon.medieval.overhaul,DankPyon_UnfinishedBook,unfinished book,item,(none),,UnfinishedBase,Unfinished,,1.6\Defs\ThingDefs_Items\Items_Unfinished.xml
66,Medieval Overhaul,dankpyon.medieval.overhaul,DankPyon_WebknechtWeb,web,projectile,(none),,BaseBullet,,,1.6\Defs\ThingDefs_Misc\Animal_Projectiles.xml
66,Medieval Overhaul,dankpyon.medieval.overhaul,DankPyon_AlpSleep,sleep,projectile,(none),,BaseBullet,,,1.6\Defs\ThingDefs_Misc\Animal_Projectiles.xml
66,Medieval Overhaul,dankpyon.medieval.overhaul,DankPyon_Headgear_WolfTimber,wolf hood (timber),apparel,Medieval,350,DankPyon_AnimalHoodBase,Headgear,,1.6\Defs\ThingDefs_Misc\Apparel_Attachment.xml
66,Medieval Overhaul,dankpyon.medieval.overhaul,DankPyon_Headgear_WolfArctic,wolf hood (arctic),apparel,Medieval,350,DankPyon_WolfHoodBase,Headgear,,1.6\Defs\ThingDefs_Misc\Apparel_Attachment.xml
66,Medieval Overhaul,dankpyon.medieval.overhaul,DankPyon_Headgear_BearGrizzly,bear hood (grizzly),apparel,Medieval,550,DankPyon_AnimalHoodBase,Headgear,,1.6\Defs\ThingDefs_Misc\Apparel_Attachment.xml
66,Medieval Overhaul,dankpyon.medieval.overhaul,DankPyon_Headgear_BearPolar,bear hood (polar),apparel,Medieval,550,DankPyon_BearHoodBase,Headgear,,1.6\Defs\ThingDefs_Misc\Apparel_Attachment.xml
66,Medieval Overhaul,dankpyon.medieval.overhaul,DankPyon_Apparel_DirewolfPelt,direwolf pelt,apparel,Medieval,450,DankPyon_ArmorAttachmentBase,Apparel,,1.6\Defs\ThingDefs_Misc\Apparel_Attachment.xml
66,Medieval Overhaul,dankpyon.medieval.overhaul,DankPyon_Apparel_HyenaPelt,hyena pelt,apparel,Medieval,450,DankPyon_ArmorAttachmentBase,Apparel,,1.6\Defs\ThingDefs_Misc\Apparel_Attachment.xml
66,Medieval Overhaul,dankpyon.medieval.overhaul,DankPyon_Apparel_LindwurmCloak,lindwurm scale cloak,apparel,Medieval,,DankPyon_ArmorAttachmentBase,Apparel,,1.6\Defs\ThingDefs_Misc\Apparel_Attachment.xml
66,Medieval Overhaul,dankpyon.medieval.overhaul,DankPyon_Apparel_FurCloak,fur cloak,apparel,Medieval,,DankPyon_ArmorAttachmentBase,Apparel,,1.6\Defs\ThingDefs_Misc\Apparel_Attachment.xml
66,Medieval Overhaul,dankpyon.medieval.overhaul,DankPyon_Apparel_BonePlating,bone plating,apparel,Medieval,,DankPyon_ArmorAttachmentBase,Apparel,,1.6\Defs\ThingDefs_Misc\Apparel_Attachment.xml
66,Medieval Overhaul,dankpyon.medieval.overhaul,DankPyon_Apparel_AdditionalFurPadding,additional fur padding,apparel,Medieval,,DankPyon_ArmorAttachmentBase,Apparel,,1.6\Defs\ThingDefs_Misc\Apparel_Attachment.xml
66,Medieval Overhaul,dankpyon.medieval.overhaul,DankPyon_Apparel_RunesAndSigils,runes and sigils,apparel,Medieval,,DankPyon_ArmorAttachmentBase,Apparel,,1.6\Defs\ThingDefs_Misc\Apparel_Attachment.xml
66,Medieval Overhaul,dankpyon.medieval.overhaul,DankPyon_Apparel_Hauberk,hauberk,apparel,Medieval,,ArmorSmithableBase,Apparel,DankPyon_ChainArmor,1.6\Defs\ThingDefs_Misc\Apparel_ChainArmor.xml
66,Medieval Overhaul,dankpyon.medieval.overhaul,DankPyon_Apparel_Heavy_Hauberk,heavy hauberk,apparel,Medieval,,ArmorSmithableBase,Apparel,DankPyon_ChainArmor,1.6\Defs\ThingDefs_Misc\Apparel_ChainArmor.xml
66,Medieval Overhaul,dankpyon.medieval.overhaul,DankPyon_Apparel_Heraldic_Hauberk1c,heraldic heavy hauberk (Amboise),apparel,Medieval,,ArmorSmithableBase,Apparel,,1.6\Defs\ThingDefs_Misc\Apparel_ChainArmor.xml
66,Medieval Overhaul,dankpyon.medieval.overhaul,DankPyon_Apparel_Heraldic_Hauberk2c,heraldic heavy hauberk (Soren),apparel,Medieval,,DankPyon_HeraldicHauberkBase,Apparel,,1.6\Defs\ThingDefs_Misc\Apparel_ChainArmor.xml
66,Medieval Overhaul,dankpyon.medieval.overhaul,DankPyon_Apparel_Heraldic_Hauberk3c,heraldic heavy hauberk (Oswin),apparel,Medieval,,DankPyon_HeraldicHauberkBase,Apparel,,1.6\Defs\ThingDefs_Misc\Apparel_ChainArmor.xml
66,Medieval Overhaul,dankpyon.medieval.overhaul,DankPyon_Apparel_Heraldic_Hauberk4c,heraldic heavy hauberk (Hesse),apparel,Medieval,,DankPyon_HeraldicHauberkBase,Apparel,,1.6\Defs\ThingDefs_Misc\Apparel_ChainArmor.xml
66,Medieval Overhaul,dankpyon.medieval.overhaul,DankPyon_Footwear_BootsLeather,boots,apparel,Medieval,,ApparelMakeableBase,DankPyon_Footwear,DankPyon_ProtectiveClothing,1.6\Defs\ThingDefs_Misc\Apparel_Footwear.xml
66,Medieval Overhaul,dankpyon.medieval.overhaul,DankPyon_Footwear_BootsSplinted,splinted boots,apparel,Medieval,,ApparelMakeableBase,DankPyon_Footwear,DankPyon_ChainArmor,1.6\Defs\ThingDefs_Misc\Apparel_Footwear.xml
66,Medieval Overhaul,dankpyon.medieval.overhaul,DankPyon_Footwear_BootsPlate,plate boots,apparel,Medieval,,ApparelMakeableBase,DankPyon_Footwear,PlateArmor,1.6\Defs\ThingDefs_Misc\Apparel_Footwear.xml
66,Medieval Overhaul,dankpyon.medieval.overhaul,DankPyon_Handwear_GlovesLeather,gloves,apparel,Medieval,,ApparelMakeableBase,DankPyon_Handwear,DankPyon_ProtectiveClothing,1.6\Defs\ThingDefs_Misc\Apparel_Handwear.xml
66,Medieval Overhaul,dankpyon.medieval.overhaul,DankPyon_Handwear_GlovesSplinted,splinted gloves,apparel,Medieval,,ApparelMakeableBase,DankPyon_Handwear,DankPyon_ChainArmor,1.6\Defs\ThingDefs_Misc\Apparel_Handwear.xml
66,Medieval Overhaul,dankpyon.medieval.overhaul,DankPyon_Handwear_GlovesPlate,plate gloves,apparel,Medieval,,ApparelMakeableBase,DankPyon_Handwear,PlateArmor,1.6\Defs\ThingDefs_Misc\Apparel_Handwear.xml
66,Medieval Overhaul,dankpyon.medieval.overhaul,DankPyon_Apparel_Brigandine,brigandine,apparel,Medieval,,ArmorSmithableBase,Apparel,PlateArmor,1.6\Defs\ThingDefs_Misc\Apparel_HeavyArmor.xml
66,Medieval Overhaul,dankpyon.medieval.overhaul,DankPyon_Apparel_Breast_Plate,breast plate,apparel,Medieval,,ArmorSmithableBase,Apparel,PlateArmor,1.6\Defs\ThingDefs_Misc\Apparel_HeavyArmor.xml
66,Medieval Overhaul,dankpyon.medieval.overhaul,DankPyon_Apparel_Zweihanders_Cuirass,zweihander's cuirass,apparel,Medieval,,ArmorSmithableBase,Apparel,PlateArmor,1.6\Defs\ThingDefs_Misc\Apparel_HeavyArmor.xml
66,Medieval Overhaul,dankpyon.medieval.overhaul,DankPyon_Apparel_Zweihanders_CuirassFloof,zweihander's cuirass (puffy),apparel,Medieval,,DankPyon_ZweihanderCuirassBase,Apparel,PlateArmor,1.6\Defs\ThingDefs_Misc\Apparel_HeavyArmor.xml
66,Medieval Overhaul,dankpyon.medieval.overhaul,DankPyon_Apparel_FullPlate,full plate,apparel,Medieval,,ArmorSmithableBase,Apparel,PlateArmor,1.6\Defs\ThingDefs_Misc\Apparel_HeavyArmor.xml
66,Medieval Overhaul,dankpyon.medieval.overhaul,DankPyon_Apparel_FullPlateGilded,gilded full plate,apparel,Medieval,,ArmorSmithableBase,Apparel,PlateArmor,1.6\Defs\ThingDefs_Misc\Apparel_HeavyArmor.xml
66,Medieval Overhaul,dankpyon.medieval.overhaul,DankPyon_Apparel_FullPlateNamed,named full plate,apparel,Medieval,5405,ArmorSmithableBase,Apparel,,1.6\Defs\ThingDefs_Misc\Apparel_HeavyArmor.xml
66,Medieval Overhaul,dankpyon.medieval.overhaul,DankPyon_Apparel_Lindwurm,lindwurm scale armor,apparel,Medieval,,ArmorSmithableBase,Apparel,PlateArmor,1.6\Defs\ThingDefs_Misc\Apparel_HeavyArmor.xml
66,Medieval Overhaul,dankpyon.medieval.overhaul,DankPyon_Necklace_Citrine,citrine necklace,apparel,Medieval,,DankPyon_NecklaceBase,DankPyon_ApparelJewelry,DankPyon_Jewelry,1.6\Defs\ThingDefs_Misc\Apparel_Jewelry.xml
66,Medieval Overhaul,dankpyon.medieval.overhaul,DankPyon_Necklace_Jade,jade necklace,apparel,Medieval,,DankPyon_NecklaceBase,DankPyon_ApparelJewelry,DankPyon_Jewelry,1.6\Defs\ThingDefs_Misc\Apparel_Jewelry.xml
66,Medieval Overhaul,dankpyon.medieval.overhaul,DankPyon_Necklace_Amber,amber necklace,apparel,Medieval,,DankPyon_NecklaceBase,DankPyon_ApparelJewelry,DankPyon_Jewelry,1.6\Defs\ThingDefs_Misc\Apparel_Jewelry.xml
66,Medieval Overhaul,dankpyon.medieval.overhaul,DankPyon_Necklace_Onyx,onyx necklace,apparel,Medieval,,DankPyon_NecklaceBase,DankPyon_ApparelJewelry,DankPyon_Jewelry,1.6\Defs\ThingDefs_Misc\Apparel_Jewelry.xml
66,Medieval Overhaul,dankpyon.medieval.overhaul,DankPyon_Necklace_Emerald,emerald necklace,apparel,Medieval,,DankPayon_NecklaceBaseRoyal,DankPyon_ApparelJewelry,DankPyon_Jewelry,1.6\Defs\ThingDefs_Misc\Apparel_Jewelry.xml
66,Medieval Overhaul,dankpyon.medieval.overhaul,DankPyon_Necklace_Sapphire,sapphire necklace,apparel,Medieval,,DankPayon_NecklaceBaseRoyal,DankPyon_ApparelJewelry,DankPyon_Jewelry,1.6\Defs\ThingDefs_Misc\Apparel_Jewelry.xml
66,Medieval Overhaul,dankpyon.medieval.overhaul,DankPyon_Necklace_Ruby,ruby necklace,apparel,Medieval,,DankPayon_NecklaceBaseRoyal,DankPyon_ApparelJewelry,DankPyon_Jewelry,1.6\Defs\ThingDefs_Misc\Apparel_Jewelry.xml
66,Medieval Overhaul,dankpyon.medieval.overhaul,DankPyon_Ring_Citrine,citrine ring,apparel,Medieval,,DankPyon_RingBase,DankPyon_ApparelJewelry,DankPyon_Jewelry,1.6\Defs\ThingDefs_Misc\Apparel_Jewelry.xml
66,Medieval Overhaul,dankpyon.medieval.overhaul,DankPyon_Ring_Jade,jade ring,apparel,Medieval,,DankPyon_RingBase,DankPyon_ApparelJewelry,DankPyon_Jewelry,1.6\Defs\ThingDefs_Misc\Apparel_Jewelry.xml
66,Medieval Overhaul,dankpyon.medieval.overhaul,DankPyon_Ring_Amber,amber ring,apparel,Medieval,,DankPyon_RingBase,DankPyon_ApparelJewelry,DankPyon_Jewelry,1.6\Defs\ThingDefs_Misc\Apparel_Jewelry.xml
66,Medieval Overhaul,dankpyon.medieval.overhaul,DankPyon_Ring_Onyx,onyx ring,apparel,Medieval,,DankPyon_RingBase,DankPyon_ApparelJewelry,DankPyon_Jewelry,1.6\Defs\ThingDefs_Misc\Apparel_Jewelry.xml
66,Medieval Overhaul,dankpyon.medieval.overhaul,DankPyon_Ring_Emerald,emerald ring,apparel,Medieval,,DankPyon_RingBaseRoyal,DankPyon_ApparelJewelry,DankPyon_Jewelry,1.6\Defs\ThingDefs_Misc\Apparel_Jewelry.xml
66,Medieval Overhaul,dankpyon.medieval.overhaul,DankPyon_Ring_Sapphire,sapphire ring,apparel,Medieval,,DankPyon_RingBaseRoyal,DankPyon_ApparelJewelry,DankPyon_Jewelry,1.6\Defs\ThingDefs_Misc\Apparel_Jewelry.xml
66,Medieval Overhaul,dankpyon.medieval.overhaul,DankPyon_Ring_Ruby,ruby ring,apparel,Medieval,,DankPyon_RingBaseRoyal,DankPyon_ApparelJewelry,DankPyon_Jewelry,1.6\Defs\ThingDefs_Misc\Apparel_Jewelry.xml
66,Medieval Overhaul,dankpyon.medieval.overhaul,DankPyon_Apparel_Sackcloth,Sackcloth,apparel,Medieval,,ApparelMakeableBase,Apparel,,1.6\Defs\ThingDefs_Misc\Apparel_LightArmor.xml
66,Medieval Overhaul,dankpyon.medieval.overhaul,DankPyon_Apparel_Leather_Tunic,vest,apparel,Medieval,,ApparelMakeableBase,Apparel,ComplexClothing,1.6\Defs\ThingDefs_Misc\Apparel_LightArmor.xml
66,Medieval Overhaul,dankpyon.medieval.overhaul,DankPyon_Apparel_Padded_Surcoat,padded surcoat,apparel,Medieval,,ApparelMakeableBase,Apparel,ComplexClothing,1.6\Defs\ThingDefs_Misc\Apparel_LightArmor.xml
66,Medieval Overhaul,dankpyon.medieval.overhaul,Dankpyon_Apparel_Gambeson,gambeson,apparel,Medieval,,ApparelMakeableBase,Apparel,ComplexClothing,1.6\Defs\ThingDefs_Misc\Apparel_LightArmor.xml
66,Medieval Overhaul,dankpyon.medieval.overhaul,DankPyon_Apparel_Padded_Leather,padded armor,apparel,Medieval,,ApparelMakeableBase,ApparelArmor,DankPyon_ProtectiveClothing,1.6\Defs\ThingDefs_Misc\Apparel_LightArmor.xml
66,Medieval Overhaul,dankpyon.medieval.overhaul,DankPyon_Apparel_Light_Lamellar,light lamellar,apparel,Medieval,,ApparelMakeableBase,ApparelArmor,DankPyon_ProtectiveClothing,1.6\Defs\ThingDefs_Misc\Apparel_LightArmor.xml
66,Medieval Overhaul,dankpyon.medieval.overhaul,DankPyon_Ring_Holding,ring of holding,apparel,Medieval,550,DankPyon_Ruin_Ring,DankPyon_ApparelJewelry,DankPyon_Jewelry,1.6\Defs\ThingDefs_Misc\Apparel_MagicItems.xml
66,Medieval Overhaul,dankpyon.medieval.overhaul,DankPyon_Ring_Haste,ring of haste,apparel,Medieval,550,DankPyon_Ruin_Ring,DankPyon_ApparelJewelry,DankPyon_Jewelry,1.6\Defs\ThingDefs_Misc\Apparel_MagicItems.xml
66,Medieval Overhaul,dankpyon.medieval.overhaul,DankPyon_Ring_Tending,ring of tending,apparel,Medieval,750,DankPyon_Ruin_Ring,DankPyon_ApparelJewelry,DankPyon_Jewelry,1.6\Defs\ThingDefs_Misc\Apparel_MagicItems.xml
66,Medieval Overhaul,dankpyon.medieval.overhaul,DankPyon_Ring_Research,ring of research,apparel,Medieval,1120,DankPyon_Ruin_Ring,DankPyon_ApparelJewelry,DankPyon_Jewelry,1.6\Defs\ThingDefs_Misc\Apparel_MagicItems.xml
66,Medieval Overhaul,dankpyon.medieval.overhaul,DankPyon_Ring_StunImmunity,ring of stun immunity,apparel,Medieval,1120,DankPyon_Ruin_Ring,DankPyon_ApparelJewelry,DankPyon_Jewelry,1.6\Defs\ThingDefs_Misc\Apparel_MagicItems.xml
66,Medieval Overhaul,dankpyon.medieval.overhaul,DankPyon_Apparel_Hose,hose,apparel,Medieval,,ApparelMakeableBase,DankPyon_Legwear,ComplexClothing,1.6\Defs\ThingDefs_Misc\Apparel_Pants.xml
66,Medieval Overhaul,dankpyon.medieval.overhaul,DankPyon_Apparel_Trousers,trousers,apparel,Medieval,,DankPyon_Base_Pants,DankPyon_Legwear,ComplexClothing,1.6\Defs\ThingDefs_Misc\Apparel_Pants.xml
66,Medieval Overhaul,dankpyon.medieval.overhaul,DankPyon_Apparel_Braies,braies,apparel,Medieval,,DankPyon_Base_Pants,DankPyon_Legwear,ComplexClothing,1.6\Defs\ThingDefs_Misc\Apparel_Pants.xml
66,Medieval Overhaul,dankpyon.medieval.overhaul,DankPyon_Apparel_ChaussesPadded,padded chausses,apparel,Medieval,,DankPyon_Base_ArmoredPants,DankPyon_Legwear,DankPyon_ProtectiveClothing,1.6\Defs\ThingDefs_Misc\Apparel_Pants.xml
66,Medieval Overhaul,dankpyon.medieval.overhaul,DankPyon_Apparel_ChaussesSplinted,splinted chausses,apparel,Medieval,,DankPyon_Base_ArmoredPants,DankPyon_Legwear,DankPyon_ChainArmor,1.6\Defs\ThingDefs_Misc\Apparel_Pants.xml
66,Medieval Overhaul,dankpyon.medieval.overhaul,DankPyon_Apparel_ChaussesPlate,plate chausses,apparel,Medieval,,DankPyon_Base_ArmoredPants,DankPyon_Legwear,PlateArmor,1.6\Defs\ThingDefs_Misc\Apparel_Pants.xml
66,Medieval Overhaul,dankpyon.medieval.overhaul,DankPyon_Apparel_AdornedMailShirt,heavy hauberk (adorned),apparel,Medieval,,DankPyon_AdornedArmorBase,ApparelArmor,,1.6\Defs\ThingDefs_Misc\Apparel_Ulrik.xml
66,Medieval Overhaul,dankpyon.medieval.overhaul,DankPyon_Apparel_AdornedWarriorArmor,warrior's armor (adorned),apparel,Medieval,,DankPyon_AdornedArmorBase,ApparelArmor,,1.6\Defs\ThingDefs_Misc\Apparel_Ulrik.xml
66,Medieval Overhaul,dankpyon.medieval.overhaul,DankPyon_Apparel_AdornedHeavyPlate,full plate (adorned),apparel,Medieval,,DankPyon_AdornedArmorBase,ApparelArmor,,1.6\Defs\ThingDefs_Misc\Apparel_Ulrik.xml
66,Medieval Overhaul,dankpyon.medieval.overhaul,DankPyon_Adorned_HeavyMailCoif,heavy chain coif (adorned),apparel,Medieval,,ArmorHelmetMakeableBase,ArmorHeadgear,,1.6\Defs\ThingDefs_Misc\Apparel_Ulrik.xml
66,Medieval Overhaul,dankpyon.medieval.overhaul,DankPyon_Adorned_FlatTop,chainveil helmet (adorned),apparel,Medieval,,ArmorHelmetMakeableBase,ArmorHeadgear,,1.6\Defs\ThingDefs_Misc\Apparel_Ulrik.xml
66,Medieval Overhaul,dankpyon.medieval.overhaul,DankPyon_Adorned_GreatHelm,great helm (adorned),apparel,Medieval,,ArmorHelmetMakeableBase,ArmorHeadgear,,1.6\Defs\ThingDefs_Misc\Apparel_Ulrik.xml
66,Medieval Overhaul,dankpyon.medieval.overhaul,DankPyon_Apparel_Quiver,quiver,apparel,Neolithic,,ApparelMakeableBase,ApparelUtility,ComplexClothing,1.6\Defs\ThingDefs_Misc\Apparel_Utility.xml
66,Medieval Overhaul,dankpyon.medieval.overhaul,DankPyon_Apparel_FlashPotBelt,flash pot belt,apparel,Medieval,,ApparelNoQualityBase,ApparelUtility,,1.6\Defs\ThingDefs_Misc\Apparel_Utility.xml
66,Medieval Overhaul,dankpyon.medieval.overhaul,DankPyon_Apparel_FirePotBelt,fire pot belt,apparel,Medieval,,ApparelNoQualityBase,ApparelUtility,,1.6\Defs\ThingDefs_Misc\Apparel_Utility.xml
66,Medieval Overhaul,dankpyon.medieval.overhaul,DankPyon_Apparel_SmokePotBelt,smoke pot belt,apparel,Medieval,,ApparelNoQualityBase,ApparelUtility,,1.6\Defs\ThingDefs_Misc\Apparel_Utility.xml
66,Medieval Overhaul,dankpyon.medieval.overhaul,DankPyon_Apparel_AcidFlaskBelt,acid flask belt,apparel,Medieval,,ApparelNoQualityBase,ApparelUtility,,1.6\Defs\ThingDefs_Misc\Apparel_Utility.xml
66,Medieval Overhaul,dankpyon.medieval.overhaul,DankPyon_BalloonIncoming,balloon (incoming),parent:DropPodIncoming,(none),,DropPodIncoming,,,1.6\Defs\ThingDefs_Misc\Ethereal_Skyfallers.xml
66,Medieval Overhaul,dankpyon.medieval.overhaul,DankPyon_BalloonLeaving,balloon (leaving),parent:DropPodLeaving,(none),,DropPodLeaving,,,1.6\Defs\ThingDefs_Misc\Ethereal_Skyfallers.xml
66,Medieval Overhaul,dankpyon.medieval.overhaul,DankPyon_ActiveBalloon,drop pod,parent:ActiveDropPod,(none),,ActiveDropPod,,,1.6\Defs\ThingDefs_Misc\Ethereal_Skyfallers.xml
66,Medieval Overhaul,dankpyon.medieval.overhaul,DankPyon_InvisPodIncoming,invis pod (incoming),parent:DropPodIncoming,(none),,DropPodIncoming,,,1.6\Defs\ThingDefs_Misc\Ethereal_Skyfallers.xml
66,Medieval Overhaul,dankpyon.medieval.overhaul,DankPyon_InvisPod,drop pod,parent:ActiveDropPod,(none),,ActiveDropPod,,,1.6\Defs\ThingDefs_Misc\Ethereal_Skyfallers.xml
66,Medieval Overhaul,dankpyon.medieval.overhaul,DankPyon_Filth_Tar,tar puddle,parent:BaseFilth,(none),,BaseFilth,,,1.6\Defs\ThingDefs_Misc\Filth_Various.xml
66,Medieval Overhaul,dankpyon.medieval.overhaul,DankPyon_Filth_AcidBlood,scattered acid blood,parent:BaseFilth,(none),,BaseFilth,,,1.6\Defs\ThingDefs_Misc\Filth_Various.xml
66,Medieval Overhaul,dankpyon.medieval.overhaul,DankPyon_Headgear_RedBandana,Red bandana,apparel,Medieval,,DankPyon_HatMakeableBase,Headgear,ComplexClothing,1.6\Defs\ThingDefs_Misc\Head_Apparel.xml
66,Medieval Overhaul,dankpyon.medieval.overhaul,DankPyon_Headgear_Hood,hood,apparel,Medieval,,DankPyon_HatMakeableBase,Headgear,ComplexClothing,1.6\Defs\ThingDefs_Misc\Head_Apparel.xml
66,Medieval Overhaul,dankpyon.medieval.overhaul,DankPyon_Headgear_coif,coif,apparel,Medieval,,DankPyon_HatMakeableBase,Headgear,ComplexClothing,1.6\Defs\ThingDefs_Misc\Head_Apparel.xml
66,Medieval Overhaul,dankpyon.medieval.overhaul,DankPyon_Headgear_ArmingCap,Arming Cap,apparel,Medieval,,DankPyon_HatMakeableBase,Headgear,ComplexClothing,1.6\Defs\ThingDefs_Misc\Head_Apparel.xml
66,Medieval Overhaul,dankpyon.medieval.overhaul,DankPyon_Headgear_FullArmingCap,full arming cap,apparel,Medieval,,DankPyon_HatMakeableBase,Headgear,ComplexClothing,1.6\Defs\ThingDefs_Misc\Head_Apparel.xml
66,Medieval Overhaul,dankpyon.medieval.overhaul,DankPyon_Headgear_CultistHood,Cultist Hood,apparel,Medieval,,DankPyon_HatMakeableBase,Headgear,,1.6\Defs\ThingDefs_Misc\Head_Apparel.xml
66,Medieval Overhaul,dankpyon.medieval.overhaul,DankPyon_Headgear_ZweihandersHat,zweihander's hat,apparel,Medieval,,DankPyon_HatMakeableBase,Headgear,DankPyon_ProtectiveClothing,1.6\Defs\ThingDefs_Misc\Head_Apparel.xml
66,Medieval Overhaul,dankpyon.medieval.overhaul,DankPyon_Headgear_PaddedNasalHelmet,padded nasal helm,apparel,Medieval,,DankPyon_ArmorHelmetMakeableBase,ArmorHeadgear,,1.6\Defs\ThingDefs_Misc\Head_Apparel.xml
66,Medieval Overhaul,dankpyon.medieval.overhaul,DankPyon_Headgear_PaddedKettleHelmet,padded kettle,apparel,Medieval,,DankPyon_ArmorHelmetMakeableBase,ArmorHeadgear,,1.6\Defs\ThingDefs_Misc\Head_Apparel.xml
66,Medieval Overhaul,dankpyon.medieval.overhaul,DankPyon_Headgear_PaddedFlatTopHelmet,padded flat top,apparel,Medieval,,DankPyon_ArmorHelmetMakeableBase,ArmorHeadgear,,1.6\Defs\ThingDefs_Misc\Head_Apparel.xml
66,Medieval Overhaul,dankpyon.medieval.overhaul,DankPyon_Headgear_ChainCoif,chain coif,apparel,Medieval,,DankPyon_ArmorHelmetMakeableBase,ArmorHeadgear,DankPyon_ChainArmor,1.6\Defs\ThingDefs_Misc\Head_Apparel.xml
66,Medieval Overhaul,dankpyon.medieval.overhaul,DankPyon_Headgear_ChainCoifClosed,closed chain coif,apparel,Medieval,,DankPyon_ArmorHelmetMakeableBase,ArmorHeadgear,,1.6\Defs\ThingDefs_Misc\Head_Apparel.xml
66,Medieval Overhaul,dankpyon.medieval.overhaul,DankPyon_Headgear_ChainCoifFull,full chain coif,apparel,Medieval,,DankPyon_ArmorHelmetMakeableBase,ArmorHeadgear,DankPyon_ChainArmor,1.6\Defs\ThingDefs_Misc\Head_Apparel.xml
66,Medieval Overhaul,dankpyon.medieval.overhaul,DankPyon_Headgear_ChainNasalHelmet,chain nasal helm,apparel,Medieval,,DankPyon_ArmorHelmetMakeableBase,ArmorHeadgear,DankPyon_ChainArmor,1.6\Defs\ThingDefs_Misc\Head_Apparel.xml
66,Medieval Overhaul,dankpyon.medieval.overhaul,DankPyon_Headgear_ChainNasalRedHelmet,chain nasal helm (bandana),apparel,Medieval,,DankPyon_ArmorHelmetMakeableBase,ArmorHeadgear,DankPyon_ChainArmor,1.6\Defs\ThingDefs_Misc\Head_Apparel.xml
66,Medieval Overhaul,dankpyon.medieval.overhaul,DankPyon_Headgear_ChainKettleHelmet,chain kettle helm,apparel,Medieval,,DankPyon_ArmorHelmetMakeableBase,ArmorHeadgear,DankPyon_ChainArmor,1.6\Defs\ThingDefs_Misc\Head_Apparel.xml
66,Medieval Overhaul,dankpyon.medieval.overhaul,DankPyon_Headgear_Chain_FlatTopHelmet,chain flat-top,apparel,Medieval,,DankPyon_ArmorHelmetMakeableBase,ArmorHeadgear,DankPyon_ChainArmor,1.6\Defs\ThingDefs_Misc\Head_Apparel.xml
66,Medieval Overhaul,dankpyon.medieval.overhaul,DankPyon_Headgear_ClosedChain_FlatTopHelmet,closed chain flat-top,apparel,Medieval,,DankPyon_ArmorHelmetMakeableBase,ArmorHeadgear,,1.6\Defs\ThingDefs_Misc\Head_Apparel.xml
66,Medieval Overhaul,dankpyon.medieval.overhaul,DankPyon_Headgear_ChainClosedFlatTopHelmet,chainveil helmet,apparel,Medieval,,DankPyon_ArmorHelmetMakeableBase,ArmorHeadgear,DankPyon_ChainArmor,1.6\Defs\ThingDefs_Misc\Head_Apparel.xml
66,Medieval Overhaul,dankpyon.medieval.overhaul,DankPyon_Headgear_HeavyBarbrute,heavy barbrute,apparel,Medieval,,DankPyon_ArmorHelmetMakeableBase,ArmorHeadgear,DankPyon_ChainArmor,1.6\Defs\ThingDefs_Misc\Head_Apparel.xml
66,Medieval Overhaul,dankpyon.medieval.overhaul,DankPyon_Headgear_OpenBascinet,visored-less bascinet,apparel,Medieval,,DankPyon_ArmorHelmetMakeableBase,ArmorHeadgear,DankPyon_ChainArmor,1.6\Defs\ThingDefs_Misc\Head_Apparel.xml
66,Medieval Overhaul,dankpyon.medieval.overhaul,DankPyon_Headgear_ZweihanderHelm,zweihander helm,apparel,Medieval,,DankPyon_ArmorHelmetMakeableBase,ArmorHeadgear,DankPyon_ChainArmor,1.6\Defs\ThingDefs_Misc\Head_Apparel.xml
66,Medieval Overhaul,dankpyon.medieval.overhaul,DankPyon_Headgear_ZweihanderHelmAmboise,zweihander helm (Amboise),apparel,Medieval,,DankPyon_ZweihanderHelmBase,ArmorHeadgear,DankPyon_ChainArmor,1.6\Defs\ThingDefs_Misc\Head_Apparel.xml
66,Medieval Overhaul,dankpyon.medieval.overhaul,DankPyon_Headgear_ZweihanderHelmSoren,zweihander helm (Soren),apparel,Medieval,,DankPyon_ZweihanderHelmBase,ArmorHeadgear,DankPyon_ChainArmor,1.6\Defs\ThingDefs_Misc\Head_Apparel.xml
66,Medieval Overhaul,dankpyon.medieval.overhaul,DankPyon_Headgear_ZweihanderHelmOswin,zweihander helm (Oswin),apparel,Medieval,,DankPyon_ZweihanderHelmBase,ArmorHeadgear,DankPyon_ChainArmor,1.6\Defs\ThingDefs_Misc\Head_Apparel.xml
66,Medieval Overhaul,dankpyon.medieval.overhaul,DankPyon_Headgear_ZweihanderHelmHesse,zweihander helm (Hesse),apparel,Medieval,,DankPyon_ZweihanderHelmBase,ArmorHeadgear,DankPyon_ChainArmor,1.6\Defs\ThingDefs_Misc\Head_Apparel.xml
66,Medieval Overhaul,dankpyon.medieval.overhaul,DankPyon_Headgear_ClosedBascinetHelmet,bascinet helmet,apparel,Medieval,,DankPyon_ArmorHelmetMakeableBase,ArmorHeadgear,PlateArmor,1.6\Defs\ThingDefs_Misc\Head_Apparel.xml
66,Medieval Overhaul,dankpyon.medieval.overhaul,DankPyon_Headgear_WolfBascinet,wolf-ribs bascinet,apparel,Medieval,,DankPyon_ArmorHelmetMakeableBase,ArmorHeadgear,PlateArmor,1.6\Defs\ThingDefs_Misc\Head_Apparel.xml
66,Medieval Overhaul,dankpyon.medieval.overhaul,DankPyon_Headgear_Bascinet_KlappvisierHelmetClosed,klappviser bascinet,apparel,Medieval,,DankPyon_ArmorHelmetMakeableBase,ArmorHeadgear,PlateArmor,1.6\Defs\ThingDefs_Misc\Head_Apparel.xml
66,Medieval Overhaul,dankpyon.medieval.overhaul,DankPyon_Headgear_KlappvisorBascinet,klappviser barbute,apparel,Medieval,,DankPyon_ArmorHelmetMakeableBase,ArmorHeadgear,PlateArmor,1.6\Defs\ThingDefs_Misc\Head_Apparel.xml
66,Medieval Overhaul,dankpyon.medieval.overhaul,DankPyon_Headgear_HounskullHelmet,hounskull helmet,apparel,Medieval,,DankPyon_ArmorHelmetMakeableBase,ArmorHeadgear,PlateArmor,1.6\Defs\ThingDefs_Misc\Head_Apparel.xml
66,Medieval Overhaul,dankpyon.medieval.overhaul,DankPyon_Headgear_SalletHelmet,sallet (visored),apparel,Medieval,,DankPyon_ArmorHelmetMakeableBase,ArmorHeadgear,PlateArmor,1.6\Defs\ThingDefs_Misc\Head_Apparel.xml
66,Medieval Overhaul,dankpyon.medieval.overhaul,DankPyon_Headgear_SalletBellowFace,sallet (bellow face),apparel,Medieval,,DankPyon_SalletBase,ArmorHeadgear,PlateArmor,1.6\Defs\ThingDefs_Misc\Head_Apparel.xml
66,Medieval Overhaul,dankpyon.medieval.overhaul,DankPyon_Headgear_SalletGryphon,sallet (gryphon),apparel,Medieval,,DankPyon_SalletBase,ArmorHeadgear,PlateArmor,1.6\Defs\ThingDefs_Misc\Head_Apparel.xml
66,Medieval Overhaul,dankpyon.medieval.overhaul,DankPyon_Headgear_GreatHelm,great helm,apparel,Medieval,,DankPyon_ArmorHelmetMakeableBase,ArmorHeadgear,PlateArmor,1.6\Defs\ThingDefs_Misc\Head_Apparel.xml
66,Medieval Overhaul,dankpyon.medieval.overhaul,DankPyon_Headgear_HeraldicGreatHelm1c,heraldic great helm (Amboise),apparel,Medieval,,DankPyon_ArmorHelmetMakeableBase,ArmorHeadgear,,1.6\Defs\ThingDefs_Misc\Head_Apparel.xml
66,Medieval Overhaul,dankpyon.medieval.overhaul,DankPyon_Headgear_HeraldicGreatHelm2c,heraldic great helm (Soren),apparel,Medieval,,DankPyon_HeraldicGreatHelm,ArmorHeadgear,,1.6\Defs\ThingDefs_Misc\Head_Apparel.xml
66,Medieval Overhaul,dankpyon.medieval.overhaul,DankPyon_Headgear_HeraldicGreatHelm3c,heraldic great helm (Oswin),apparel,Medieval,,DankPyon_HeraldicGreatHelm,ArmorHeadgear,,1.6\Defs\ThingDefs_Misc\Head_Apparel.xml
66,Medieval Overhaul,dankpyon.medieval.overhaul,DankPyon_Headgear_HeraldicGreatHelm4c,heraldic great helm (Hesse),apparel,Medieval,,DankPyon_HeraldicGreatHelm,ArmorHeadgear,,1.6\Defs\ThingDefs_Misc\Head_Apparel.xml
66,Medieval Overhaul,dankpyon.medieval.overhaul,DankPyon_Headgear_Armet,armet,apparel,Medieval,,DankPyon_ArmorHelmetMakeableBase,ArmorHeadgear,PlateArmor,1.6\Defs\ThingDefs_Misc\Head_Apparel.xml
66,Medieval Overhaul,dankpyon.medieval.overhaul,DankPyon_Headgear_ArmetGilded,gilded armet,apparel,Medieval,,DankPyon_ArmorHelmetMakeableBase,ArmorHeadgear,PlateArmor,1.6\Defs\ThingDefs_Misc\Head_Apparel.xml
66,Medieval Overhaul,dankpyon.medieval.overhaul,DankPyon_Headgear_ArmetNamed,named armet,apparel,Medieval,3940,DankPyon_ArmorHelmetMakeableBase,ArmorHeadgear,,1.6\Defs\ThingDefs_Misc\Head_Apparel.xml
66,Medieval Overhaul,dankpyon.medieval.overhaul,DankPyon_Headgear_Lindwurm,lindwurm scale helmet,apparel,Medieval,,DankPyon_ArmorHelmetMakeableBase,ArmorHeadgear,PlateArmor,1.6\Defs\ThingDefs_Misc\Head_Apparel.xml
66,Medieval Overhaul,dankpyon.medieval.overhaul,DankPyon_Shield,round shield,apparel,Medieval,,DankPyon_BaseShield,DankPyon_Shields,DankPyon_Lumber,1.6\Defs\ThingDefs_Misc\Shields\Shields.xml
66,Medieval Overhaul,dankpyon.medieval.overhaul,DankPyon_ShieldKite,kite shield,apparel,Medieval,,DankPyon_BaseShield,DankPyon_Shields,DankPyon_ProtectiveClothing,1.6\Defs\ThingDefs_Misc\Shields\Shields.xml
66,Medieval Overhaul,dankpyon.medieval.overhaul,DankPyon_ShieldHeater,heater shield,apparel,Medieval,,DankPyon_BaseShield,DankPyon_Shields,DankPyon_ProtectiveClothing,1.6\Defs\ThingDefs_Misc\Shields\Shields.xml
66,Medieval Overhaul,dankpyon.medieval.overhaul,DankPyon_ShieldHeater_Amboise,heater shield (Amboise),apparel,Medieval,,DankPyon_ShieldHeaterBase,DankPyon_Shields,DankPyon_ProtectiveClothing,1.6\Defs\ThingDefs_Misc\Shields\Shields.xml
66,Medieval Overhaul,dankpyon.medieval.overhaul,DankPyon_ShieldHeater_Soren,heater shield (Soren),apparel,Medieval,,DankPyon_ShieldHeaterBase,DankPyon_Shields,DankPyon_ProtectiveClothing,1.6\Defs\ThingDefs_Misc\Shields\Shields.xml
66,Medieval Overhaul,dankpyon.medieval.overhaul,DankPyon_ShieldHeater_Oswin,heater shield (Oswin),apparel,Medieval,,DankPyon_ShieldHeaterBase,DankPyon_Shields,DankPyon_ProtectiveClothing,1.6\Defs\ThingDefs_Misc\Shields\Shields.xml
66,Medieval Overhaul,dankpyon.medieval.overhaul,DankPyon_ShieldHeater_Hesse,heater shield (Hesse),apparel,Medieval,,DankPyon_ShieldHeaterBase,DankPyon_Shields,DankPyon_ProtectiveClothing,1.6\Defs\ThingDefs_Misc\Shields\Shields.xml
66,Medieval Overhaul,dankpyon.medieval.overhaul,DankPyon_ShieldLiving,living tree shield,apparel,Medieval,,DankPyon_BaseShield,DankPyon_Shields,DankPyon_Alchemy,1.6\Defs\ThingDefs_Misc\Shields\Shields_Special.xml
66,Medieval Overhaul,dankpyon.medieval.overhaul,DankPyon_ShieldLindwurm,lindwurm shield,apparel,Medieval,,DankPyon_BaseShield,DankPyon_Shields,DankPyon_Alchemy,1.6\Defs\ThingDefs_Misc\Shields\Shields_Special.xml
66,Medieval Overhaul,dankpyon.medieval.overhaul,DankPyon_NaturalWall_Clay,clay,building,(none),,UglyRockBase,,,1.6\Defs\ThingDefs_Misc\Various_Stone.xml
66,Medieval Overhaul,dankpyon.medieval.overhaul,DankPyon_SmoothedClay,smoothed clay,building,(none),7,DankPyon_ClayBase,,,1.6\Defs\ThingDefs_Misc\Various_Stone.xml
66,Medieval Overhaul,dankpyon.medieval.overhaul,DankPyon_ChunkClay,clay chunk,item,(none),,ChunkRockBase,StoneChunks,,1.6\Defs\ThingDefs_Misc\Various_Stone.xml
66,Medieval Overhaul,dankpyon.medieval.overhaul,DankPyon_BlocksClay,clay blocks,item,(none),0.9,StoneBlocksBase,StoneBlocks,,1.6\Defs\ThingDefs_Misc\Various_Stone.xml
66,Medieval Overhaul,dankpyon.medieval.overhaul,DankPyon_MeleeWeapon_ButcherCleaver,butcher's cleaver,weapon,Medieval,,DankPyon_Base_SharpAxe_NormalSize,WeaponsMelee,DankPyon_BasicBlades,1.6\Defs\ThingDefs_Misc\Weapons\MeleeMedieval_Axes.xml
66,Medieval Overhaul,dankpyon.medieval.overhaul,DankPyon_MeleeWeapon_Hatchet,hatchet,weapon,Medieval,,DankPyon_Base_SharpAxe_NormalSize,WeaponsMelee,DankPyon_BasicBlades,1.6\Defs\ThingDefs_Misc\Weapons\MeleeMedieval_Axes.xml
66,Medieval Overhaul,dankpyon.medieval.overhaul,DankPyon_MeleeWeapon_Handaxe,handaxe,weapon,Medieval,,DankPyon_Base_SharpAxe_NormalSize,WeaponsMelee,DankPyon_MilitaryBlades,1.6\Defs\ThingDefs_Misc\Weapons\MeleeMedieval_Axes.xml
66,Medieval Overhaul,dankpyon.medieval.overhaul,DankPyon_MeleeWeapon_FightingAxe,fighting axe,weapon,Medieval,,DankPyon_Base_SharpAxe_NormalSize,WeaponsMelee,LongBlades,1.6\Defs\ThingDefs_Misc\Weapons\MeleeMedieval_Axes.xml
66,Medieval Overhaul,dankpyon.medieval.overhaul,DankPyon_MeleeWeapon_WoodcuttersAxe,woodcutter's axe,weapon,Medieval,,DankPyon_Base_SharpAxe_Oversize,WeaponsMelee,DankPyon_BasicBlades,1.6\Defs\ThingDefs_Misc\Weapons\MeleeMedieval_Axes.xml
66,Medieval Overhaul,dankpyon.medieval.overhaul,DankPyon_MeleeWeapon_Bardiche,bardiche,weapon,Medieval,,DankPyon_Base_SharpAxe_Oversize,WeaponsMelee,DankPyon_MilitaryBlades,1.6\Defs\ThingDefs_Misc\Weapons\MeleeMedieval_Axes.xml
66,Medieval Overhaul,dankpyon.medieval.overhaul,DankPyon_MeleeWeapon_Greataxe,greataxe,weapon,Medieval,,DankPyon_Base_SharpAxe_Oversize,WeaponsMelee,LongBlades,1.6\Defs\ThingDefs_Misc\Weapons\MeleeMedieval_Axes.xml
66,Medieval Overhaul,dankpyon.medieval.overhaul,DankPyon_MeleeWeapon_Longaxe,longaxe,weapon,Medieval,,DankPyon_Base_SharpAxe_Oversize,WeaponsMelee,DankPyon_MilitaryBlades,1.6\Defs\ThingDefs_Misc\Weapons\MeleeMedieval_Axes.xml
66,Medieval Overhaul,dankpyon.medieval.overhaul,DankPyon_MeleeWeapon_BlacksmithHammer,blacksmith's hammer,weapon,Medieval,,DankPyon_Base_Blunt_NormalSize,WeaponsMelee,DankPyon_MilitaryMaces,1.6\Defs\ThingDefs_Misc\Weapons\MeleeMedieval_Hammers.xml
66,Medieval Overhaul,dankpyon.medieval.overhaul,DankPyon_MeleeWeapon_Pickaxe,pickaxe,weapon,Medieval,,DankPyon_Base_Blunt_NormalSize,WeaponsMelee,DankPyon_MilitaryMaces,1.6\Defs\ThingDefs_Misc\Weapons\MeleeMedieval_Hammers.xml
66,Medieval Overhaul,dankpyon.medieval.overhaul,DankPyon_MeleeWeapon_MilitaryPick,military pick,weapon,Medieval,,DankPyon_Base_Blunt_NormalSize,WeaponsMelee,DankPyon_MilitaryMaces,1.6\Defs\ThingDefs_Misc\Weapons\MeleeMedieval_Hammers.xml
66,Medieval Overhaul,dankpyon.medieval.overhaul,DankPyon_MeleeWeapon_Warhammer,warhammer,weapon,Medieval,,DankPyon_Base_Blunt_NormalSize,WeaponsMelee,DankPyon_NobleMaces,1.6\Defs\ThingDefs_Misc\Weapons\MeleeMedieval_Hammers.xml
66,Medieval Overhaul,dankpyon.medieval.overhaul,DankPyon_MeleeWeapon_TwoHandedMallet,two-handed mallet,weapon,Medieval,,DankPyon_Base_Blunt_Oversize,WeaponsMelee,DankPyon_BasicMaces,1.6\Defs\ThingDefs_Misc\Weapons\MeleeMedieval_Hammers.xml
66,Medieval Overhaul,dankpyon.medieval.overhaul,DankPyon_MeleeWeapon_TwoHandedHammer,two-handed hammer,weapon,Medieval,,DankPyon_Base_Blunt_Oversize,WeaponsMelee,DankPyon_MilitaryMaces,1.6\Defs\ThingDefs_Misc\Weapons\MeleeMedieval_Hammers.xml
66,Medieval Overhaul,dankpyon.medieval.overhaul,DankPyon_MeleeWeapon_Polehammer,polehammer,weapon,Medieval,,DankPyon_Base_Blunt_Oversize,WeaponsMelee,DankPyon_MilitaryMaces,1.6\Defs\ThingDefs_Misc\Weapons\MeleeMedieval_Hammers.xml
66,Medieval Overhaul,dankpyon.medieval.overhaul,DankPyon_MeleeWeapon_Bludgeon,bludgeon,weapon,Medieval,,DankPyon_Base_Blunt_NormalSize,WeaponsMelee,DankPyon_BasicMaces,1.6\Defs\ThingDefs_Misc\Weapons\MeleeMedieval_Maces.xml
66,Medieval Overhaul,dankpyon.medieval.overhaul,DankPyon_MeleeWeapon_NomadMace,nomad mace,weapon,Medieval,,DankPyon_Base_Blunt_NormalSize,WeaponsMelee,DankPyon_MilitaryMaces,1.6\Defs\ThingDefs_Misc\Weapons\MeleeMedieval_Maces.xml
66,Medieval Overhaul,dankpyon.medieval.overhaul,DankPyon_MeleeWeapon_MorningStar,morning star,weapon,Medieval,,DankPyon_Base_Blunt_NormalSize,WeaponsMelee,DankPyon_MilitaryMaces,1.6\Defs\ThingDefs_Misc\Weapons\MeleeMedieval_Maces.xml
66,Medieval Overhaul,dankpyon.medieval.overhaul,DankPyon_MeleeWeapon_WingedMace,winged mace,weapon,Medieval,,DankPyon_Base_Blunt_NormalSize,WeaponsMelee,DankPyon_MilitaryMaces,1.6\Defs\ThingDefs_Misc\Weapons\MeleeMedieval_Maces.xml
66,Medieval Overhaul,dankpyon.medieval.overhaul,DankPyon_MeleeWeapon_Goedendag,goedendag,weapon,Medieval,,DankPyon_Base_Blunt_Oversize,WeaponsMelee,DankPyon_BasicMaces,1.6\Defs\ThingDefs_Misc\Weapons\MeleeMedieval_Maces.xml
66,Medieval Overhaul,dankpyon.medieval.overhaul,DankPyon_MeleeWeapon_TwoHandedMace,two-handed mace,weapon,Medieval,,DankPyon_Base_Blunt_Oversize,WeaponsMelee,DankPyon_BasicMaces,1.6\Defs\ThingDefs_Misc\Weapons\MeleeMedieval_Maces.xml
66,Medieval Overhaul,dankpyon.medieval.overhaul,DankPyon_MeleeWeapon_TwoHandedFlangedMace,two-handed flanged mace,weapon,Medieval,,DankPyon_Base_Blunt_Oversize,WeaponsMelee,DankPyon_NobleMaces,1.6\Defs\ThingDefs_Misc\Weapons\MeleeMedieval_Maces.xml
66,Medieval Overhaul,dankpyon.medieval.overhaul,DankPyon_MeleeWeapon_NamedGreatsword,named greatsword,weapon,Medieval,6810,DankPyon_NamedWeaponSharp,DankPyon_WeaponsMeleeNamed,,1.6\Defs\ThingDefs_Misc\Weapons\MeleeMedieval_Named.xml
66,Medieval Overhaul,dankpyon.medieval.overhaul,DankPyon_MeleeWeapon_NamedGreatsword1c,named greatsword,weapon,Medieval,6810,DankPyon_NamedGreatsword,DankPyon_WeaponsMeleeNamed,,1.6\Defs\ThingDefs_Misc\Weapons\MeleeMedieval_Named.xml
66,Medieval Overhaul,dankpyon.medieval.overhaul,DankPyon_MeleeWeapon_NamedGreatsword2c,named greatsword,weapon,Medieval,6810,DankPyon_NamedGreatsword,DankPyon_WeaponsMeleeNamed,,1.6\Defs\ThingDefs_Misc\Weapons\MeleeMedieval_Named.xml
66,Medieval Overhaul,dankpyon.medieval.overhaul,DankPyon_MeleeWeapon_NamedTwoHandedFlangedMace,named two-handed flanged mace,weapon,Medieval,6067,DankPyon_NamedWeaponBlunt,DankPyon_WeaponsMeleeNamed,,1.6\Defs\ThingDefs_Misc\Weapons\MeleeMedieval_Named.xml
66,Medieval Overhaul,dankpyon.medieval.overhaul,DankPyon_MeleeWeapon_NamedGreataxe,named greataxe,weapon,Medieval,6532,DankPyon_NamedWeaponSharp,DankPyon_WeaponsMeleeNamed,,1.6\Defs\ThingDefs_Misc\Weapons\MeleeMedieval_Named.xml
66,Medieval Overhaul,dankpyon.medieval.overhaul,DankPyon_MeleeWeapon_NamedTwoHandedHammer,named two-handed hammer,weapon,Medieval,6567,DankPyon_NamedWeaponBlunt,DankPyon_WeaponsMeleeNamed,,1.6\Defs\ThingDefs_Misc\Weapons\MeleeMedieval_Named.xml
66,Medieval Overhaul,dankpyon.medieval.overhaul,DankPyon_MeleeWeapon_NamedTwoHandedHammer1c,named two-handed hammer,weapon,Medieval,6567,DankPyon_NamedTwoHandedHammer,DankPyon_WeaponsMeleeNamed,,1.6\Defs\ThingDefs_Misc\Weapons\MeleeMedieval_Named.xml
66,Medieval Overhaul,dankpyon.medieval.overhaul,DankPyon_MeleeWeapon_NamedHalberd,named halberd,weapon,Medieval,6037,DankPyon_NamedWeaponSharp,DankPyon_WeaponsMeleeNamed,,1.6\Defs\ThingDefs_Misc\Weapons\MeleeMedieval_Named.xml
66,Medieval Overhaul,dankpyon.medieval.overhaul,DankPyon_MeleeWeapon_NamedHalberd1c,named halberd,weapon,Medieval,6037,DankPyon_NamedHalberd,DankPyon_WeaponsMeleeNamed,,1.6\Defs\ThingDefs_Misc\Weapons\MeleeMedieval_Named.xml
66,Medieval Overhaul,dankpyon.medieval.overhaul,DankPyon_MeleeWeapon_MilitiaSpear,militia spear,weapon,Medieval,,DankPyon_Base_SharpSpear_NormalSize,WeaponsMelee,DankPyon_BasicPolearms,1.6\Defs\ThingDefs_Misc\Weapons\MeleeMedieval_Spears.xml
66,Medieval Overhaul,dankpyon.medieval.overhaul,DankPyon_MeleeWeapon_BoarSpear,boar spear,weapon,Medieval,,DankPyon_Base_SharpSpear_NormalSize,WeaponsMelee,DankPyon_MilitaryPolearms,1.6\Defs\ThingDefs_Misc\Weapons\MeleeMedieval_Spears.xml
66,Medieval Overhaul,dankpyon.medieval.overhaul,DankPyon_MeleeWeapon_FightingSpear,fighting spear,weapon,Medieval,,DankPyon_Base_SharpSpear_NormalSize,WeaponsMelee,DankPyon_NoblePolearms,1.6\Defs\ThingDefs_Misc\Weapons\MeleeMedieval_Spears.xml
66,Medieval Overhaul,dankpyon.medieval.overhaul,DankPyon_MeleeWeapon_Warfork,warfork,weapon,Medieval,,DankPyon_Base_SharpSpear_Oversize,WeaponsMelee,DankPyon_BasicPolearms,1.6\Defs\ThingDefs_Misc\Weapons\MeleeMedieval_Spears.xml
66,Medieval Overhaul,dankpyon.medieval.overhaul,DankPyon_MeleeWeapon_Spetum,spetum,weapon,Medieval,,DankPyon_Base_SharpSpear_Oversize,WeaponsMelee,DankPyon_MilitaryPolearms,1.6\Defs\ThingDefs_Misc\Weapons\MeleeMedieval_Spears.xml
66,Medieval Overhaul,dankpyon.medieval.overhaul,DankPyon_MeleeWeapon_Pitchfork,pitchfork,weapon,Medieval,,DankPyon_Base_SharpSpear_Oversize,WeaponsMelee,DankPyon_BasicPolearms,1.6\Defs\ThingDefs_Misc\Weapons\MeleeMedieval_Spears.xml
66,Medieval Overhaul,dankpyon.medieval.overhaul,DankPyon_MeleeWeapon_HookedBlade,hooked blade,weapon,Medieval,,DankPyon_Base_SharpSpear_Oversize,WeaponsMelee,DankPyon_BasicPolearms,1.6\Defs\ThingDefs_Misc\Weapons\MeleeMedieval_Spears.xml
66,Medieval Overhaul,dankpyon.medieval.overhaul,DankPyon_MeleeWeapon_Billhook,Billhook,weapon,Medieval,,DankPyon_Base_SharpSpear_Oversize,WeaponsMelee,DankPyon_MilitaryPolearms,1.6\Defs\ThingDefs_Misc\Weapons\MeleeMedieval_Spears.xml
66,Medieval Overhaul,dankpyon.medieval.overhaul,DankPyon_MeleeWeapon_Pike,Pike,weapon,Medieval,,DankPyon_Base_SharpSpear_Oversize,WeaponsMelee,DankPyon_MilitaryPolearms,1.6\Defs\ThingDefs_Misc\Weapons\MeleeMedieval_Spears.xml
66,Medieval Overhaul,dankpyon.medieval.overhaul,DankPyon_MeleeWeapon_PikeAmboise,pike (Amboise),weapon,Medieval,,DankPyon_PikeBase,WeaponsMelee,DankPyon_MilitaryPolearms,1.6\Defs\ThingDefs_Misc\Weapons\MeleeMedieval_Spears.xml
66,Medieval Overhaul,dankpyon.medieval.overhaul,DankPyon_MeleeWeapon_PikeSoren,pike (Soren),weapon,Medieval,,DankPyon_PikeBase,WeaponsMelee,DankPyon_MilitaryPolearms,1.6\Defs\ThingDefs_Misc\Weapons\MeleeMedieval_Spears.xml
66,Medieval Overhaul,dankpyon.medieval.overhaul,DankPyon_MeleeWeapon_PikeOswin,pike (Oswin),weapon,Medieval,,DankPyon_PikeBase,WeaponsMelee,DankPyon_MilitaryPolearms,1.6\Defs\ThingDefs_Misc\Weapons\MeleeMedieval_Spears.xml
66,Medieval Overhaul,dankpyon.medieval.overhaul,DankPyon_MeleeWeapon_PikeHesse,pike (Hesse),weapon,Medieval,,DankPyon_PikeBase,WeaponsMelee,DankPyon_MilitaryPolearms,1.6\Defs\ThingDefs_Misc\Weapons\MeleeMedieval_Spears.xml
66,Medieval Overhaul,dankpyon.medieval.overhaul,DankPyon_MeleeWeapon_Swordlance,swordlance,weapon,Medieval,,DankPyon_Base_SharpSpear_Oversize,WeaponsMelee,DankPyon_MilitaryPolearms,1.6\Defs\ThingDefs_Misc\Weapons\MeleeMedieval_Spears.xml
66,Medieval Overhaul,dankpyon.medieval.overhaul,DankPyon_MeleeWeapon_Halberd,halberd,weapon,Medieval,,DankPyon_Base_SharpSpear_Oversize,WeaponsMelee,DankPyon_NoblePolearms,1.6\Defs\ThingDefs_Misc\Weapons\MeleeMedieval_Spears.xml
66,Medieval Overhaul,dankpyon.medieval.overhaul,DankPyon_MeleeWeapon_Falchion,falchion,weapon,Medieval,,DankPyon_Base_SharpSword_NormalSize,WeaponsMelee,DankPyon_BasicBlades,1.6\Defs\ThingDefs_Misc\Weapons\MeleeMedieval_Swords.xml
66,Medieval Overhaul,dankpyon.medieval.overhaul,DankPyon_MeleeWeapon_ArmingSword,arming sword,weapon,Medieval,,DankPyon_Base_SharpSword_NormalSize,WeaponsMelee,DankPyon_MilitaryBlades,1.6\Defs\ThingDefs_Misc\Weapons\MeleeMedieval_Swords.xml
66,Medieval Overhaul,dankpyon.medieval.overhaul,DankPyon_MeleeWeapon_FencingSword,fencing sword,weapon,Medieval,,DankPyon_Base_SharpSword_NormalSize,WeaponsMelee,LongBlades,1.6\Defs\ThingDefs_Misc\Weapons\MeleeMedieval_Swords.xml
66,Medieval Overhaul,dankpyon.medieval.overhaul,DankPyon_MeleeWeapon_NobleSword,noble sword,weapon,Medieval,,DankPyon_Base_SharpSword_NormalSize,WeaponsMelee,LongBlades,1.6\Defs\ThingDefs_Misc\Weapons\MeleeMedieval_Swords.xml
66,Medieval Overhaul,dankpyon.medieval.overhaul,DankPyon_MeleeWeapon_Longsword,longsword,weapon,Medieval,,DankPyon_Base_SharpSword_Oversize,WeaponsMelee,DankPyon_MilitaryBlades,1.6\Defs\ThingDefs_Misc\Weapons\MeleeMedieval_Swords.xml
66,Medieval Overhaul,dankpyon.medieval.overhaul,DankPyon_MeleeWeapon_Greatsword,Greatsword,weapon,Medieval,,DankPyon_Base_SharpSword_Oversize,WeaponsMelee,LongBlades,1.6\Defs\ThingDefs_Misc\Weapons\MeleeMedieval_Swords.xml
66,Medieval Overhaul,dankpyon.medieval.overhaul,DankPyon_Crossbow,crossbow,weapon,Neolithic,,BaseWeaponNeolithic,WeaponsRanged,DankPyon_Crossbow,1.6\Defs\ThingDefs_Misc\Weapons\RangedMedieval.xml
66,Medieval Overhaul,dankpyon.medieval.overhaul,DankPyon_Arrow_Crossbow,hunting bow arrow,projectile,(none),,BaseProjectileNeolithic,,,1.6\Defs\ThingDefs_Misc\Weapons\RangedMedieval.xml
66,Medieval Overhaul,dankpyon.medieval.overhaul,DankPyon_CrossbowHeavy,arbalest,weapon,Neolithic,,BaseWeaponNeolithic,WeaponsRanged,DankPyon_HeavyCrossbow,1.6\Defs\ThingDefs_Misc\Weapons\RangedMedieval.xml
66,Medieval Overhaul,dankpyon.medieval.overhaul,DankPyon_Arrow_CrossbowHeavy,hunting bow arrow,projectile,(none),,BaseProjectileNeolithic,,,1.6\Defs\ThingDefs_Misc\Weapons\RangedMedieval.xml
66,Medieval Overhaul,dankpyon.medieval.overhaul,DankPyon_Handgonne,handgonne,weapon,Medieval,,BaseMakeableGun,WeaponsRanged,Gunsmithing,1.6\Defs\ThingDefs_Misc\Weapons\RangedMedieval.xml
66,Medieval Overhaul,dankpyon.medieval.overhaul,DankPyon_Bullet_Handgonne,handgonne blast,projectile,(none),,BaseBullet,,,1.6\Defs\ThingDefs_Misc\Weapons\RangedMedieval.xml
66,Medieval Overhaul,dankpyon.medieval.overhaul,DankPyon_Weapon_PotFire,fire pots,weapon,Medieval,,DankPyon_Medieval_MakeableGrenade,Grenades,DankPyon_Gunpowder,1.6\Defs\ThingDefs_Misc\Weapons\RangedMedievalGrenades.xml
66,Medieval Overhaul,dankpyon.medieval.overhaul,DankPyon_Proj_PotFire,fire pot,projectile,(none),,BaseIncendiaryProjectile,,,1.6\Defs\ThingDefs_Misc\Weapons\RangedMedievalGrenades.xml
66,Medieval Overhaul,dankpyon.medieval.overhaul,DankPyon_Weapon_PotFlash,flash pot,weapon,Medieval,,DankPyon_Medieval_MakeableGrenade,Grenades,DankPyon_Gunpowder,1.6\Defs\ThingDefs_Misc\Weapons\RangedMedievalGrenades.xml
66,Medieval Overhaul,dankpyon.medieval.overhaul,DankPyon_Proj_PotFlash,flash pot,projectile,(none),,BaseGrenadeProjectile,,,1.6\Defs\ThingDefs_Misc\Weapons\RangedMedievalGrenades.xml
66,Medieval Overhaul,dankpyon.medieval.overhaul,DankPyon_Weapon_PotFlashSmoke,smoke pot,weapon,Medieval,,DankPyon_Medieval_MakeableGrenade,Grenades,DankPyon_Gunpowder,1.6\Defs\ThingDefs_Misc\Weapons\RangedMedievalGrenades.xml
66,Medieval Overhaul,dankpyon.medieval.overhaul,DankPyon_Proj_PotSmoke,smoke pot,projectile,(none),,BaseGrenadeProjectile,,,1.6\Defs\ThingDefs_Misc\Weapons\RangedMedievalGrenades.xml
66,Medieval Overhaul,dankpyon.medieval.overhaul,DankPyon_Weapon_AcidFlask,acid flask,weapon,Medieval,,DankPyon_Medieval_MakeableGrenade,Grenades,DankPyon_Gunpowder,1.6\Defs\ThingDefs_Misc\Weapons\RangedMedievalGrenades.xml
66,Medieval Overhaul,dankpyon.medieval.overhaul,DankPyon_Proj_AcidFlask,acid flask,projectile,(none),,BaseIncendiaryProjectile,,,1.6\Defs\ThingDefs_Misc\Weapons\RangedMedievalGrenades.xml
66,Medieval Overhaul,dankpyon.medieval.overhaul,DankPyon_Bow_Hunting,hunting bow,weapon,Neolithic,,BaseWeaponNeolithic,WeaponsRanged,DankPyon_HuntingBow,1.6\Defs\ThingDefs_Misc\Weapons\RangedNeolithic.xml
66,Medieval Overhaul,dankpyon.medieval.overhaul,DankPyon_Arrow_Hunting,hunting bow arrow,projectile,(none),,BaseProjectileNeolithic,,,1.6\Defs\ThingDefs_Misc\Weapons\RangedNeolithic.xml
66,Medieval Overhaul,dankpyon.medieval.overhaul,Bow_War,war bow,weapon,Neolithic,,BaseWeaponNeolithic,WeaponsRanged,DankPyon_WarBow,1.6\Defs\ThingDefs_Misc\Weapons\RangedNeolithic.xml
66,Medieval Overhaul,dankpyon.medieval.overhaul,DankPyon_Arrow_War,war bow arrow,projectile,(none),,BaseProjectileNeolithic,,,1.6\Defs\ThingDefs_Misc\Weapons\RangedNeolithic.xml
66,Medieval Overhaul,dankpyon.medieval.overhaul,DankPyon_Plant_Mindwort,mindwort,plant,(none),,HealrootBase,Plants,,1.6\Defs\ThingDefs_Plants\Plants_Cultivated_Alchemy.xml
66,Medieval Overhaul,dankpyon.medieval.overhaul,DankPyon_Plant_Poppy,poppy,plant,(none),,HealrootBase,Plants,,1.6\Defs\ThingDefs_Plants\Plants_Cultivated_Alchemy.xml
66,Medieval Overhaul,dankpyon.medieval.overhaul,DankPyon_Plant_Fleawort,fleawort,plant,(none),,HealrootBase,Plants,,1.6\Defs\ThingDefs_Plants\Plants_Cultivated_Alchemy.xml
66,Medieval Overhaul,dankpyon.medieval.overhaul,DankPyon_Plant_FlyAgaric,fly agaric,plant,(none),,HealrootBase,Plants,,1.6\Defs\ThingDefs_Plants\Plants_Cultivated_Alchemy.xml
66,Medieval Overhaul,dankpyon.medieval.overhaul,DankPyon_Plant_Onions,onion plant,plant,(none),,PlantBase,Plants,,1.6\Defs\ThingDefs_Plants\Plants_Cultivated_Farm.xml
66,Medieval Overhaul,dankpyon.medieval.overhaul,DankPyon_Plant_Lentils,lentils plant,plant,(none),,PlantBase,Plants,,1.6\Defs\ThingDefs_Plants\Plants_Cultivated_Farm.xml
66,Medieval Overhaul,dankpyon.medieval.overhaul,DankPyon_Plant_Cabbages,cabbage plant,plant,(none),,PlantBase,Plants,,1.6\Defs\ThingDefs_Plants\Plants_Cultivated_Farm.xml
66,Medieval Overhaul,dankpyon.medieval.overhaul,DankPyon_Plant_Garlic,garlic plant,plant,(none),,PlantBase,Plants,,1.6\Defs\ThingDefs_Plants\Plants_Cultivated_Farm.xml
66,Medieval Overhaul,dankpyon.medieval.overhaul,DankPyon_Plant_Mushrooms,mushrooms,plant,(none),,CavePlantBase,Plants,,1.6\Defs\ThingDefs_Plants\Plants_Cultivated_Farm.xml
66,Medieval Overhaul,dankpyon.medieval.overhaul,DankPyon_Plant_Wheat,wheat plant,plant,(none),,PlantBase,Plants,,1.6\Defs\ThingDefs_Plants\Plants_Cultivated_Farm.xml
66,Medieval Overhaul,dankpyon.medieval.overhaul,DankPyon_Plant_Flax,flax,plant,(none),,PlantBase,Plants,,1.6\Defs\ThingDefs_Plants\Plants_Cultivated_Farm.xml
66,Medieval Overhaul,dankpyon.medieval.overhaul,DankPyon_Plant_Sugarcane,sugarcane plant,plant,(none),,PlantBase,Plants,,1.6\Defs\ThingDefs_Plants\Plants_Cultivated_Farm.xml
66,Medieval Overhaul,dankpyon.medieval.overhaul,DankPyon_Plant_Carrots,carrot plant,plant,(none),,PlantBase,Plants,,1.6\Defs\ThingDefs_Plants\Plants_Cultivated_Farm.xml
66,Medieval Overhaul,dankpyon.medieval.overhaul,DankPyon_Plant_Herb,herb plant,plant,(none),,PlantBase,Plants,,1.6\Defs\ThingDefs_Plants\Plants_Cultivated_Farm.xml
66,Medieval Overhaul,dankpyon.medieval.overhaul,DankPyon_Plant_Tomatoes,tomato plant,plant,(none),,PlantBase,Plants,,1.6\Defs\ThingDefs_Plants\Plants_Cultivated_Farm.xml
66,Medieval Overhaul,dankpyon.medieval.overhaul,DankPyon_Plant_Grape,grape plant,plant,(none),,PlantBase,Plants,,1.6\Defs\ThingDefs_Plants\Plants_Cultivated_Farm.xml
66,Medieval Overhaul,dankpyon.medieval.overhaul,DankPyon_Plant_Pumpkins,pumpkin plant,plant,(none),,PlantBase,Plants,,1.6\Defs\ThingDefs_Plants\Plants_Cultivated_Farm.xml
66,Medieval Overhaul,dankpyon.medieval.overhaul,DankPyon_Tree_Apple,apple tree,plant,(none),,TreeBase,Plants,,1.6\Defs\ThingDefs_Plants\Plants_Cultivated_Farm.xml
66,Medieval Overhaul,dankpyon.medieval.overhaul,DankPyon_Tree_Lemon,lemon tree,plant,(none),,TreeBase,Plants,,1.6\Defs\ThingDefs_Plants\Plants_Cultivated_Farm.xml
66,Medieval Overhaul,dankpyon.medieval.overhaul,DankPyon_Tree_Mulberry,mulberry tree,plant,(none),,TreeBase,Plants,,1.6\Defs\ThingDefs_Plants\Plants_Cultivated_Farm.xml
66,Medieval Overhaul,dankpyon.medieval.overhaul,DankPyon_Tree_GriffonBerry,griffon berry tree,plant,(none),,TreeBase,Plants,,1.6\Defs\ThingDefs_Plants\Plants_Cultivated_Farm.xml
66,Medieval Overhaul,dankpyon.medieval.overhaul,DankPyon_Plant_MindwortWild,wild mindwort,plant,(none),,DankPyon_MindwortBase,Plants,,1.6\Defs\ThingDefs_Plants\Plants_Wild_Alchemy.xml
66,Medieval Overhaul,dankpyon.medieval.overhaul,DankPyon_Plant_PoppyWild,wild poppy,plant,(none),,DankPyon_PoppyBase,Plants,,1.6\Defs\ThingDefs_Plants\Plants_Wild_Alchemy.xml
66,Medieval Overhaul,dankpyon.medieval.overhaul,DankPyon_Plant_FleawortWild,wild fleawort,plant,(none),,DankPyon_FleawortBase,Plants,,1.6\Defs\ThingDefs_Plants\Plants_Wild_Alchemy.xml
66,Medieval Overhaul,dankpyon.medieval.overhaul,DankPyon_Plant_FlyAgaricWild,wild fly agaric,plant,(none),,DankPyon_FlyAgaricBase,Plants,,1.6\Defs\ThingDefs_Plants\Plants_Wild_Alchemy.xml
66,Medieval Overhaul,dankpyon.medieval.overhaul,DankPyon_GreatOak,great oak,plant,(none),,TreeBase,Plants,,1.6\Defs\ThingDefs_Plants\Plants_Wild_DarkForest.xml
66,Medieval Overhaul,dankpyon.medieval.overhaul,DankPyon_GreatIter,great Iter,plant,(none),,TreeBase,Plants,,1.6\Defs\ThingDefs_Plants\Plants_Wild_DarkForest.xml
66,Medieval Overhaul,dankpyon.medieval.overhaul,DankPyon_GreatFir,great fir,plant,(none),,TreeBase,Plants,,1.6\Defs\ThingDefs_Plants\Plants_Wild_DarkForest.xml
66,Medieval Overhaul,dankpyon.medieval.overhaul,DankPyon_GreatWillow,great Willow,plant,(none),,DeciduousTreeBase,Plants,,1.6\Defs\ThingDefs_Plants\Plants_Wild_DarkForest.xml
66,Medieval Overhaul,dankpyon.medieval.overhaul,DankPyon_Alp,Alp,pawn,(none),360,AnimalThingBase,Animals,,1.6\Defs\ThingDefs_Races\Races_Alp.xml
66,Medieval Overhaul,dankpyon.medieval.overhaul,DankPyon_Hampshire,hampshire,pawn,(none),250,AnimalThingBase,Animals,,1.6\Defs\ThingDefs_Races\Races_Animal_FarmGroup.xml
66,Medieval Overhaul,dankpyon.medieval.overhaul,DankPyon_Gloucestershire,gloucestershire,pawn,(none),250,AnimalThingBase,Animals,,1.6\Defs\ThingDefs_Races\Races_Animal_FarmGroup.xml
66,Medieval Overhaul,dankpyon.medieval.overhaul,DankPyon_NorthernBoar,northern boar,pawn,(none),300,AnimalThingBase,Animals,,1.6\Defs\ThingDefs_Races\Races_Animal_FarmGroup.xml
66,Medieval Overhaul,dankpyon.medieval.overhaul,DankPyon_Ravelder,Ravelder,pawn,(none),350,AnimalThingBase,Animals,,1.6\Defs\ThingDefs_Races\Races_Animal_FarmGroup.xml
66,Medieval Overhaul,dankpyon.medieval.overhaul,DankPyon_Angus,Angus,pawn,(none),400,AnimalThingBase,Animals,,1.6\Defs\ThingDefs_Races\Races_Animal_FarmGroup.xml
66,Medieval Overhaul,dankpyon.medieval.overhaul,DankPyon_Daer,Daer,pawn,(none),4500,AnimalThingBase,Animals,,1.6\Defs\ThingDefs_Races\Races_Daer.xml
66,Medieval Overhaul,dankpyon.medieval.overhaul,DankPyon_DireBoar,dire boar,pawn,(none),650,AnimalThingBase,Animals,,1.6\Defs\ThingDefs_Races\Races_DireBoar.xml
66,Medieval Overhaul,dankpyon.medieval.overhaul,DankPyon_Direwolf,Direwolf,pawn,(none),450,AnimalThingBase,Animals,,1.6\Defs\ThingDefs_Races\Races_Direwolf.xml
66,Medieval Overhaul,dankpyon.medieval.overhaul,DankPyon_Ghoul_Stage_One,Nachzehrer,pawn,(none),360,AnimalThingBase,Animals,,1.6\Defs\ThingDefs_Races\Races_Ghoul.xml
66,Medieval Overhaul,dankpyon.medieval.overhaul,DankPyon_Ghoul_Stage_Two,Ghoul,pawn,(none),600,AnimalThingBase,Animals,,1.6\Defs\ThingDefs_Races\Races_Ghoul.xml
66,Medieval Overhaul,dankpyon.medieval.overhaul,DankPyon_Ghoul_Stage_Three,Nachzehrer,pawn,(none),950,AnimalThingBase,Animals,,1.6\Defs\ThingDefs_Races\Races_Ghoul.xml
66,Medieval Overhaul,dankpyon.medieval.overhaul,DankPyon_Golem_Iron,Iron Golem,pawn,(none),,BasePawn,,,1.6\Defs\ThingDefs_Races\Races_Golem.xml
66,Medieval Overhaul,dankpyon.medieval.overhaul,DankPyon_Golem_Gold,Golden Golem,pawn,(none),,DankPyon_BaseGolem,,,1.6\Defs\ThingDefs_Races\Races_Golem.xml
66,Medieval Overhaul,dankpyon.medieval.overhaul,DankPyon_Golem_Steel,Steel Golem,pawn,(none),,DankPyon_BaseGolem,,,1.6\Defs\ThingDefs_Races\Races_Golem.xml
66,Medieval Overhaul,dankpyon.medieval.overhaul,DankPyon_Golem_Silver,Silver Golem,pawn,(none),,DankPyon_BaseGolem,,,1.6\Defs\ThingDefs_Races\Races_Golem.xml
66,Medieval Overhaul,dankpyon.medieval.overhaul,DankPyon_Griffon,Griffon,pawn,(none),4500,AnimalThingBase,Animals,,1.6\Defs\ThingDefs_Races\Races_Gryphon.xml
66,Medieval Overhaul,dankpyon.medieval.overhaul,DankPyon_Hyena,Hyena,pawn,(none),360,AnimalThingBase,Animals,,1.6\Defs\ThingDefs_Races\Races_Hyena.xml
66,Medieval Overhaul,dankpyon.medieval.overhaul,DankPyon_Deathstinger,deathstinger,pawn,(none),150,BaseInsect,Animals,,1.6\Defs\ThingDefs_Races\Races_Insect.xml
66,Medieval Overhaul,dankpyon.medieval.overhaul,DankPyon_RusticMimic,mimic,pawn,(none),35,AnimalThingBase,Animals,,1.6\Defs\ThingDefs_Races\Races_Mimic.xml
66,Medieval Overhaul,dankpyon.medieval.overhaul,DankPyon_RoyalMimic,royal mimic,pawn,(none),,AnimalThingBase,Animals,,1.6\Defs\ThingDefs_Races\Races_Mimic.xml
66,Medieval Overhaul,dankpyon.medieval.overhaul,DankPyon_Rox,rox,pawn,(none),850,AnimalThingBase,Animals,,1.6\Defs\ThingDefs_Races\Races_Rox.xml
66,Medieval Overhaul,dankpyon.medieval.overhaul,DankPyon_Schrat,schrat,pawn,(none),,BasePawn,,,1.6\Defs\ThingDefs_Races\Races_Schrat.xml
66,Medieval Overhaul,dankpyon.medieval.overhaul,DankPyon_Schrat_Sapling,schrat sapling,pawn,(none),,BasePawn,,,1.6\Defs\ThingDefs_Races\Races_Schrat_Saproling.xml
66,Medieval Overhaul,dankpyon.medieval.overhaul,DankPyon_LargeCobraForest,large cobra,pawn,(none),350,AnimalThingBase,Animals,,1.6\Defs\ThingDefs_Races\Races_Snakes.xml
66,Medieval Overhaul,dankpyon.medieval.overhaul,DankPyon_LargeCobraCave,large cobra,pawn,(none),350,DankPyon_LargeCobraBase,Animals,,1.6\Defs\ThingDefs_Races\Races_Snakes.xml
66,Medieval Overhaul,dankpyon.medieval.overhaul,DankPyon_GiantConstrictorForest,giant constrictor,pawn,(none),3000,AnimalThingBase,Animals,,1.6\Defs\ThingDefs_Races\Races_Snakes.xml
66,Medieval Overhaul,dankpyon.medieval.overhaul,DankPyon_GiantConstrictorCave,giant cave constrictor,pawn,(none),3000,DankPyon_GiantConstrictorBase,Animals,,1.6\Defs\ThingDefs_Races\Races_Snakes.xml
66,Medieval Overhaul,dankpyon.medieval.overhaul,DankPyon_LindwurmForest,forest lindwurm,pawn,(none),7000,AnimalThingBase,Animals,,1.6\Defs\ThingDefs_Races\Races_Snakes.xml
66,Medieval Overhaul,dankpyon.medieval.overhaul,DankPyon_LindwurmCave,cave lindwurm,pawn,(none),7000,DankPyon_LindwurmBase,Animals,,1.6\Defs\ThingDefs_Races\Races_Snakes.xml
66,Medieval Overhaul,dankpyon.medieval.overhaul,DankPyon_AncientTroll,ancient troll,pawn,(none),6450,AnimalThingBase,Animals,,1.6\Defs\ThingDefs_Races\Races_Troll.xml
66,Medieval Overhaul,dankpyon.medieval.overhaul,DankPyon_Unhold,unhold,pawn,(none),2500,AnimalThingBase,Animals,,1.6\Defs\ThingDefs_Races\Races_Unhold.xml
66,Medieval Overhaul,dankpyon.medieval.overhaul,DankPyon_UnholdSnow,unhold,pawn,(none),2800,DankPyon_UnholdBase,Animals,,1.6\Defs\ThingDefs_Races\Races_Unhold.xml
66,Medieval Overhaul,dankpyon.medieval.overhaul,DankPyon_Webknecht,Webknecht,pawn,(none),475,BaseInsect,Animals,,1.6\Defs\ThingDefs_Races\Races_Webknecht.xml
68,Vanilla Cooking Expanded,vanillaexpanded.vcooke,VCE_ElectricPot,electric pot,building,(none),,BuildingBase,BuildingsProduction,VCE_SoupCooking,1.6\Defs\ThingDefs_Buildings\Buildings.xml
68,Vanilla Cooking Expanded,vanillaexpanded.vcooke,VCE_Grill,grill,building,(none),,BuildingBase,BuildingsProduction,VCE_Grilling,1.6\Defs\ThingDefs_Buildings\Buildings.xml
68,Vanilla Cooking Expanded,vanillaexpanded.vcooke,VCE_DeepFrier,deep fryer,building,(none),,BuildingBase,BuildingsProduction,VCE_DeepFrying,1.6\Defs\ThingDefs_Buildings\Buildings.xml
68,Vanilla Cooking Expanded,vanillaexpanded.vcooke,VCE_CanningMachine,canning machine,building,(none),,BuildingBase,BuildingsProduction,VCE_Canning;Electricity,1.6\Defs\ThingDefs_Buildings\Buildings.xml
68,Vanilla Cooking Expanded,vanillaexpanded.vcooke,VCE_CondimentPrepTable,condiment prep table,building,(none),,BuildingBase,BuildingsProduction,VCE_CondimentsResearch,1.6\Defs\ThingDefs_Buildings\Buildings.xml
68,Vanilla Cooking Expanded,vanillaexpanded.vcooke,VCE_CheesePress,cheese press,building,(none),,BuildingBase,BuildingsProduction,VCE_CheeseMaking,1.6\Defs\ThingDefs_Buildings\Buildings.xml
68,Vanilla Cooking Expanded,vanillaexpanded.vcooke,VCE_SimpleBake,simple bake,food/drug,(none),15,MealCooked,FoodMeals,,1.6\Defs\ThingDefs_Items\Items_Bakes.xml
68,Vanilla Cooking Expanded,vanillaexpanded.vcooke,VCE_FineBake,fine bake,food/drug,(none),20,MealCooked,FoodMeals,,1.6\Defs\ThingDefs_Items\Items_Bakes.xml
68,Vanilla Cooking Expanded,vanillaexpanded.vcooke,VCE_LavishBake,lavish bake,food/drug,(none),40,MealCooked,FoodMeals,,1.6\Defs\ThingDefs_Items\Items_Bakes.xml
68,Vanilla Cooking Expanded,vanillaexpanded.vcooke,VCE_GourmetBake,gourmet bake,food/drug,(none),70,MealCooked,FoodMeals,,1.6\Defs\ThingDefs_Items\Items_Bakes.xml
68,Vanilla Cooking Expanded,vanillaexpanded.vcooke,VCE_CannedMeat,canned meat,food/drug,(none),2.3,MealBase,MeatRaw,,1.6\Defs\ThingDefs_Items\Items_CannedFood.xml
68,Vanilla Cooking Expanded,vanillaexpanded.vcooke,VCE_CannedProduce,canned produce,food/drug,(none),1.5,MealBase,PlantFoodRaw,,1.6\Defs\ThingDefs_Items\Items_CannedFood.xml
68,Vanilla Cooking Expanded,vanillaexpanded.vcooke,VCE_CannedFruit,canned fruit,food/drug,(none),1.5,MealBase,PlantFoodRaw,,1.6\Defs\ThingDefs_Items\Items_CannedFood.xml
68,Vanilla Cooking Expanded,vanillaexpanded.vcooke,VCE_CannedAP,canned eggs,food/drug,(none),3.5,MealBase,AnimalProductRaw,,1.6\Defs\ThingDefs_Items\Items_CannedFood.xml
68,Vanilla Cooking Expanded,vanillaexpanded.vcooke,VCE_CannedFish,canned fish,food/drug,(none),2,MealBase,MeatRaw,,1.6\Defs\ThingDefs_Items\Items_CannedFood.xml
68,Vanilla Cooking Expanded,vanillaexpanded.vcooke,VCE_Cheese,cheese,food/drug,(none),10,MealBase,VCE_Cheese,,1.6\Defs\ThingDefs_Items\Items_Cheese.xml
68,Vanilla Cooking Expanded,vanillaexpanded.vcooke,VCE_AgaveNectar,agave nectar,food/drug,(none),1.32,OrganicProductBase,VCE_Condiments,,1.6\Defs\ThingDefs_Items\Items_Condiments.xml
68,Vanilla Cooking Expanded,vanillaexpanded.vcooke,VCE_RawSugar,sugar,food/drug,(none),12.1,OrganicProductBase,VCE_Condiments,,1.6\Defs\ThingDefs_Items\Items_Condiments.xml
68,Vanilla Cooking Expanded,vanillaexpanded.vcooke,VCE_RawSpices,spices,food/drug,(none),6.6,OrganicProductBase,VCE_Condiments,,1.6\Defs\ThingDefs_Items\Items_Condiments.xml
68,Vanilla Cooking Expanded,vanillaexpanded.vcooke,VCE_Salt,salt,food/drug,(none),1.76,OrganicProductBase,VCE_Condiments,,1.6\Defs\ThingDefs_Items\Items_Condiments.xml
68,Vanilla Cooking Expanded,vanillaexpanded.vcooke,VCE_Mayo,mayo,food/drug,(none),3.85,OrganicProductBase,VCE_Condiments,,1.6\Defs\ThingDefs_Items\Items_Condiments.xml
68,Vanilla Cooking Expanded,vanillaexpanded.vcooke,VCE_InsectJellyPreserves,insect jelly preserves,food/drug,(none),8.8,OrganicProductBase,VCE_Condiments,,1.6\Defs\ThingDefs_Items\Items_Condiments.xml
68,Vanilla Cooking Expanded,vanillaexpanded.vcooke,VCE_SmokeleafButter,smokeleaf butter,food/drug,(none),7,OrganicProductBase,VCE_Condiments,,1.6\Defs\ThingDefs_Items\Items_Condiments.xml
68,Vanilla Cooking Expanded,vanillaexpanded.vcooke,VCE_ChocolateSyrup,chocolate syrup,food/drug,(none),3.3,OrganicProductBase,VCE_Condiments,,1.6\Defs\ThingDefs_Items\Items_Condiments.xml
68,Vanilla Cooking Expanded,vanillaexpanded.vcooke,VCE_DigestibleResurrectorNanites,digestible resurrector nanites,food/drug,Archotech,1500,VCE_CondimentArtifactBase,VCE_Condiments,,1.6\Defs\ThingDefs_Items\Items_Condiments.xml
68,Vanilla Cooking Expanded,vanillaexpanded.vcooke,VCE_DeepFriedBigMeat,deep fried meat,food/drug,(none),7,MealBase,Foods,,1.6\Defs\ThingDefs_Items\Items_DeepFried.xml
68,Vanilla Cooking Expanded,vanillaexpanded.vcooke,VCE_DeepFriedVegetables,deep fried vegetables,food/drug,(none),7,MealBase,Foods,,1.6\Defs\ThingDefs_Items\Items_DeepFried.xml
68,Vanilla Cooking Expanded,vanillaexpanded.vcooke,VCE_DeepFriedFish,deep fried fish,food/drug,(none),7,MealBase,Foods,,1.6\Defs\ThingDefs_Items\Items_DeepFried.xml
68,Vanilla Cooking Expanded,vanillaexpanded.vcooke,VCE_SimpleDessert,simple dessert,food/drug,(none),15,ResourceBase,FoodMeals,,1.6\Defs\ThingDefs_Items\Items_Desserts.xml
68,Vanilla Cooking Expanded,vanillaexpanded.vcooke,VCE_FineDessert,fine dessert,food/drug,(none),20,ResourceBase,FoodMeals,,1.6\Defs\ThingDefs_Items\Items_Desserts.xml
68,Vanilla Cooking Expanded,vanillaexpanded.vcooke,VCE_LavishDessert,lavish dessert,food/drug,(none),40,ResourceBase,FoodMeals,,1.6\Defs\ThingDefs_Items\Items_Desserts.xml
68,Vanilla Cooking Expanded,vanillaexpanded.vcooke,VCE_GourmetDessert,gourmet dessert,food/drug,(none),75,ResourceBase,FoodMeals,,1.6\Defs\ThingDefs_Items\Items_Desserts.xml
68,Vanilla Cooking Expanded,vanillaexpanded.vcooke,VCE_MealGourmet,gourmet meal,food/drug,(none),70,MealCooked,FoodMeals,,1.6\Defs\ThingDefs_Items\Items_Food.xml
68,Vanilla Cooking Expanded,vanillaexpanded.vcooke,VCE_SimpleGrill,simple grill,food/drug,(none),15,MealCooked,FoodMeals,,1.6\Defs\ThingDefs_Items\Items_Grills.xml
68,Vanilla Cooking Expanded,vanillaexpanded.vcooke,VCE_RuinedSimpleGrill,ruined simple grill,food/drug,(none),14,MealCooked,FoodMeals,,1.6\Defs\ThingDefs_Items\Items_Grills.xml
68,Vanilla Cooking Expanded,vanillaexpanded.vcooke,VCE_FineGrill,fine grill,food/drug,(none),20,MealCooked,FoodMeals,,1.6\Defs\ThingDefs_Items\Items_Grills.xml
68,Vanilla Cooking Expanded,vanillaexpanded.vcooke,VCE_RuinedFineGrill,ruined fine grill,food/drug,(none),18,MealCooked,FoodMeals,,1.6\Defs\ThingDefs_Items\Items_Grills.xml
68,Vanilla Cooking Expanded,vanillaexpanded.vcooke,VCE_LavishGrill,lavish grill,food/drug,(none),40,MealCooked,FoodMeals,,1.6\Defs\ThingDefs_Items\Items_Grills.xml
68,Vanilla Cooking Expanded,vanillaexpanded.vcooke,VCE_RuinedLavishGrill,ruined lavish grill,food/drug,(none),35,MealCooked,FoodMeals,,1.6\Defs\ThingDefs_Items\Items_Grills.xml
68,Vanilla Cooking Expanded,vanillaexpanded.vcooke,VCE_GourmetGrill,gourmet grill,food/drug,(none),75,MealCooked,FoodMeals,,1.6\Defs\ThingDefs_Items\Items_Grills.xml
68,Vanilla Cooking Expanded,vanillaexpanded.vcooke,VCE_RuinedGourmetGrill,ruined gourmet grill,food/drug,(none),60,MealCooked,FoodMeals,,1.6\Defs\ThingDefs_Items\Items_Grills.xml
68,Vanilla Cooking Expanded,vanillaexpanded.vcooke,VCE_Flour,flour,food/drug,(none),1.9,RoughPlantBase,PlantMatter,,1.6\Defs\ThingDefs_Items\Items_RawPlant.xml
68,Vanilla Cooking Expanded,vanillaexpanded.vcooke,VCE_UncookedSoupSimple,uncooked simple soup,food/drug,(none),96.8,RoughPlantBase,VCE_UncookedSoups,,1.6\Defs\ThingDefs_Items\Items_Soups.xml
68,Vanilla Cooking Expanded,vanillaexpanded.vcooke,VCE_CookedSoupSimple,simple soup,food/drug,(none),12,MealCooked,FoodMeals,,1.6\Defs\ThingDefs_Items\Items_Soups.xml
68,Vanilla Cooking Expanded,vanillaexpanded.vcooke,VCE_UncookedSoupFine,uncooked fine soup,food/drug,(none),136.4,RoughPlantBase,VCE_UncookedSoups,,1.6\Defs\ThingDefs_Items\Items_Soups.xml
68,Vanilla Cooking Expanded,vanillaexpanded.vcooke,VCE_CookedSoupFine,fine soup,food/drug,(none),20,MealCooked,FoodMeals,,1.6\Defs\ThingDefs_Items\Items_Soups.xml
68,Vanilla Cooking Expanded,vanillaexpanded.vcooke,VCE_UncookedSoupLavish,uncooked lavish soup,food/drug,(none),272.8,RoughPlantBase,VCE_UncookedSoups,,1.6\Defs\ThingDefs_Items\Items_Soups.xml
68,Vanilla Cooking Expanded,vanillaexpanded.vcooke,VCE_CookedSoupLavish,lavish soup,food/drug,(none),40,MealCooked,FoodMeals,,1.6\Defs\ThingDefs_Items\Items_Soups.xml
68,Vanilla Cooking Expanded,vanillaexpanded.vcooke,VCE_UncookedSoupGourmet,uncooked gourmet soup,food/drug,(none),443.85,RoughPlantBase,VCE_UncookedSoups,,1.6\Defs\ThingDefs_Items\Items_Soups.xml
68,Vanilla Cooking Expanded,vanillaexpanded.vcooke,VCE_CookedSoupGourmet,gourmet soup,food/drug,(none),70,MealCooked,FoodMeals,,1.6\Defs\ThingDefs_Items\Items_Soups.xml
68,Vanilla Cooking Expanded,vanillaexpanded.vcooke,VCE_Sugarcane,sugarcane plant,plant,(none),,PlantBase,Plants,,1.6\Defs\ThingDefs_Plants\Plants_Cultivated_Farm.xml
68,Vanilla Cooking Expanded,vanillaexpanded.vcooke,VCE_Allspice,allspice plant,plant,(none),,PlantBase,Plants,,1.6\Defs\ThingDefs_Plants\Plants_Cultivated_Farm.xml
68,Vanilla Cooking Expanded,vanillaexpanded.vcooke,VCE_Wheat,wheat plant,plant,(none),,PlantBase,Plants,,1.6\Defs\ThingDefs_Plants\Plants_Cultivated_Farm.xml
69,Vanilla Cooking Expanded - Stews,vanillaexpanded.vcookestews,VCE_StewPot,stew pot,building,(none),,BuildingBase,,VCE_StewCooking,1.6\Defs\ThingDefs_Buildings\Buildings.xml
69,Vanilla Cooking Expanded - Stews,vanillaexpanded.vcookestews,VCE_UncookedStewSimple,uncooked simple stew,food/drug,(none),108.9,RoughPlantBase,VCE_UncookedStews,,1.6\Defs\ThingDefs_Items\Items_Stews.xml
69,Vanilla Cooking Expanded - Stews,vanillaexpanded.vcookestews,VCE_CookedStewSimple,simple stew,food/drug,(none),14,MealCooked,FoodMeals,,1.6\Defs\ThingDefs_Items\Items_Stews.xml
69,Vanilla Cooking Expanded - Stews,vanillaexpanded.vcookestews,VCE_UncookedStewFine,uncooked fine stew,food/drug,(none),153.45,RoughPlantBase,VCE_UncookedStews,,1.6\Defs\ThingDefs_Items\Items_Stews.xml
69,Vanilla Cooking Expanded - Stews,vanillaexpanded.vcookestews,VCE_CookedStewFine,fine stew,food/drug,(none),18,MealCooked,FoodMeals,,1.6\Defs\ThingDefs_Items\Items_Stews.xml
69,Vanilla Cooking Expanded - Stews,vanillaexpanded.vcookestews,VCE_UncookedStewLavish,uncooked lavish stew,food/drug,(none),306.9,RoughPlantBase,VCE_UncookedStews,,1.6\Defs\ThingDefs_Items\Items_Stews.xml
69,Vanilla Cooking Expanded - Stews,vanillaexpanded.vcookestews,VCE_CookedStewLavish,lavish stew,food/drug,(none),38,MealCooked,FoodMeals,,1.6\Defs\ThingDefs_Items\Items_Stews.xml
